author,school
朱枫,中国科学院沈阳自动化研究所
谈大龙,中国科学院机器人学开放研究实验室 沈阳110016
朱庆保,南京师范大学计算机科学系 南京210097
王常武,燕山大学信息科学与工程学院
孔令富,燕山大学信息科学与工程学院
韩佩富,燕山大学信息科学与工程学院
赵立强,燕山大学信息科学与工程学院
刘克胜,中国科技大学计算机系
张军,中国科技大学计算机系
曹先彬,中国科技大学计算机系
王煦法,中国科技大学计算机系
刘永红,石油大学机电工程系
李庆云,石油大学机电工程系
杨毅,石油大学机电工程系
孙羽,湛江海洋大学工程学院计算机系
张英夫,湛江海洋大学工程学院计算机系
张汝波,湛江海洋大学工程学院计算机系
张军宇,清华大学计算机科学与技术系智能技术与系统国家重点实验室
何克忠,清华大学计算机科学与技术系智能技术与系统国家重点实验室
刘珑龙,青岛海洋大学数学系
钟碧良,广东工业大学自动化研究所
陈承志,广东工业大学自动化研究所
杨宜民,广东工业大学自动化研究所
刘振宇,沈阳自动化所新松公司技术开发部
徐方,沈阳自动化所新松公司技术开发部 沈阳110016
洪炳熔,哈尔滨工业大学计算机系智能机器人研究室
薄喜柱,哈尔滨工业大学计算机系智能机器人研究室
韩学东,哈尔滨工业大学计算机系智能机器人研究室
温旭,清华大学自动化系
姜巍,清华大学自动化系
张金生,清华大学自动化系
石宗英,清华大学自动化系
钟宜生,清华大学自动化系
杜继宏,清华大学自动化系
徐文立,清华大学自动化系
王晓春,沈阳大学信息学院
刘天惠,沈阳大学信息学院
董立菊,沈阳大学信息学院
徐继镶,沈阳大学信息学院
马宏鹏,南开大学机器人与信息自动化研究所
翁春华,南开大学机器人与信息自动化研究所
张蕾,南开大学机器人与信息自动化研究所
赵新,南开大学机器人与信息自动化研究所
刘景泰,南开大学机器人与信息自动化研究所
卢桂章,南开大学机器人与信息自动化研究所
戴开宇,上海交通大学计算机集成技术开放实验室
张申生,上海交通大学计算机集成技术开放实验室
王淼,上海交通大学计算机集成技术开放实验室
杨玉君,上海交通大学信息存储研究中心
陈佳品,上海交通大学信息存储研究中心
程君实,上海交通大学信息存储研究中心
李小海,上海交通大学信息存储研究中心
朱永光,清华大学自动化系
孙政顺,清华大学自动化系
赵南元,清华大学自动化系
曹彤,北京科技大学机械工程学院
员超,北京航空航天大学机器人所
孙杏初,北京航空航天大学机器人所 北京100083
彭刚,华中科技大学控制科学与工程系
黄心汉,华中科技大学控制科学与工程系
蒋毅,华中科技大学控制科学与工程系
高志军,上海交通大学电子信息学院820研究所
颜国正,上海交通大学电子信息学院820研究所
丁国清,上海交通大学电子信息学院820研究所
颜德田,上海交通大学电子信息学院820研究所
张伟,清华大学自动化系
杜继宏,清华大学自动化系 北京100084
兰丽,清华大学智能技术与系统国家重点实验室
赵清杰,清华大学智能技术与系统国家重点实验室
孙增圻,清华大学智能技术与系统国家重点实验室
蒋金鹏,上海交通大学电子信息学院820所
颜国正,上海交通大学电子信息学院820所
丁国清,上海交通大学电子信息学院820所
王宏杰,上海交通大学电子信息学院820所
王于,上海交通大学电子信息学院820所
王志武,上海交通大学电子信息学院820所
吴文清,天津大学理学院
刘嘉焜,天津职业技术师范学院自动化系 天津300072
崔世钢,天津300222
范红,上海海运学院
蒋静坪,浙江大学电气工程学院 上海200135
宋宜斌,烟台大学计算机学院
王培进,烟台大学计算机学院
李凯里,烟台大学计算机学院
沈进棋,浙江大学电气工程学院
诸静,浙江大学电气工程学院 杭州310027
王世军,西安理工大学机械与精密仪器学院
黄玉美,西安理工大学机械与精密仪器学院 西安710048
李桂芝,北京科技大学信息学院
陈细军,北京科技大学信息学院
杨国胜,北京科技大学信息学院
谭民,北京科技大学信息学院
涂序彦,北京科技大学信息学院
乔凤斌,上海交通大学机器人研究所
杨汝清,上海交通大学机器人研究所 上海200030
甘贤海,上海交通大学电子信息与电气工程学院
丁国清,上海交通大学电子信息与电气工程学院 上海200030
汤琼,浙江工业大学信息工程学院
杨东勇,浙江工业大学信息工程学院 杭州310014
刘佳新,燕山大学网络中心
王玉琨,河北省工程咨询研究院
王新生,燕山大学计算机系 河北秦皇岛066004
吴山东,上海大学计算机工程与科学学院
陈一民,上海大学计算机工程与科学学院
何永义,上海大学计算机工程与科学学院
陈宁,华中科技大学控制科学与工程系复杂与非线性系统中心
王永骥,华中科技大学控制科学与工程系复杂与非线性系统中心
程磊,华中科技大学控制科学与工程系复杂与非线性系统中心
史胜利,哈尔滨工程大学
孟庆鑫,深圳大学
阮双琛,深圳大学 哈尔滨150001
郭小勤,深圳518060
王东署,东北大学人工智能与机器人研究所
张志佳,中国科学院沈阳自动化研究所
史泽林,中国科学院沈阳自动化研究所 沈阳110004
谢云,广东工业大学自动化学院
杨宜民,广东工业大学自动化学院 广州510090
张永谦,中国科学院自动化研究所
王挺,中国科学院沈阳自动化研究所
安成万,中国科学院自动化研究所 北京100080装甲兵工程学院控制工程系
谭民,北京100072
刘海波,哈尔滨工程大学计算机科学与技术学院
顾国昌,哈尔滨工程大学计算机科学与技术学院
沈晶,哈尔滨工程大学计算机科学与技术学院
熊震宇,南昌航空工业学院材料科学与工程系
陈焕明,南昌航空工业学院材料科学与工程系
葛杨,南昌航空工业学院材料科学与工程系
迟健男,东北大学人工智能与机器人研究所
徐心和,东北大学人工智能与机器人研究所
周庆瑞,中国科学院自动化研究所高技术创新中心
原魁,中国科学院自动化研究所高技术创新中心
刘俊承,中国科学院自动化研究所高技术创新中心
王璐,中南大学信息科学与工程学院智能所
崔益安,中南大学信息科学与工程学院智能所 长沙410083
苏虹,中原工学院计算机系
蔡自兴,郑州450007
唐琎,中南大学信息科学与工程学院
白涛,Department of Electrical & Computer Engineering
蔡自兴,Dalhousie University
汤志彦,复旦大学计算机科学与工程系
冯哲,复旦大学计算机科学与工程系 上海200433
王卫,中国科学技术大学电子工程于信息科学系
陈继荣,中国科学技术大学电子工程于信息科学系
徐璟业,中国科学技术大学电子工程于信息科学系
蒋治华,中国科学技术大学电子工程于信息科学系
李晓丽,西安理工大学机械与精密仪器学院
谢敬,西安理工大学机械与精密仪器学院
傅卫平,西安理工大学机械与精密仪器学院
杨静,西安理工大学机械与精密仪器学院
王卫,中国科学技术大学电子工程与信息科学系
陈继荣,中国科学技术大学电子工程与信息科学系
徐璟业,中国科学技术大学电子工程与信息科学系
史豪斌,西北工业大学计算机学院
李伟华,西北工业大学计算机学院
王涤飞,西北工业大学计算机学院
严建峰,西北工业大学计算机学院
李枚毅,中南大学信息科学与工程学院
蔡自兴,中南大学信息科学与工程学院 长沙410083
王仲民,河北工业大学机械工程学院
岳宏,天津职业技术师范学院机械工程系 天津300130天津职业技术师范学院机械工程系
刘继岩,天津300222
朱皖,中南大学信息科学与工程学院 长沙410083国防科大信息与通信工程博士后流动站湘计算机工作站
陈玥,长沙410007
张闻捷,长沙410083
任燚,中国科学技术大学自动化系
陈宗海,中国科学技术大学自动化系 合肥230026
张祺,广东工业大学自动化学院
杨宜民,华南师范大学计算机学院 广州510090
陈红英,广州510630
彭金柱,湖南大学电气与信息工程学院
王耀南,湖南大学电气与信息工程学院
孙炜,湖南大学电气与信息工程学院
张美玉,华南理工大学数学科学院
黄翰,华南理工大学数学科学院
郝志峰,华南理工大学数学科学院
杨晓伟,华南理工大学数学科学院
王辉,中国科学院自动化研究所
邹伟,中国科学院自动化研究所
郑睿,中国科学院自动化研究所
屈彦呈,哈尔滨工业大学空间控制与惯性技术研究中心
黄亨俊,哈尔滨工业大学空间控制与惯性技术研究中心
王常虹,哈尔滨工业大学空间控制与惯性技术研究中心
周浦城,哈尔滨工业大学计算机科学与工程系
洪炳镕,哈尔滨工业大学计算机科学与工程系
郭耸,哈尔滨工业大学计算机科学与工程系
廖明,解放军理工大学工程兵学院
刘安心,解放军理工大学工程兵学院
张金林,解放军理工大学工程兵学院
芮挺,解放军理工大学工程兵学院
方虎生,解放军理工大学工程兵学院
王海峰,清华大学电机系电工新技术研究所
陆文娟,清华大学电机系电工新技术研究所
冯川,清华大学电机系电工新技术研究所
冯延蓬,中国科学技术大学计算机系
陈小平,中国科学技术大学计算机系 合肥230027
邢笑笑,清华大学自动化系
熊举峰,湖南师范大学物理与信息科学学院
谭冠政,中南大学信息科学与工程学院
盘辉,湖南师范大学物理与信息科学学院 长沙410081中南大学信息科学与工程学院长沙410083
孔凡天,华中科技大学国家数控系统工程技术研究中心
陈幼平,华中科技大学国家数控系统工程技术研究中心
谢经明,华中科技大学国家数控系统工程技术研究中心
张冈,华中科技大学国家数控系统工程技术研究中心
周祖德,华中科技大学国家数控系统工程技术研究中心
段清娟,西北工业大学
王润孝,西北工业大学
冯华山,西北工业大学
王立刚,西北工业大学
潘炼东,华中科技大学控制科学与工程系
黄心汉,华中科技大学控制科学与工程系 武汉430074
彭一准,中国科学院自动化研究所
原魁,中国科学院自动化研究所
谢雅,中南大学信息科学与工程学院
彭军,中南大学信息科学与工程学院
吴敏,中南大学信息科学与工程学院
肖海荣,山东交通学院信息工程系
周风余,山东大学控制学院
宋洪军,山东交通学院信息工程系 济南250023
刘文江,济南250061
高健,华中科技大学控制科学与工程系
王云刚,中国科学技术大学电子工程与信息科学系
陈保林,中国科学技术大学电子工程与信息科学系
符秀辉,中国科学院沈阳自动化研究所
化建宁,中国科学院沈阳自动化研究所 沈阳110015 沈阳化工学院
郑伟,沈阳110142 中国科学院研究生院
王越超,北京100081
胡庭波,国防科技大学机电工程与自动化学院
吴涛,国防科技大学机电工程与自动化学院
贺汉根,国防科技大学机电工程与自动化学院
慕延华,北京科技大学信息工程学院
尹怡欣,北京科技大学信息工程学院
涂序彦,北京科技大学信息工程学院
孙铁强,北京科技大学信息工程学院
周郭许,华南理工大学数学科学学院
唐西林,华南理工大学数学科学学院 广州510640
王俭,苏州科技学院电子与信息工程系
赵鹤鸣,苏州大学电子信息学院
肖金球,苏州科技学院电子与信息工程系 苏州215011
罗沛,华南理工大学自动化科学与工程学院
裴海龙,华南理工大学自动化科学与工程学院 广州510641
黄炳强,上海交通大学自动化系
曹广益,上海交通大学自动化系 上海200030
芮素波,江苏科技大学电子信息学院
曾庆军,江苏科技大学电子信息学院 江苏镇江212003
江美青,西北工业大学计算机学院
李孝安,西北工业大学计算机学院
谭然,西北工业大学计算机学院
肖乐,南京工业大学机械与动力工程学院
殷晨波,南京工业大学机械与动力工程学院
杨敏,南京工业大学机械与动力工程学院
张伯泉,广东工业大学自动化学院
于莲芝,上海交通大学电子信息学院820所
颜国正,上海交通大学电子信息学院820所 上海200240 上海理工大学光学与电子信息学院
王东署,郑州大学电气工程学院
张志佳,沈阳工业大学信息工程学院 郑州450001
袁杨,复旦大学电子工程系智能控制实验室
陈雄,复旦大学电子工程系智能控制实验室 上海200433
窦宏全,中南大学信息科学与工程学院 长沙410081 中南大学信息科学与工程学院
魏佩敏,绍兴文理学院工学院 浙江绍兴312000
周景雷,山东科技大学信息与电气工程学院
张维海,山东科技大学信息与电气工程学院 山东青岛266510
赵杰,哈尔滨工业大学机器人研究所
姜健,哈尔滨工业大学机器人研究所
臧希喆,哈尔滨工业大学机器人研究所
唐国新,复旦大学信息学院
陈雄,复旦大学信息学院
袁杨,复旦大学信息学院
焦立男,南京理工大学计算机科学与技术学院模式识别与机器智能研究所
唐振民,南京理工大学计算机科学与技术学院模式识别与机器智能研究所 南京210094
彭日亮,广东工业大学自动化学院
杨宜民,广东工业大学自动化学院
王赟,广东工业大学自动化学院
成伟明,南京理工大学计算机科学与技术系
唐振民,南京理工大学计算机科学与技术系
赵春霞,南京理工大学计算机科学与技术系
张晓晖,西安理工大学自动化与信息工程学院
刘丁,西安理工大学自动化与信息工程学院 西安710048
秦政,哈尔滨工程大学自动化学院
丁福光,哈尔滨工程大学自动化学院
边信黔,哈尔滨工程大学自动化学院
李全民,山东建筑大学信息与电气工程学院
张运楚,山东建筑大学信息与电气工程学院
李俊策,山东建筑大学信息与电气工程学院
闫继宏,哈尔滨工业大学机器人研究所
孙亮,北京工业大学人工智能与机器人研究所
常青,北京工业大学人工智能与机器人研究所
阮晓钢,北京工业大学人工智能与机器人研究所
段清娟,西安电子科技大学
丁良宏,西北工业大学 西安710072
赵飞,燕山大学信息科学与工程学院
赵逢达,燕山大学信息科学与工程学院
金雷泽,中国科学院沈阳自动化研究所
杜振军,中国科学院沈阳自动化研究所 沈阳110016
贾凯,中国科学院研究生院
范红,上海海事大学物流工程学院电气自动化系
黄洪琼,上海海事大学信息工程学院 上海200135
宋洪军,山东大学控制学院
李贻斌,山东大学控制学院
贾磊,山东大学控制学院
周彤,哈尔滨工业大学计算机科学与技术学院
洪炳镕,哈尔滨工业大学计算机科学与技术学院
朴松昊,哈尔滨工业大学计算机科学与技术学院
周洪玉,哈尔滨工业大学计算机科学与技术学院
郭利进,天津大学电气与自动化工程学院
王化祥,天津大学电气与自动化工程学院
孟庆浩,天津大学电气与自动化工程学院
邱亚男,天津大学电气与自动化工程学院
肖本贤,合肥工业大学自动化研究所
余炎峰,合肥工业大学自动化研究所
余雷,合肥工业大学自动化研究所
陈昊,合肥工业大学自动化研究所
皮剑,湖南师范大学物理与信息科学学院 长沙410081中南大学信息科学与工程学院
国海涛,南京师范大学数学与计算机科学学院
朱庆保,南京师范大学数学与计算机科学学院
司应涛,南京师范大学数学与计算机科学学院
张彦,中国科学技术大学自动化系
关胜晓,中国科学技术大学自动化系 合肥230027
郭剑辉,南京理工大学计算机学院
赵春霞,南京理工大学计算机学院 南京210094
石杏喜,南京210094南京理工大学理学院
吴笛飞,东华大学信息科学与技术学院
丁永生,东华大学信息科学与技术学院
郝矿荣,东华大学信息科学与技术学院
张淑平,东华大学信息科学与技术学院
杨世强,西安理工大学机械与精密仪器工程学院
傅卫平,西安理工大学机械与精密仪器工程学院
王红涛,西安理工大学机械与精密仪器工程学院
李响,中国科学院沈阳自动化研究所机器人学重点实验室
王越超,中国科学院沈阳自动化研究所机器人学重点实验室 沈阳100016 中国科学院研究生院
陈世明,华东交通大学电气与电子工程学院 南昌330013
司应涛,南京师范大学计算机系
朱庆保,南京师范大学计算机系
国海涛,南京师范大学计算机系
绳涛,国防科技大学机器人实验室
王剑,国防科技大学机器人实验室
马宏绪,国防科技大学机器人实验室
任志斌,江西理工大学机电工程学院
阮毅,上海大学机电工程与自动化学院 江西赣州341000
宗晓萍,河北大学电子信息工程学院
石圣羽,河北大学电子信息工程学院
田华,河北大学电子信息工程学院
蔡广宇,华中科技大学机械学院
崔士林,南阳理工学院
吴昌林,华中科技大学机械学院 武汉430074 南阳理工学院
刘金科,燕山大学信息科学与工程学院
郭希娟,燕山大学信息科学与工程学院
刘爽,燕山大学信息科学与工程学院
史国振,北京邮电大学计算机科学与技术学院
孙汉旭,北京邮电大学自动化学院
贾庆轩,北京邮电大学自动化学院 北京100876北京电子科技学院电子信息工程系
张延恒,北京100070
黎萍,广东工业大学自动化学院
张立勋,哈尔滨工程大学机电工程学院
卜迟武,哈尔滨工程大学机电工程学院 哈尔滨150001
杨放琼,中南大学机电工程学院
谭青,中南大学机电工程学院
彭高明,中南大学机电工程学院
孔令富,燕山大学信息科学与工程学院 河北秦皇岛066004
邵桂芳,厦门大学模式识别与智能系统研究所
李祖枢,重庆工学院人工智能系统研究所
于芳,重庆工学院人工智能系统研究所 福建厦门361005重庆工学院人工智能系统研究所
杨唐文,北京交通大学计算机与信息技术学院
韩建达,中国科学院沈阳自动化研究所机器人学国家重点实验室
KUHNERT K D,德国锡根大学电气与计算机科学系
刘俊承,华北电力大学自动化系
王淼鑫,华北电力大学自动化系
张捍东,安徽工业大学电气信息学院
吴玉秀,安徽工业大学电气信息学院
岑豫皖,安徽工业大学电气信息学院
谭冠政,湖南师范大学物理与信息科学学院
皮剑,湖南师范大学物理与信息科学学院
李荣华,大连理工大学精密与特种加工教育部重点实验室
褚金奎,大连理工大学精密与特种加工教育部重点实验室
李庆瀛,大连理工大学精密与特种加工教育部重点实验室
王洪青,大连理工大学精密与特种加工教育部重点实验室
聂黎明,广西民族大学数学与计算机科学学院
周永权,广西民族大学数学与计算机科学学院
张学习,广东工业大学自动化学院
何启承,广东工业大学自动化学院
张鹏飞,西安理工大学机械与精密仪器工程学院
李东洁,哈尔滨理工大学自动化学院
尤波,哈尔滨理工大学自动化学院
王宝刚,哈尔滨理工大学自动化学院
王俭,苏州科技大学电子与信息工程学院
许波,湖南大学计算机与通信学院
李智勇,湖南大学计算机与通信学院
王永,湖南大学计算机与通信学院
朱从民,西安理工大学机械与精密仪器工程学院
黄玉美,西安理工大学机械与精密仪器工程学院
上官望义,西安理工大学机械与精密仪器工程学院
石杏喜,南京理工大学
赵春霞,南京理工大学
郭剑辉,南京理工大学
程思微,国防科技大学机器人实验室
梁明,江苏食品职业技术学院
徐守江,江苏食品职业技术学院
叶晔,安徽工业大学机械工程学院
岑豫皖,安徽工业大学机械工程学院
谢能刚,安徽工业大学机械工程学院
万树平,江西财经大学信息管理学院
刘毅华,浙江大学宁波理工学院
褚如元,镇海炼油化工股份有限公司下属检修安装公司
晏鹏宇,西北工业大学管理学院
车阿大,西北工业大学管理学院
杨乃定,西北工业大学管理学院
钟娜,西北工业大学管理学院
张兆印,黑龙江大学计算机科学技术学院
包芳,江南大学信息工程学院
潘永惠,江南大学信息工程学院
须文波,江南大学信息工程学院
陈志国,江南大学信息工程学院
陈建荣,广西民族大学数学与计算机科学学院
石守东,西北工业大学航海学院
徐德民,西北工业大学航海学院
赵立兴,燕山大学西校区电院工业计算机控制工程河北省重点实验室
王双霞,燕山大学西校区电院工业计算机控制工程河北省重点实验室
王洪瑞,燕山大学西校区电院工业计算机控制工程河北省重点实验室
李华忠,深圳信息职业技术学院软件工程系
游维,湘潭大学信息工程学院
李枚毅,湘潭大学信息工程学院
吴琼,湘潭大学信息工程学院
胡剑,湘潭大学信息工程学院
王杰,郑州大学电气工程学院
周永年,郑州大学电气工程学院
刘金锋,郑州大学电气工程学院
李响,中科院沈阳自动化研究所机器人学国家重点实验室
王越超,中国科学院研究生院
陈建平,广东工业大学自动化学院
杨宜民,肇庆学院计算机科学与软件学院
陈应松,成都电子机械高等专科学校机电系
肖世德,成都电子机械高等专科学校机电系
王文玺,成都电子机械高等专科学校机电系
林静,成都电子机械高等专科学校机电系
张卫华,成都电子机械高等专科学校机电系
罗三定,中南大学信息科学与工程学院
刘薇,中南大学信息科学与工程学院
袁铸,河南科技大学电子信息工程学院
阎保定,河南科技大学电子信息工程学院
梁丁宏,西安理工大学机械与精密仪器工程学院
张彤,华南理工大学计算机科学与工程学院
肖南峰,广东警官学院计算机系
段爱玲,河南工业大学信息科学与工程学院
邓高峰,河南工业大学信息科学与工程学院
张雪萍,河南工业大学信息科学与工程学院
刘彦萍,河南工业大学信息科学与工程学院
王家耀,河南工业大学信息科学与工程学院
张磊,哈尔滨工程大学船舶工程学院
万磊,哈尔滨工程大学船舶工程学院
李晔,哈尔滨工程大学船舶工程学院
姚志广,哈尔滨工程大学船舶工程学院
付浩,国防科技大学机电工程与自动化学院
张辉,国防科技大学机电工程与自动化学院
安向京,国防科技大学机电工程与自动化学院
陈卫东,燕山大学信息学院
李宝霞,燕山大学信息学院
朱奇光,燕山大学信息学院
傅瑶,合肥工业大学电气学院自动化系
张崇巍,合肥工业大学电气学院自动化系
鲍伟,合肥工业大学电气学院自动化系
徐玉华,合肥工业大学电气学院自动化系
汪木兰,合肥工业大学电气学院自动化系
刘松,四川大学计算机学院
李志蜀,四川大学计算机学院
李奇,四川大学计算机学院
杨惠,长沙理工大学计算机与通信工程学院
李峰,长沙理工大学计算机与通信工程学院
刘成军,重庆大学智能自动化研究所
李祖枢,重庆大学智能自动化研究所
薛方正,重庆大学智能自动化研究所
王作为,哈尔滨工程大学计算机科学与技术学院
张汝波,哈尔滨工程大学计算机科学与技术学院
蔡广宇,南阳理工学院
芮挺,解放军理工大学工程兵工程学院
朱经纬,解放军理工大学工程兵工程学院
蒋新胜,解放军理工大学工程兵工程学院
廖明,解放军理工大学工程兵工程学院
肖乐,常熟理工学院计算机科学与工程学院
李明杰,常熟理工学院计算机科学与工程学院
潘欣裕,苏州科技学院电子与信息工程学院
公维理,苏州科技学院电子与信息工程学院
王俭,苏州科技学院电子与信息工程学院
赵鹤鸣,苏州科技学院电子与信息工程学院
朱群峰,邵阳学院电气工程系
宋亚男,邵阳学院电气工程系
杨宜民,邵阳学院电气工程系
徐荣华,邵阳学院电气工程系
曹有辉,装甲兵工程学院机械工程系
王良曦,装甲兵工程学院机械工程系
姜永成,北京航空航天大学机械工程与自动化学院
周正干,北京航空航天大学机械工程与自动化学院
任福君,北京航空航天大学机械工程与自动化学院
王殿君,北京航空航天大学机械工程与自动化学院
倪鹏,北京航空航天大学机械工程与自动化学院
冯玉东,燕山大学西校区电院工业计算机控制工程河北省重点实验室
刘秀玲,燕山大学西校区电院工业计算机控制工程河北省重点实验室
冯展芳,燕山大学西校区电院工业计算机控制工程河北省重点实验室
郝晓弘,兰州理工大学电气工程与信息工程学院
刘晓鹏,兰州理工大学电气工程与信息工程学院
岳和平,兰州理工大学电气工程与信息工程学院
张帆,兰州理工大学电气工程与信息工程学院
刘振宇,沈阳工业大学信息科学与工程学院
姜楠,沈阳工业大学信息科学与工程学院
张令涛,沈阳工业大学信息科学与工程学院
张万绪,西北大学信息科学与技术学院
张建斌,西北大学信息科学与技术学院
张远,西北大学信息科学与技术学院
张海霞,湖南大学电气与信息工程学院
缪思怡,湖南大学电气与信息工程学院
雷艳敏,哈尔滨工程大学自动化学院
朱齐丹,长春大学电子信息工程学院
冯志彬,空军航空大学航空救生系
罗钧,重庆大学光电技术及系统教育部重点实验室
李锐,重庆大学光电技术及系统教育部重点实验室
樊鹏程,重庆大学光电技术及系统教育部重点实验室
钱厚亮,南京工业大学自动化学院
梅雪,南京工业大学自动化学院
林锦国,南京工业大学自动化学院
宋银灏,南开大学信息技术科学学院
安刚,南开大学信息技术科学学院
张建勋,南开大学信息技术科学学院
张娜,南开大学信息技术科学学院
袁丰华,南开大学信息技术科学学院
蔡剑怀,厦门大学信息科学与技术学院
李茂青,厦门大学信息科学与技术学院
吴顺祥,厦门大学信息科学与技术学院
夏桂华,哈尔滨工程大学自动化学院
王博,哈尔滨工程大学自动化学院
朱齐丹,哈尔滨工程大学自动化学院
刘心,哈尔滨工程大学水下智能机器人技术国防科技重点实验室
印桂生,哈尔滨工程大学计算机科学与技术学院
张磊,哈尔滨工程大学信息与通信工程学院
姜丽梅,哈尔滨工程大学计算机科学与技术学院
王超伦,哈尔滨工程大学计算机科学与技术学院
冯洪奎,上海交通大学计算机集成制造研究所
鲍劲松,上海交通大学计算机集成制造研究所
金烨,上海交通大学计算机集成制造研究所
彭辉,广西工业职业技术学院
曾碧,广东工业大学
敬成林,重庆大学智能自动化研究所
王冠林,清华大学计算机科学与技术系
史海庆,清华大学计算机科学与技术系
谭洪胜,清华大学计算机科学与技术系
朱纪洪,清华大学计算机科学与技术系
隋玲玲,复旦大学电子工程系
陈雄,复旦大学电子工程系
马文涛,上海交通大学机械与动力工程学院机器人研究所
闫维新,上海交通大学机械与动力工程学院机器人研究所
付庄,上海交通大学机械与动力工程学院机器人研究所
赵言正,上海交通大学机械与动力工程学院机器人研究所
李艳东,哈尔滨工程大学自动化学院
王宗义,哈尔滨工程大学自动化学院
朱玲,哈尔滨工程大学自动化学院
张浩鹏,哈尔滨工程大学自动化学院
向阳琴,湖南大学电气与信息工程学院
王聪,湖南大学电气与信息工程学院
蔡文彬,南京师范大学计算机科学与技术学院
朱庆保,江苏省信息安全保密技术工程研究中心
刘伟,合肥工业大学电气与自动化工程学院
王建平,合肥工业大学电气与自动化工程学院
张崇巍,合肥工业大学电气与自动化工程学院
国海涛,鲁东大学现代教育技术部
李梅,鲁东大学现代教育技术部
杨文潮,鲁东大学现代教育技术部
苏庆堂,鲁东大学现代教育技术部
朱庆保,鲁东大学现代教育技术部
刘山,浙江大学工业控制技术国家重点实验室
梁文君,浙江大学工业控制技术国家重点实验室
金英连,中国计量学院机电工程学院
王斌锐,中国计量学院机电工程学院
吴善强,中国计量学院机电工程学院
谢岚,湖南大学电气与信息工程学院
赵国瑞,湖南大学电气与信息工程学院
王晓娟,浙江大学流体传动及控制国家重点实验室
王宣银,浙江大学流体传动及控制国家重点实验室
毕盛,华南理工大学计算机科学与工程学院
闵华清,华南理工大学计算机科学与工程学院
陈强,华南理工大学计算机科学与工程学院
李宗玮,南开大学信息技术科学学院
孙雷,南开大学机器人所
高雷,临沂大学信息学院
丘柳东,重庆大学自动化学院
王牛,重庆大学自动化学院
李祖枢,重庆大学自动化学院
税海涛,国防科技大学机电工程与自动化学院
杨庆,国防科技大学机电工程与自动化学院
李迅,国防科技大学机电工程与自动化学院
马宏绪,国防科技大学机电工程与自动化学院
沈春生,湖南大学电气与信息工程学院
侯艳丽,商丘师范学院计算机科学系
厚之成,重庆大学智能自动化研究所
罗荣贵,上海大学机电工程与自动化学院
屠大维,上海大学机电工程与自动化学院
胡金东,江南大学通信与控制工程学院
刘国栋,江南大学通信与控制工程学院
马千知,陕西师范大学计算机科学学院
雷秀娟,陕西师范大学计算机科学学院
崔靖,南京师范大学计算机科学与技术学院
朱庆保,南京师范大学计算机科学与技术学院
王娟,南京师范大学计算机科学与技术学院
黎波,西南科技大学信息工程学院
李磊民,西南科技大学国防科技学院
刘英卓,南京财经大学电子商务实验室
李夏,郑州大学信息工程学院
张云洲,郑州大学信息工程学院
徐开勇,郑州大学信息工程学院
范冠廷,郑州大学信息工程学院
赵学萍,天津工业大学信息与通信工程学院
汪剑鸣,天津工业大学信息与通信工程学院
刘海亭,天津工业大学信息与通信工程学院
魏志莲,天津工业大学信息与通信工程学院
李国栋,山东大学控制科学与工程学院
田国会,山东大学控制科学与工程学院
周风余,山东大学控制科学与工程学院
薛英花,山东大学控制科学与工程学院
厉虹,北京信息科技大学电气工程系
张甜,北京信息科技大学电气工程系
安雷,第二炮兵工程学院301教研室
张国良,第二炮兵工程学院301教研室
汤文俊,第二炮兵工程学院301教研室
裴九芳,安徽工程大学机械与汽车工程学院
王海,安徽工程大学机械与汽车工程学院
许德章,安徽工程大学机械与汽车工程学院
蔡建羡,防灾科技学院防灾仪器系
奥顿,北京工业大学电子信息与控制工程学院
王娟,空军工程大学电讯工程学院
吴宪祥,空军工程大学电讯工程学院
郭宝龙,空军工程大学电讯工程学院
何少佳,桂林电子科技大学机电工程学院
刘子扬,桂林电子科技大学机电工程学院
吴俊君,广东食品药品职业学院
胡国生,广东食品药品职业学院
朱克武,广东食品药品职业学院
陈光明,广东工业大学计算机学院
曾碧,广东工业大学计算机学院
吕凌,广东工业大学计算机学院
黄永龙,厦门大学信息科学与技术学院
仲训昱,厦门大学信息科学与技术学院
陈树斌,广东工业大学自动化学院
陈玮,广东工业大学自动化学院
李剑平,广东工业大学自动化学院
黄麟,无锡职业技术学院
奚茂龙,无锡职业技术学院
孙俊,无锡职业技术学院
洪鹰,天津大学机械工程学院
王乐,天津大学机械工程学院
姜香菊,兰州交通大学自动化与电气工程学院
刘二林,兰州交通大学机电工程学院
曹洁,兰州理工大学计算机与通信学院
朱宁宁,兰州理工大学计算机与通信学院
李树荣,中国石油大学(华东)信息与控制工程学院
马慧超,中国石油大学(华东)信息与控制工程学院
矫德余,中国石油大学(华东)信息与控制工程学院
董本志,东北林业大学信息与计算机工程学院
任惠娟,东北林业大学信息与计算机工程学院
任洪娥,东北林业大学信息与计算机工程学院
孙涛,天津工业大学电气工程与自动化学院
师五喜,天津工业大学电气工程与自动化学院
杜中栋,山东大学控制科学与工程学院
刘志勇,山东大学控制科学与工程学院
曾现峰,中国矿业大学 信息与电气工程学院
张扬名,湘潭大学信息工程学院
刘国荣,湖南工程学院
卢恩超,西北大学信息科学与技术学院
陈友辉,湖南大学电气与信息工程学院
肖赞,湖南大学电气与信息工程学院
董潇健,湖南大学电气与信息工程学院
李艳东,齐齐哈尔大学计算机与控制工程学院
朱玲,齐齐哈尔大学计算机与控制工程学院
孙明,齐齐哈尔大学计算机与控制工程学院
陈磊,第二炮兵工程大学
张国良,第二炮兵工程大学
张维平,第二炮兵工程大学
敬斌,第二炮兵工程大学
王全,国防科学技术大学自动化研究所
王维,国防科学技术大学自动化研究所
李焱,国防科学技术大学自动化研究所
刘大学,国防科学技术大学自动化研究所
胡启祥,浙江交通职业技术学院机电学院
瞿心昱,浙江交通职业技术学院机电学院
何志,湖南大学电气与信息工程学院控制科学与工程系
谭建豪,湖南大学电气与信息工程学院控制科学与工程系
郑小丽,湖南大学电气与信息工程学院
杨唐胜,湖南大学电气与信息工程学院
靳海洋,湖南大学电气与信息工程学院
王立盛,湖南大学电气与信息工程学院
刘康克,上海海事大学航运技术与控制工程交通行业重点实验室
熊亚洲,上海海事大学航运技术与控制工程交通行业重点实验室
李刚,上海海事大学航运技术与控制工程交通行业重点实验室
王建华,上海海事大学航运技术与控制工程交通行业重点实验室
吕战永,辽宁石油化工大学信息与控制工程学院
曹江涛,辽宁石油化工大学信息与控制工程学院
万晓凤,南昌大学信息工程学院
胡伟,南昌大学信息工程学院
方武义,南昌大学信息工程学院
郑博嘉,南昌大学信息工程学院
李春光,江南大学物联网工程学院
刘国栋,常州工学院计算机信息工程学院
郭新年,江南大学轻工过程先进控制教育部重点实验室
白瑞林,江南大学轻工过程先进控制教育部重点实验室
王秀平,江南大学轻工过程先进控制教育部重点实验室
刘子腾,江南大学轻工过程先进控制教育部重点实验室
李文波,湖南大学电气与信息工程学院
金娟,湖南大学电气与信息工程学院
贠今天,天津市现代机电装备技术重点实验室
许立磊,天津市现代机电装备技术重点实验室
桑宏强,天津市现代机电装备技术重点实验室
罗俊芝,装甲兵工程学院基础部
杨万利,装甲兵工程学院基础部
李红燕,装甲兵工程学院基础部
刘艳霞,装甲兵工程学院基础部
闫文才,江南大学轻工过程先进控制教育部重点实验室
李新,江南大学轻工过程先进控制教育部重点实验室
李龙澍,安徽大学计算智能与信号处理教育部重点实验室
方园,安徽大学计算智能与信号处理教育部重点实验室
李新,信息与控制实验教学中心
白瑞林,无锡信捷电气有限公司
陆娜,山东大学控制科学与工程学院
路飞,山东大学控制科学与工程学院
张伟,山东大学控制科学与工程学院
王汐,湖南科技大学信息与电气工程学院
周少武,湖南科技大学信息与电气工程学院
曾照福,湖南科技大学信息与电气工程学院
陈微,湖南科技大学信息与电气工程学院
周游,湖南科技大学信息与电气工程学院
王洪泉,天津工业大学电气工程及自动化学院
师五喜,天津工业大学电气工程及自动化学院
常绍平,天津工业大学电气工程及自动化学院
修春波,天津工业大学电气工程及自动化学院
孟宪全,天津市现代机电装备技术重点实验室
杨向红,天津市现代机电装备技术重点实验室
曾明如,南昌大学信息工程学院
徐小勇,南昌大学信息工程学院
刘亮,南昌大学信息工程学院
罗浩,南昌大学信息工程学院
徐志敏,南昌大学信息工程学院
许凡,江南大学轻工过程先进控制教育部重点实验室
过志强,江南大学轻工过程先进控制教育部重点实验室
苏学满,安徽工程大学机械与汽车工程学院
孙丽丽,安徽工程大学机器人产业技术研究院
陈世明,华东交通大学电气与电子工程学院
丁贤达,华东交通大学电气与电子工程学院
化俞新,华东交通大学电气与电子工程学院
张杰,南京农业大学工学院
姬长英,南京农业大学工学院
顾宝兴,南京农业大学工学院
沈子尧,南京农业大学工学院
董芒,南京农业大学工学院
赵登步,江南大学轻工过程先进控制教育部重点实验室
白瑞林,信息与控制实验教学中心
李新,无锡信捷电气有限公司
雷霆,第二炮兵工程大学
汤文俊,第二炮兵工程大学
孙一杰,第二炮兵工程大学
郑来芳,湖南大学电气与信息工程学院
欧阳明华,湖南大学电气与信息工程学院
李飞,湖南大学电气与信息工程学院
王铭,高可靠嵌入式系统技术北京市工程研究中心电子系统可靠性技术北京市重点实验室
王瑞,高可靠嵌入式系统技术北京市工程研究中心电子系统可靠性技术北京市重点实验室
李晓娟,高可靠嵌入式系统技术北京市工程研究中心电子系统可靠性技术北京市重点实验室
关永,高可靠嵌入式系统技术北京市工程研究中心电子系统可靠性技术北京市重点实验室
张杰,高可靠嵌入式系统技术北京市工程研究中心电子系统可靠性技术北京市重点实验室
魏洪兴,高可靠嵌入式系统技术北京市工程研究中心电子系统可靠性技术北京市重点实验室
吕金秋,上海工程技术大学电子电气工程学院
游晓明,上海工程技术大学电子电气工程学院
刘升,上海工程技术大学电子电气工程学院
刘锴,上海工程技术大学电子电气工程学院
李连中,华南理工大学机械与汽车工程学院
翟敬梅,华南理工大学机械与汽车工程学院
何海洋,华南理工大学机械与汽车工程学院
何元烈,广东工业大学计算机学院
徐扣,广东工业大学计算机学院
韩奉林,中南大学高性能复杂制造国家重点实验室
江晓磊,中南大学高性能复杂制造国家重点实验室
严宏志,中南大学高性能复杂制造国家重点实验室
高赢,湘潭大学信息工程学院机器人视觉感知与控制技术国家工程实验室
张莹,湘潭大学信息工程学院机器人视觉感知与控制技术国家工程实验室
闫璠,湘潭大学信息工程学院机器人视觉感知与控制技术国家工程实验室
涂勇涛,湘潭大学信息工程学院机器人视觉感知与控制技术国家工程实验室
张东波,湘潭大学信息工程学院机器人视觉感知与控制技术国家工程实验室
李庆香,重庆文理学院软件工程学院
赵晓飞,重庆文理学院经济管理学院
王军华,上海大学通信与信息工程学院
李丁,上海大学通信与信息工程学院
刘盛鹏,上海大学通信与信息工程学院
应文杰,南昌大学信息工程学院
徐开,南昌大学信息工程学院
徐少平,南昌大学信息工程学院
桑宏强,天津工业大学机械工程学院
陈发,天津工业大学机械工程学院
刘芬,天津工业大学机械工程学院
杨铖浩,天津工业大学机械工程学院
许丽萍,天津工业大学机械工程学院
李庆,华侨大学工业智能化技术与系统福建省高校工程研究中心
郑力新,华侨大学工业智能化技术与系统福建省高校工程研究中心
潘书万,华侨大学工业智能化技术与系统福建省高校工程研究中心
张裕坤,华侨大学工业智能化技术与系统福建省高校工程研究中心
谢一首,华侨大学工业智能化技术与系统福建省高校工程研究中心
熊志恒,武汉科技大学冶金自动化与检测技术教育部工程研究中心
闵华松,武汉科技大学冶金自动化与检测技术教育部工程研究中心
谢宏,湖南大学电气与信息工程学院自动化系
向启均,湖南大学电气与信息工程学院自动化系
陈海滨,湖南大学电气与信息工程学院自动化系
张小刚,湖南大学电气与信息工程学院自动化系
杨鹏,湖南大学电气与信息工程学院自动化系
张爱林,湖南大学电气与信息工程学院自动化系
李云峰,湖南大学电气与信息工程学院自动化系
田勇,廊坊市人民防空办公室
王欢,北华航天工业学院科学技术处
张云峰,北华航天工业学院计算机与遥感信息技术学院
康代轲,同济大学机械与能源工程学院
陈明,同济大学中德工程学院
郭文县,哈尔滨工程大学自动化学院
高晨曦,哈尔滨工程大学自动化学院
张智,哈尔滨工程大学自动化学院
张磊,哈尔滨工程大学自动化学院
李珣,西安工程大学电子信息学院
刘丽,西安工程大学电子信息学院
洪良,西安工程大学电子信息学院
王晓华,西安工程大学电子信息学院
李波,云南大学信息学院
薛端,云南大学信息学院
黄鑫,云南大学信息学院
贠今天,天津工业大学机械工程学院
郑争光,四川理工学院自动化与信息工程学院
任小洪,四川理工学院自动化与信息工程学院
程亚军,四川理工学院自动化与信息工程学院
常政威,四川理工学院自动化与信息工程学院
李黎,航天科技集团九院16所
尚俊云,航天科技集团九院16所
冯艳丽,航天科技集团九院16所
淮亚文,航天科技集团九院16所
刘鹏飞,西安交通大学电子与信息工程学院
韩九强,西北工业学校
段延礼,西北工业学校 陕西西安710049
姚俊,陕西兴平713100
王月明,燕山大学信息科学与工程学院 河北秦皇岛066004
赵立强,内蒙古科技大学理学院
陈修龙,山东科技大学机电学院
赵永生,燕山大学机械工程学院
邓昱,山东科技大学图书馆 山东青岛266510
王远,西北工业大学管理学院 陕西西安710072
孙汉旭,北京邮电大学计算机科学与技术学院
贾庆轩,北京邮电大学计算机科学与技术学院
郑一力,北京邮电大学计算机科学与技术学院
程时端,北京邮电大学计算机科学与技术学院
张均富,四川大学制造科学与工程学院
王杰,四川大学制造科学与工程学院
徐礼钜,四川大学制造科学与工程学院
王文玺,西南交通大学机械工程学院
肖世德,西南交通大学机械工程学院
孟祥印,西南交通大学机械工程学院
陈应松,西南交通大学机械工程学院
张卫华,西南交通大学机械工程学院
李鹏,西北工业大学管理学院
尹湘云,四川大学制造科学与工程学院
殷鹰,四川大学制造科学与工程学院
胡晓兵,四川大学制造科学与工程学院
殷国富,四川大学制造科学与工程学院
段艳宾,燕山大学机械工程学院
梁顺攀,燕山大学机械工程学院
李聪,燕山大学机械工程学院
梁捷,福州大学机械工程及自动化学院
陈力,福建省制造业数字化设计工程研究中心
梁频,中国空气动力研究与发展中心低速空气动力研究所
单以才,南京信息职业技术学院机电学院
何宁,南京信息职业技术学院机电学院
李亮,南京信息职业技术学院机电学院
杨煜俊,广东工业大学广东省计算机集成制造重点实验室
龙传泽,广东工业大学广东省计算机集成制造重点实验室
陶宇,广东工业大学广东省计算机集成制造重点实验室
韩金,北京化工大学机电工程学院
陈国华,北京化工大学机电工程学院
张爱军,北京化工大学机电工程学院
周卫华,台州职业技术学院自动化研究所
王班,台州职业技术学院自动化研究所
郭吉丰,台州职业技术学院自动化研究所
郑坤明,江南大学机械工程学院
张秋菊,江苏省食品先进制造装备技术重点实验室
徐立云,同济大学现代制造技术研究所
蔡炳杰,同济大学现代制造技术研究所
杨连生,同济大学现代制造技术研究所
李爱平,同济大学现代制造技术研究所
许勇,上海工程技术大学机械工程学院
程浩,上海工程技术大学机械工程学院
王鑫,上海工程技术大学机械工程学院
陈友东,北京航空航天大学机械工程及自动化学院
郭佳鑫,北京航空航天大学机械工程及自动化学院
刘嘉蕾,北京航空航天大学机械工程及自动化学院
陶永,北京航空航天大学机械工程及自动化学院
王万良,浙江工业大学计算机科学与技术学院
朱炎亮,浙江工业大学计算机科学与技术学院
王铮,浙江工业大学计算机科学与技术学院
屠海龙,浙江工业大学计算机科学与技术学院
张丹露,中国科学院大学计算机控制学院
孙小勇,中国科学院大学计算机控制学院
傅顺,中国科学院大学计算机控制学院
郑彬,中国科学院大学计算机控制学院
郑华栋,大连理工大学机械工程学院
丛明,大连理工大学机械工程学院
刘毅,大连理工大学机械工程学院
董航,大连理工大学机械工程学院
刘冬,大连理工大学机械工程学院
王鸿鹏,哈尔滨工业大学计算机系
洪炳熔,哈尔滨工业大学计算机系
李华忠,哈尔滨工业大学计算机系
唐好选,哈尔滨工业大学计算机系
褚海涛,哈尔滨工业大学计算机科学与工程系
洪炳熔,哈尔滨工业大学计算机科学与工程系
高全胜,哈尔滨工业大学计算机科学与工程系
王月海,哈尔滨工业大学计算机科学与工程系
汤双清,武汉水利电力大学 机械学院
Michel DUPAS,Valenciennes University
刘永红,石油大学机电系
杨毅,石油大学机电系
李庆云,石油大学机电系
刘传才,福州大学计算机科学与技术系
杨静宇,南京理工大学计算机科学与工程系 福建福州350002
孟伟,哈尔滨工业大学计算机系智能机器人研究室
汤双清,华中科技大学机械学院
付建科,三峡大学机械学院
施仲光,华中科技大学机械学院 湖北武汉430074
廖道训,湖北宜昌443002
屈彦呈,哈尔滨工业大学控制科学与工程系
王常虹,哈尔滨工业大学控制科学与工程系
庄显义,哈尔滨工业大学控制科学与工程系
金飞虎,哈尔滨工业大学计算机学院
洪炳熔,哈尔滨工业大学计算机学院
柳长安,哈尔滨工业大学计算机学院
高庆吉,哈尔滨工业大学计算机学院
马力波,重庆大学自动化学院
黄席樾,重庆大学自动化学院 重庆400044贵州广播电视大学理工教学部
陈东义,贵州贵阳550004
何传江,重庆400044
吴宏途,福建师范大学
严闪,福建师范大学 福建福州350007
谷学静,北京科技大学信息工程学院
石志国,北京科技大学信息工程学院
王志良,北京科技大学信息工程学院
梁冰,哈尔滨工业大学计算机信息科学系
洪炳熔,哈尔滨工业大学计算机信息科学系 黑龙江哈尔滨150001
林晋,华北电力大学计算机科学与技术系
柳长安,华北电力大学计算机科学与技术系
吴克河,华北电力大学计算机科学与技术系
徐燕,华北电力大学计算机科学与技术系
刘克勤,华北电力大学计算机科学与技术系
贺继林,上海交通大学机器人研究所
王春香,上海交通大学机器人研究所
杨汝清,上海交通大学机器人研究所
田华阁,上海交通大学机器人研究所
凌凤琪,华北电力大学计算机科学与技术系
鲍国超,华北电力大学计算机科学与技术系
李淑琴,南京理工大学计算机系
唐振民,南京理工大学计算机系
赵春霞,南京理工大学计算机系
杨静宇,南京理工大学计算机系
宋道金,山东理工大学计算机学院
李宏涛,山东省科学院
李彩虹,山东理工大学计算机学院 山东淄博255091
肖爱梅,山东济南250014
顿文力,中国海洋大学计算机科学系
孟庆春,中国海洋大学计算机科学系 山东青岛266071
庄晓东,山东青岛266071清华大学智能技术与系统国家重点实验室北京100084
马雪英,浙江财经学院信息管理系
何臻峰,浙江大学计算机科学系
林兰芬,浙江大学计算机科学系 浙江 杭州 310012
曹自洋,郑州工程学院机电工程系
郝矿荣,东华大学信息学院 河南 郑州 450052
刘永,南京理工大学材料系
王克鸿,南京理工大学计算机系 江苏南京210094南京理工大学计算机系江苏南京210094
杨静宇,江苏南京210094
赵丽媛,华北电力大学计算机科学与技术系
柳长安,华北电力大学计算机科学与技术系 北京102206
张友,上海交通大学机器人研究所
栾楠,上海交通大学机器人研究所
刘宝生,上海交通大学机器人研究所
李彩虹,山东大学控制科学与工程学院
李贻斌,山东大学控制科学与工程学院 山东济南250061 山东理工大学计算机科学与技术学院
曹成才,四川大学制造科学与工程学院
姚进,四川大学制造科学与工程学院
王强,四川大学制造科学与工程学院
刘玲,湖南大学智能自动化重点实验室
王耀南,湖南大学智能自动化重点实验室
况菲,湖南大学智能自动化重点实验室
张辉,湖南大学智能自动化重点实验室
赵先章,中国科学院自动化研究所
常红星,中国科学院自动化研究所
曾隽芳,中国科学院自动化研究所
高一波,中国科学院自动化研究所
尹怡欣,北京科技大学信息工程学院 北京100083
涂序彦,山东工商学院信息与电子工程学院
孙铁强,山东烟台264005
王东署,郑州大学 电气工程学院
迟健男,北京科技大学 信息工程学院 郑州450001
张平,华南理工大学 计算机科学与工程学院
杨时杰,哈尔滨工业大学 深圳研究院 广州 510640
梁斌,广东 深圳 518057
郝宗波,哈尔滨工业大学计算机科学与技术学院
黄庆成,哈尔滨工业大学计算机科学与技术学院
朱法强,北京科技大学信息工程学院
于金霞,河南理工大学计算机科学与技术学院
蔡自兴,中南大学信息科学与工程学院
段琢华,中南大学信息科学与工程学院 河南焦作454003
张幼明,北京科技大学信息工程学院
刘关俊,中南大学信息科学与工程学院 长沙410083
张文丙,郑州大学电气工程学院 郑州450001
宋洪军,山东大学控制科学与工程学院机器人中心
马昕,山东大学控制科学与工程学院机器人中心
李贻斌,山东大学控制科学与工程学院机器人中心
贾磊,山东大学控制科学与工程学院机器人中心
张永强,安徽工业大学计算机学院 安徽马鞍山243002
周风余,山东大学控制科学与工程学院机器人中心
薛晗,国防科学技术大学机电工程与自动化学院
陶溢,国防科学技术大学机电工程与自动化学院 长沙410073
马宏绪,解放军武汉军械士官学校
李雪,长安大学电子与控制工程学院
贺昱曜,长安大学电子与控制工程学院
闫茂德,长安大学电子与控制工程学院
张亚鸣,中南大学信息科学与工程学院
雷小宇,中南大学信息科学与工程学院
杨胜跃,中南大学信息科学与工程学院
樊晓平,中南大学信息科学与工程学院
瞿志华,中南大学信息科学与工程学院
贾占朝,中南大学信息科学与工程学院
庞永杰,哈尔滨工程大学船舶工程学院
唐旭东,哈尔滨工程大学船舶工程学院
刘庆波,北京工业大学机电学院
余跃庆,北京工业大学机电学院
苏丽颖,北京工业大学机电学院
张恒,华东交通大学信息工程学院
刘艳丽,华东交通大学信息工程学院
樊晓平,华东交通大学信息工程学院
瞿志华,华东交通大学信息工程学院
梁永生,深圳信息职业技术学院软件工程系
洪炳熔,深圳信息职业技术学院软件工程系
阮晓钢,北京工业大学电子信息与控制工程学院
任红格,北京工业大学电子信息与控制工程学院
练家乐,广东工业大学自动化学院
潘薇,中南大学信息科学与工程学院
陈白帆,中南大学信息科学与工程学院
余伶俐,中南大学信息科学与工程学院
任孝平,中南大学信息科学与工程学院
卢薇薇,中南大学信息科学与工程学院
张洪宇,国防科学技术大学机电工程与自动化学院自动化所
徐昕,国防科学技术大学机电工程与自动化学院自动化所
张鹏程,国防科学技术大学机电工程与自动化学院自动化所
刘春明,国防科学技术大学机电工程与自动化学院自动化所
宋金泽,国防科学技术大学机电工程与自动化学院自动化所
房芳,东南大学自动化学院复杂工程系统测量与控制教育部重点实验室
马旭东,东南大学自动化学院复杂工程系统测量与控制教育部重点实验室
戴先中,东南大学自动化学院复杂工程系统测量与控制教育部重点实验室
袁湘鹏,中南大学信息科学与工程学院
刘利枚,中南大学信息科学与工程学院
徐海伟,中国海洋大学信息学院电子系
殷波,中国海洋大学信息学院电子系
徐涛,中国海洋大学信息学院电子系
邹磊,中南大学信息科学与工程学院
刘玉芹,沈阳化工学院信息工程学院
曹景兴,沈阳新松机器人有限公司
杨晶东,上海理工大学光电信息与计算机工程学院
杨敬辉,哈尔滨工业大学计算机科学与工程学院
洪炳镕,上海第二工业大学经济管理学院
陈涛,河北工业大学机械工程学院
张明路,河北工业大学机械工程学院
付灵丽,河北工业大学机械工程学院
孙晋,华东交通大学信息工程学院
严乔,华南理工大学电子与信息学院
金连文,华南理工大学电子与信息学院
吴培良,燕山大学信息科学与工程学院
柯文德,茂名学院计算机科学与技术系
蔡则苏,茂名学院计算机科学与技术系
李家兰,茂名学院计算机科学与技术系
苑召国,广东工业大学自动化学院
胡喜玲,鲁东大学信息科学与工程学院
国海涛,鲁东大学信息科学与工程学院
蒲兴成,重庆邮电大学数理学院
张军,重庆邮电大学数理学院
张毅,重庆邮电大学数理学院
王浩,合肥工业大学计算机与信息学院
年士瑞,合肥工业大学计算机与信息学院
方宝富,合肥工业大学计算机与信息学院
王国庆,合肥工业大学计算机与信息学院
韩无盐,合肥工业大学计算机与信息学院
党培,燕山大学信息科学与工程学院
谭云福,燕山大学信息科学与工程学院
申利民,燕山大学信息科学与工程学院
柯文德,广东石油化工学院计算机科学与技术系
蔡则苏,广东石油化工学院计算机科学与技术系
彭志平,广东石油化工学院计算机科学与技术系
钟秋波,广东石油化工学院计算机科学与技术系
朴松昊,广东石油化工学院计算机科学与技术系
张毅,重庆邮电大学智能系统及机器人研究所
赵黎明,重庆邮电大学智能系统及机器人研究所
罗元,重庆邮电大学智能系统及机器人研究所
钟珊,常熟理工学院计算机科学与工程学院
常晋义,常熟理工学院计算机科学与工程学院
刘一松,常熟理工学院计算机科学与工程学院
殷旭东,常熟理工学院计算机科学与工程学院
侯敬巍,吉林大学机械科学与工程学院
赵丁选,吉林大学机械科学与工程学院
巩明德,吉林大学机械科学与工程学院
崔玉鑫,吉林大学机械科学与工程学院
曾健平,湖南大学物理与微电子科学学院
王保同,湖南大学物理与微电子科学学院
谢海情,湖南大学物理与微电子科学学院
姜莹,沈阳工业大学电气工程学院
白保东,沈阳工业大学电气工程学院
王硕玉,沈阳工业大学电气工程学院
郭金玉,沈阳工业大学电气工程学院
朱效洲,国防科学技术大学机电工程与自动化学院
李宇波,国防科学技术大学机电工程与自动化学院
卢惠民,国防科学技术大学机电工程与自动化学院
张辉,国防科学技术大学机电工程与自动化学院
李彩虹,山东理工大学计算机科学与技术学院
李贻斌,山东理工大学计算机科学与技术学院
王凤英,山东理工大学计算机科学与技术学院
赵磊,山东理工大学计算机科学与技术学院
韩震峰,哈尔滨工业大学机器人技术与系统国家重点实验室
刘刚峰,哈尔滨工业大学机器人技术与系统国家重点实验室
赵杰,哈尔滨工业大学机器人技术与系统国家重点实验室
王梅,上海大学机电工程与自动化学院
王叶婷,上海大学机电工程与自动化学院
江济良,上海大学机电工程与自动化学院
张国栋,上海大学机电工程与自动化学院
樊帅权,东南大学复杂工程系统测量与控制教育部重点实验室
周波,东南大学复杂工程系统测量与控制教育部重点实验室
孟正大,东南大学复杂工程系统测量与控制教育部重点实验室
戴先中,东南大学复杂工程系统测量与控制教育部重点实验室
刘国荣,湘潭大学信息工程学院
兰永红,湘潭大学信息工程学院
阎静,太原科技大学计算机科学与技术学院复杂系统与计算智能实验室
曾建潮,太原科技大学计算机科学与技术学院复杂系统与计算智能实验室
张国有,太原科技大学计算机科学与技术学院复杂系统与计算智能实验室
王军红,西南科技大学信息工程学院
江虹,西南科技大学信息工程学院
黄玉清,西南科技大学信息工程学院
伍晓利,西南科技大学信息工程学院
闵伟伟,江南大学物联网工程学院教育部重点实验室
刘国栋,江南大学物联网工程学院教育部重点实验室
莫栋成,江南大学物联网工程学院教育部重点实验室
黎萍,电子科技大学中山学院
高扬,长安大学汽车学院
胡大伟,长安大学汽车学院
王来军,长安大学汽车学院
杨京帅,长安大学汽车学院
李宪华,安徽理工大学机械工程学院
郭永存,安徽理工大学机械工程学院
张军,安徽理工大学机械工程学院
郭帅,安徽理工大学机械工程学院
尹俊明,南京航空航天大学仿生结构与材料防护研究所
李宏凯,南京航空航天大学仿生结构与材料防护研究所
戴振东,南京航空航天大学仿生结构与材料防护研究所
陈珂,广东石油化工学院计算机科学与技术系
王开宇,哈尔滨工程大学自动化学院
夏国清,哈尔滨工程大学自动化学院
吴迪,哈尔滨工程大学自动化学院
邓文红,西南交通大学智能控制开发中心
李龙,西南交通大学智能控制开发中心
蔡洪斌,西南交通大学智能控制开发中心
柏继云,哈尔滨工业大学控制科学与工程系
李士勇,东北农业大学理学院
张瑞海,西南交通大学CADI工程中心
王淑营,四川成焊宝玛焊接装备工程有限公司
应再恩,江南大学机械工程学院
李正洋,江南大学机械工程学院
平雪良,江南大学机械工程学院
蒋毅,江南大学机械工程学院
刘开明,江南大学机械工程学院
弋英民,西安理工大学自动化与信息工程学院
黄莹,西安理工大学自动化与信息工程学院
黄诚,上海理工大学光电信息与计算机工程学院
刘华平,清华大学
沈昱明,清华大学计算机科学与技术系
刘大勇,华东交通大学信息工程学院
朱霞,南京航空航天大学机械结构力学及控制国家重点实验室
陈仁文,南京航空航天大学机械结构力学及控制国家重点实验室
夏桦康,南京航空航天大学机械结构力学及控制国家重点实验室
章飘艳,南京航空航天大学机械结构力学及控制国家重点实验室
李华忠,深圳信息职业技术学院软件学院
梁永生,深圳信息职业技术学院软件学院
但唐仁,深圳信息职业技术学院软件学院
潘桂彬,江南大学物联网工程学院教育部重点实验室
张世龙,江南大学物联网工程学院教育部重点实验室
蒋科辉,湖南女子学院应用数学与智能信息处理研究所
杨慧民,湖南工程学院工程训练中心
樊小平,中南大学信息工程学院
黄亮,中国电子科技集团公司第28研究所
段渭军,中国电子科技集团公司第28研究所
王福豹,中国电子科技集团公司第28研究所
严国强,中国电子科技集团公司第28研究所
马超,中国电子科技集团公司第28研究所
张毅,重庆邮电大学信息无障碍研发中心
程铁凤,重庆邮电大学信息无障碍研发中心
罗元,重庆邮电大学信息无障碍研发中心
傅有力,重庆邮电大学信息无障碍研发中心
王科俊,哈尔滨工程大学自动化学院
杜同春,哈尔滨工程大学自动化学院
董永峰,河北工业大学计算机科学与软件学院
王安娜,河北工业大学计算机科学与软件学院
周艳聪,河北工业大学计算机科学与软件学院
顾军华,河北工业大学计算机科学与软件学院
邓先瑞,唐山师范学院计算机科学系
聂雪媛,中国科学院力学研究所
刘国平,哈尔滨工业大学航空学院
孔庆艳,新疆大学电气工程学院
袁杰,新疆大学电气工程学院
郭俊辉,新疆大学电气工程学院
梁娟,河南工学院计算机科学与技术系
赵开新,河南工学院计算机科学与技术系
陈伟,河南工学院计算机科学与技术系
祝毅鸣,郑州大学西亚斯国际学院
张波,郑州大学西亚斯国际学院
刘莹,郑州大学西亚斯国际学院
王颖,郑州大学西亚斯国际学院
张波,厦门大学软件学院
盛进源,四川大学电气信息学院
刘宜成,四川大学电气信息学院
张欢庆,四川大学电气信息学院
张涛,四川大学电气信息学院
王权,上海大学机电工程与自动化学院
胡越黎,上海市电站自动化技术重点实验室
张贺,上海大学微电子研究与开发中心
周亚丽,北京信息科技大学自动化学院
张奇志,北京信息科技大学自动化学院
陈果,武汉理工大学光纤传感技术与信息处理教育部重点实验室
刘金根,武汉理工大学光纤传感技术与信息处理教育部重点实验室
韩世鹏,武汉理工大学光纤传感技术与信息处理教育部重点实验室
刘军梅,上海理工大学光电信息与计算机工程学院
龚朝晖,上海理工大学光电信息与计算机工程学院
侯运锋,上海理工大学光电信息与计算机工程学院
马飞,中国矿业大学(北京)机电与信息工程学院
贾瑞清,中国矿业大学(北京)机电与信息工程学院
宋涛,中国矿业大学(北京)机电与信息工程学院
牛世琛,中国矿业大学(北京)机电与信息工程学院
曾俊宝,中国科学院沈阳自动化研究所机器人学国家重点实验室
李硕,中国科学院沈阳自动化研究所机器人学国家重点实验室
刘鑫宇,中国科学院沈阳自动化研究所机器人学国家重点实验室
李一平,中国科学院沈阳自动化研究所机器人学国家重点实验室
王晓辉,中国科学院沈阳自动化研究所机器人学国家重点实验室
徐风尧,中南大学机电工程学院
王恒升,高性能复杂制造国家重点实验室
王寻羽,浙江大学计算机科学系
朱淼良,浙江大学计算机科学系
王洪燕,合肥工业大学人工智能研究所
杨敬安,合肥工业大学人工智能研究所
蒋培,合肥工业大学人工智能研究所
王月海,哈尔滨工业大学计算机科学与技术系
洪炳镕,哈尔滨工业大学计算机科学与技术系 哈尔滨150001
郭琦,哈尔滨工业大学计算机科学与工程学院
洪炳熔,哈尔滨工业大学计算机科学与工程学院 哈尔滨150001
施华,上海大学计算机工程与科学学院
李超,上海大学计算机工程与科学学院
王醒策,哈尔滨工程大学计算机科学与技术学院
张汝波,哈尔滨工程大学计算机科学与技术学院 哈尔滨150001
顾国昌,中国科学院沈阳自动化研究所机器人学重点实验室沈阳110015
吴庆祥,福建师范大学实验中心
严闪,福建师范大学实验中心
黄晞,福建师范大学实验中心
陈振荣,福建师范大学实验中心
胡凌云,清华大学计算机科学与技术系智能技术与系统国家重点实验室
孙增圻,清华大学计算机科学与技术系智能技术与系统国家重点实验室 北京100084
孟伟,哈尔滨工业大学计算机科学与技术学院
韩学东,哈尔滨工业大学计算机科学与技术学院
洪炳熔,哈尔滨工业大学计算机科学与技术学院
厉茂海,哈尔滨工业大学计算机科学与技术学院
罗荣华,哈尔滨工业大学计算机科学与技术学院
张世辉,燕山大学信息科学与工程学院
冯亮,燕山大学信息科学与工程学院
李鹏,华中科技大学控制科学与工程系
王敏,华中科技大学控制科学与工程系
邵杰,南京理工大学计算机学院
杨静宇,南京理工大学计算机学院
万鸣华,南京理工大学计算机学院
黄传波,南京理工大学计算机学院
王险峰,哈尔滨工业大学计算机科学与技术学院
钟秋波,哈尔滨工业大学计算机科学与技术学院
蔡云飞,南京理工大学计算机科学与技术学院
唐振民,南京理工大学计算机科学与技术学院
赵春霞,南京理工大学计算机科学与技术学院
王险峰,东北石油大学计算机与信息技术学院
李建平,东北石油大学计算机与信息技术学院
王辉,东北石油大学计算机与信息技术学院
冯翔,华东理工大学信息科学与工程学院
马美怡,华东理工大学信息科学与工程学院
施尹,华东理工大学信息科学与工程学院
虞慧群,华东理工大学信息科学与工程学院
朱淼良,浙江大学人工智能研究所
张新晖,浙江大学人工智能研究所
王寻羽,浙江大学人工智能研究所
唐文彬,浙江大学人工智能研究所
洪炳熔,哈尔滨工业大学计算机科学与工程系 黑龙江哈尔滨150001
朱庆保,南京师范大学计算机科学系 江苏南京210097
刘涛,计算机科学国家重点实验室(中国科学院软件研究所)
王淑灵,计算机科学国家重点实验室(中国科学院软件研究所)
詹乃军,计算机科学国家重点实验室(中国科学院软件研究所)
梁冰,哈尔滨工业大学计算机科学与技术学院
洪炳镕,哈尔滨工业大学计算机科学与技术学院 黑龙江哈尔滨150001
曙光,黑龙江哈尔滨150001哈尔滨理工大学计算机学院
李莹莹,国防科学技术大学电子科学与工程学院
刘云辉,国防科学技术大学电子科学与工程学院
樊玮虹,国防科学技术大学电子科学与工程学院
蔡宣平,国防科学技术大学电子科学与工程学院
李波,国防科学技术大学电子科学与工程学院
余杨,南京理工大学信息物理与工程系
闵富红,南京理工大学信息物理与工程系
倪晓武,南京理工大学信息物理与工程系
张宏超,南京理工大学信息物理与工程系
张泽明,中国科学技术大学计算机科学技术系
罗文坚,中国科学技术大学计算机科学技术系
王煦法,中国科学技术大学计算机科学技术系
方斌,北京航空航天大学机器人研究所
丑武胜,北京航空航天大学机器人研究所
董明杰,北京航空航天大学机器人研究所
马鑫,北京航空航天大学机器人研究所
郭晓旗,北京航空航天大学机器人研究所
吴耀,北京航空航天大学机械工程及自动化学院
王田苗,北京航空航天大学机械工程及自动化学院
王晓刚,北京航空航天大学机械工程及自动化学院
刘淼,北京航空航天大学机械工程及自动化学院
王肖锋,河北工业大学机械工程学院
刘军,河北工业大学机械工程学院
洪炳镕,智能机器人研究室
吴葳,智能机器人研究室 黑龙江哈尔滨150001
钱徽,浙江大学计算机学院
吴春明,浙江大学计算机学院
朱淼良,浙江大学计算机学院
蔡则苏,哈尔滨工业大学计算机科学与技术学院
周兰凤,哈尔滨工业大学计算机科学与技术学院
洪炳熔,哈尔滨工业大学计算机科学与技术学院 山东威海264209
洪炳熔,哈尔滨工业大学计算机科学与技术学院 黑龙江哈尔滨150001
王玲,国防科技大学电子科学与工程学院
邵金鑫,国防科技大学电子科学与工程学院 湖南长沙410073
万建伟,香港中文大学自动化与计算机辅助工程系
刘云辉,中国香港
高庆吉,中国民航大学机器人研究所
雷亚莉,中国民航大学机器人研究所 天津 300300 天津市智能信号与图象处理重点实验室
胡丹丹,天津 300300 西北电力设计院
于咏生,陕西西安 710032
刘贞,哈尔滨工业大学自动化测试与控制系
丁明理,哈尔滨工业大学自动化测试与控制系
王祁,哈尔滨工业大学自动化测试与控制系
石杏喜,南京理工大学理学院
赵春霞,南京理工大学理学院
郭剑辉,南京理工大学理学院
陈凤东,哈尔滨工业大学电气工程与自动化学院
刘丁,西安理工大学自动化与信息工程学院
刘春阳,华北电力大学控制与计算机工程学院
谭应清,华北电力大学控制与计算机工程学院
柳长安,华北电力大学控制与计算机工程学院
马莹巍,华北电力大学控制与计算机工程学院
曹政才,北京化工大学信息科学与技术学院
温金涛,北京化工大学信息科学与技术学院
吴启迪,北京化工大学信息科学与技术学院
罗荣华,华南理工大学计算机科学与工程学院
李珺,东北林业大学机电工程学院
潘启树,东北林业大学机电工程学院
周浦城,东北林业大学机电工程学院
洪炳镕,东北林业大学机电工程学院
赵应涛,北京化工大学信息科学与技术学院
鄢小虎,华北电力大学控制与计算机工程学院
吴华,华北电力大学控制与计算机工程学院
胡俊,南京师范大学数学科学学院
付宜利,北京化工大学信息科学与技术学院
钟秋波,宁波工程学院电子与信息工程学院
杨滨,中国船舶重工集团公司第703研究所
徐晓晴,南京师范大学计算机科学与技术学院
许烁,上海大学机电工程与自动化学院
赵其杰,上海大学机电工程与自动化学院
张扬名,湖南工程学院
巩敦卫,中国矿业大学信息与电气工程学院
戚成亮,中国矿业大学信息与电气工程学院
张勇,中国矿业大学信息与电气工程学院
胡滢,中国矿业大学信息与电气工程学院
张建化,中国矿业大学信息与电气工程学院
张红强,湖南大学电气与信息工程学院
章兢,湖南大学电气与信息工程学院
周少武,湖南大学电气与信息工程学院
曾照福,湖南大学电气与信息工程学院
吴亮红,湖南大学电气与信息工程学院
钱夔,东南大学仪器科学与工程学院
宋爱国,东南大学仪器科学与工程学院
王阳,上海大学机电工程与自动化学院
孙成恺,上海大学机电工程与自动化学院
曹少中,北京印刷学院高端印刷装备信号与信息处理北京市重点实验室
赵伟,北京印刷学院高端印刷装备信号与信息处理北京市重点实验室
王保防,南京理工大学自动化学院
张瑞雷,南京理工大学自动化学院
郭健,南京理工大学自动化学院
陈庆伟,南京理工大学自动化学院
龚道雄,北京工业大学信息学部自动化学院
何睿,北京工业大学信息学部自动化学院
左国玉,北京工业大学信息学部自动化学院
于建均,北京工业大学信息学部自动化学院
李壮举,北京建筑大学电信学院
梅杰,北京建筑大学电信学院
曹少中,北京建筑大学电信学院
赵伟,北京建筑大学电信学院
杨农林,华中理工大学交通学院智能机械与控制研究所
吴刚,430074
黄真,燕山大学信息科学与工程学院
姜成志,黑龙江科技学院计算机与信息工程系
叶明凤,黑龙江科技学院计算机与信息工程系
顾泽元,黑龙江科技学院计算机与信息工程系
于波,北京航空航天大学机器人研究所
刘荣,北京航空航天大学机器人研究所
张厚祥,北京航空航天大学机器人研究所
宗光华,北京航空航天大学机器人研究所
黄薇,上海大学计算机工程与科学学院
陆斌华,上海大学计算机工程与科学学院
郭坚,上海大学计算机工程与科学学院
马志强,上海大学计算机工程与科学学院
汪地,上海大学计算机工程与科学学院
林雄,琼州大学
郑千里,琼州大学
黄槐仁,琼州大学
刘煜,琼州大学
符海东,武汉科技大学计算机科学与技术学院
王中伟,武汉科技大学计算机科学与技术学院 湖北武汉430081
邱寄帆,成都航空职业技术学院计算机系
王海春,电子科技大学电子工程学院
唐斌,成都航空职业技术学院计算机系 四川成都610021
王灼,四川成都610054
潘峥嵘,兰州理工大学电气与信息工程学院
杜宝强,兰州理工大学电气与信息工程学院
王树东,兰州理工大学电气与信息工程学院
徐猛,兰州理工大学电气与信息工程学院
杨宜民,广东工业大学自动化学院 广东广州510090
陈琦,燕山大学信息科学与工程学院
曾理智,清华大学智能控制与技术国家实验室
王珏,清华大学智能控制与技术国家实验室
孙增圻,清华大学智能控制与技术国家实验室
张秋余,兰州理工大学计算机与通信学院
迟宁,兰州理工大学计算机与通信学院
刘晔,兰州理工大学计算机与通信学院
张兆印,黑龙江大学计算机科学技术学院 黑龙江哈尔滨150080
杨东鹤,浙江理工大学信息电子学院
刘喜昂,浙江科技学院信息与电子工程学院 浙江杭州310018
魏兰,武汉理工大学物流工程学院
李文锋,武汉理工大学物流工程学院
陈维克,武汉理工大学物流工程学院
蔡京平,北京理工大学计算机科学技术学院计算机科学工程系
邓宏彬,北京理工大学计算机科学技术学院计算机科学工程系
贾云得,北京理工大学计算机科学技术学院计算机科学工程系
冯建周,燕山大学信息科学与工程学院
王晓寰,燕山大学信息科学与工程学院
柯文德,茂名学院计算机系 广东茂名525000
熊举峰,中南大学信息科学与工程学院
谭冠政,中南大学信息科学与工程学院 湖南长沙410083湖南师范大学物理与信息科学学院
柯文德,茂名学院计算机系
李家兰,茂名学院计算机系 广东茂名525000
王萌,广西工学院计算机工程系
王晓荣,广西工学院计算机工程系
李春贵,广西工学院计算机工程系
张增芳,广西工学院计算机工程系
王清阳,华南理工大学自动化学院自动化与网络工程系
王征,中国科学院沈阳自动化研究所 广州广东510640
邬大为,上海大学机电工程与自动化学院
阮毅,上海大学机电工程与自动化学院
任志斌,上海大学机电工程与自动化学院
吴伟华,江苏大学计算机科学与通信工程学院
刘一松,江苏大学计算机科学与通信工程学院 江苏镇江212013
张巧荣,河南财经学院信息学院
李淑红,河南财经学院信息学院 河南郑州450002
杨佳,西南科技大学信息工程学院
陈小宁,西南科技大学信息工程学院
周军,东华大学信息科学与技术学院
邵世煌,东华大学信息科学与技术学院
陈盛,东华大学信息科学与技术学院
彭志平,茂名学院计算机系
张兆印,黑龙江大学计算机科学与技术学院
李怀俊,广东工业大学自动化学院
曹志广,广东工业大学自动化学院
梅雪竹,广东工业大学自动化学院
师黎,郑州大学电气工程学院
邵国,郑州大学电气工程学院
刘国海,江苏大学电气信息工程学院
朱珠,江苏大学电气信息工程学院
阮力,北方工业大学机电工程学院
李小坚,北方工业大学机电工程学院
殷晨波,常熟理工学院计算机科学与工程学院
郑冬华,常熟理工学院计算机科学与工程学院
冯元华,暨南大学电子工程系
王思华,暨南大学电子工程系
柳宁,暨南大学电子工程系
王高,暨南大学电子工程系
陈花,兰州理工大学计算机与通信学院
张远平,兰州理工大学计算机与通信学院
林强,兰州理工大学计算机与通信学院
宁建华,南京工业大学自动化学院
俞辉,南京工业大学自动化学院
赵英凯,南京工业大学自动化学院
朱俊宏,同济大学中德学院
孙泽昌,同济大学中德学院
李玮燕,贵州大学电工学院
张赟,贵州大学电工学院
陈进军,贵州大学电工学院
能昌信,贵州大学电工学院
董路,贵州大学电工学院
赵静,上海大学计算机工程与科学学院
郭小勤,深圳大学机电与控制工程学院
李广丽,华东交通大学软件学院
张红斌,华东交通大学软件学院
刘觉夫,华东交通大学软件学院
黄志辉,中南大学
武秀媛,中南大学
吴向葵,中南大学
李刚卿,中南大学
孟蕊,北京工商大学计算机与信息工程学院
苏维均,北京工商大学计算机与信息工程学院
连晓峰,北京工商大学计算机与信息工程学院
陈杜勇,华南理工大学计算机科学与工程学院
肖南峰,华南理工大学计算机科学与工程学院
刘洋,华南理工大学计算机科学与工程学院
赵颖,聊城大学汽车与交通工程学院
孙群,聊城大学汽车与交通工程学院
张民,聊城大学汽车与交通工程学院
杨少平,复旦大学电子工程系
孔庆生,复旦大学电子工程系
徐英欣,桂林空军学院雷达火控教研室
黄斌,桂林空军学院雷达火控教研室
陈伟,上海大学计算机工程与科学学院
陈明,上海大学计算机工程与科学学院
魏武,华南理工大学自动化科学与工程学院
朱红山,华南理工大学自动化科学与工程学院
陈开,上海大学计算机工程与科学学院
阳诚海,上海大学计算机工程与科学学院
许华虎,上海大学计算机工程与科学学院
罗乾又,西南科技大学机器人技术及应用四川省重点实验室
张华,西南科技大学机器人技术及应用四川省重点实验室
王姮,西南科技大学机器人技术及应用四川省重点实验室
解兴哲,西南科技大学机器人技术及应用四川省重点实验室
刘钰,金陵科技学院信息技术学院
周川,金陵科技学院信息技术学院
张燕,金陵科技学院信息技术学院
徐云龙,金陵科技学院信息技术学院
张占,华南理工大学自动化科学与工程学院
蒋湘军,华南理工大学自动化科学与工程学院
谢丽君,华南理工大学计算机科学与工程学院
文翰,华南理工大学计算机科学与工程学院
刘付民,河南理工大学计算机科学与技术学院
武善玉,华南理工大学计算机科学与工程学院
张平,华南理工大学计算机科学与工程学院
李方,华南理工大学计算机科学与工程学院
汤文俊,第二炮兵工程学院三系
张国良,第二炮兵工程学院三系
敬斌,第二炮兵工程学院三系
余阳,江苏科技大学电子与信息学院
林明,江苏科技大学电子与信息学院
林永才,江苏科技大学电子与信息学院
梁家海,钦州学院数学与计算机科学学院
朱海波,沈阳工业大学信息科学与工程学院
邹凤山,沈阳工业大学信息科学与工程学院
赵彬,沈阳工业大学信息科学与工程学院
薛白,常州大学机器人研究所
段锁林,常州大学机器人研究所
邹凌,常州大学机器人研究所
戴伟力,华南理工大学自动化科学与工程学院
刘冬,武汉科技大学 冶金自动化及检测技术教育部工程研究中心
闵华松,武汉科技大学 冶金自动化及检测技术教育部工程研究中心
杨杰,武汉科技大学 冶金自动化及检测技术教育部工程研究中心
叶锦华,华南理工大学机械与汽车工程学院
郑炳坤,华南理工大学机械与汽车工程学院
李迪,华南理工大学机械与汽车工程学院
叶峰,华南理工大学机械与汽车工程学院
彭聿松,四川大学电气信息学院
佃松宜,四川大学电气信息学院
刘涛,四川大学电气信息学院
吴璋,四川大学电气信息学院
宋俊霖,四川大学电气信息学院
邹腾跃,华中科技大学国家数控系统工程技术研究中心
唐小琦,华中科技大学国家数控系统工程技术研究中心
宋宝,华中科技大学国家数控系统工程技术研究中心
陈吉红,华中科技大学国家数控系统工程技术研究中心
姚冬冬,武汉科技大学冶金自动化与检测技术教育部工程研究中心
闵华松,武汉科技大学计算机科学与技术学院
周霞,上海理工大学光电信息与计算机工程学院
何建忠,上海理工大学光电信息与计算机工程学院
王宝磊,上海理工大学光电信息与计算机工程学院
王晟,武汉科技大学计算机科学与技术学院
陈友东,武汉科技大学计算机科学与技术学院
吴俊君,广东食品药品职业学院基础部
胡国生,华南理工大学机械与汽车工程学院
朱军燕,中山出入境检验检疫局技术中心
艾菲,西南科技大学计算机学院
宋晖,西南科技大学计算机学院
李波,中国科学院沈阳自动化研究所
赵怀慈,中国科学院大学
孙士洁,中国科学院光电信息处理重点实验室
花海洋,辽宁省图像理解与视觉计算重点实验室
韩家新,西安石油大学计算机学院
刘彦伯,西安石油大学计算机学院
张旭华,西安石油大学计算机学院
杨盛,西安石油大学计算机学院
李瑞峰,哈尔滨工业大学机器人技术与系统国家重点实验室
冀龙涛,哈尔滨工业大学机器人技术与系统国家重点实验室
罗洋,重庆大学机械工程学院
李奇敏,重庆大学机械工程学院
温皓宇,重庆大学机械工程学院
邵雪松,江苏省电力公司电力科学研究院
黄奇峰,江苏省电力公司电力科学研究院
蔡奇新,江苏省电力公司电力科学研究院
刘建,江苏省电力公司电力科学研究院
王伟,江苏省电力公司电力科学研究院
张琴丽,武汉科技大学信息科学与工程学院
吴怀宇,武汉科技大学信息科学与工程学院
陈洋,武汉科技大学信息科学与工程学院
王琨,江南大学江苏省食品先进制造装备技术重点实验室
骆敏舟,江南大学江苏省食品先进制造装备技术重点实验室
曹毅,江南大学江苏省食品先进制造装备技术重点实验室
李可,江南大学江苏省食品先进制造装备技术重点实验室
张秋菊,江南大学江苏省食品先进制造装备技术重点实验室
郭卫平,北京工商大学计算机与信息工程学院
廉小亲,北京工商大学计算机与信息工程学院
苏中,北京工商大学计算机与信息工程学院
赵旭,北京工商大学计算机与信息工程学院
石琪琦,电子科技大学通信与信息工程学院
庄杰,电子科技大学通信与信息工程学院
黄炜,电子科技大学通信与信息工程学院
张佳东,电子科技大学通信与信息工程学院
左轩尘,电子科技大学通信与信息工程学院
王超杰,北京信息科技大学高动态导航技术北京市重点实验室
苏中,北京信息科技大学高动态导航技术北京市重点实验室
连晓峰,北京信息科技大学高动态导航技术北京市重点实验室
赵旭,北京信息科技大学高动态导航技术北京市重点实验室
闫林林,中国科学院沈阳自动化研究所机器人学国家重点实验室
徐方,中国科学院沈阳自动化研究所机器人学国家重点实验室
贾凯,中国科学院沈阳自动化研究所机器人学国家重点实验室
邹风山,中国科学院沈阳自动化研究所机器人学国家重点实验室
温素芳,内蒙古工业大学电力学院
郭光耀,鄂尔多斯市源盛光电有限责任公司
李月,北京理工大学机电学院
高峻峣,北京理工大学机电学院
赵靖超,北京理工大学机电学院
刘轶,北京理工大学机电学院
韩亮亮,电子科技大学通信与信息工程学院
王佳佳,西南交通大学电气工程学院
马磊,西南交通大学电气工程学院
韩晓霞,西南交通大学电气工程学院
徐智豪,西南交通大学电气工程学院
左韬,武汉科技大学信息科学与工程学院
闵华松,武汉科技大学信息科学与工程学院
张雄希,武汉科技大学信息科学与工程学院
吴俊君,广东食品药品职业学院软件学院
杨丹,南昌大学信息工程学院
刘小平,南昌大学信息工程学院
胡凌燕,南昌大学信息工程学院
黄海卫,常州大学信息科学与工程学院
孔令成,中国科学院合肥物质科学研究院
谭治英,常州先进制造研究所
王雪瑞,河南工程学院计算机学院
周岩,河南工程学院计算机学院
毛丽民,常熟理工学院电气与自动化工程学院
朱培逸,常熟理工学院电气与自动化工程学院
卢振利,常熟理工学院电气与自动化工程学院
彭伟伟,常熟理工学院电气与自动化工程学院
郑伟勇,河南工程学院计算机学院
李艳玮,河南工程学院计算机学院
王旭辉,河南工程学院计算机学院
梁付新,山东大学控制科学与工程学院
刘洪彬,山东大学控制科学与工程学院
张福雷,山东大学控制科学与工程学院
常发亮,山东大学控制科学与工程学院
于振中,江南大学物联网工程学院
蔡楷倜,江南大学物联网工程学院
常天莉,广东工业大学自动化学院
黄浩晖,广东工业大学自动化学院
