name,label,author_id,type
朱枫,中国科学院沈阳自动化研究所,1,person
谈大龙,中国科学院机器人学开放研究实验室 沈阳110016,2,person
朱庆保,南京师范大学计算机科学系 南京210097,3,person
王常武,燕山大学信息科学与工程学院,4,person
孔令富,燕山大学信息科学与工程学院,5,person
韩佩富,燕山大学信息科学与工程学院,6,person
赵立强,燕山大学信息科学与工程学院,7,person
刘克胜,中国科技大学计算机系,8,person
张军,中国科技大学计算机系,9,person
曹先彬,中国科技大学计算机系,10,person
王煦法,中国科技大学计算机系,11,person
刘永红,石油大学机电工程系,12,person
李庆云,石油大学机电工程系,13,person
杨毅,石油大学机电工程系,14,person
孙羽,湛江海洋大学工程学院计算机系,15,person
张英夫,湛江海洋大学工程学院计算机系,16,person
张汝波,湛江海洋大学工程学院计算机系,17,person
张军宇,清华大学计算机科学与技术系智能技术与系统国家重点实验室,18,person
何克忠,清华大学计算机科学与技术系智能技术与系统国家重点实验室,19,person
刘珑龙,青岛海洋大学数学系,20,person
钟碧良,广东工业大学自动化研究所,21,person
陈承志,广东工业大学自动化研究所,22,person
杨宜民,广东工业大学自动化研究所,23,person
刘振宇,沈阳自动化所新松公司技术开发部,24,person
徐方,沈阳自动化所新松公司技术开发部 沈阳110016,25,person
洪炳熔,哈尔滨工业大学计算机系智能机器人研究室,26,person
薄喜柱,哈尔滨工业大学计算机系智能机器人研究室,27,person
韩学东,哈尔滨工业大学计算机系智能机器人研究室,28,person
温旭,清华大学自动化系,29,person
姜巍,清华大学自动化系,30,person
张金生,清华大学自动化系,31,person
石宗英,清华大学自动化系,32,person
钟宜生,清华大学自动化系,33,person
杜继宏,清华大学自动化系,34,person
徐文立,清华大学自动化系,35,person
王晓春,沈阳大学信息学院,36,person
刘天惠,沈阳大学信息学院,37,person
董立菊,沈阳大学信息学院,38,person
徐继镶,沈阳大学信息学院,39,person
马宏鹏,南开大学机器人与信息自动化研究所,40,person
翁春华,南开大学机器人与信息自动化研究所,41,person
张蕾,南开大学机器人与信息自动化研究所,42,person
赵新,南开大学机器人与信息自动化研究所,43,person
刘景泰,南开大学机器人与信息自动化研究所,44,person
卢桂章,南开大学机器人与信息自动化研究所,45,person
戴开宇,上海交通大学计算机集成技术开放实验室,46,person
张申生,上海交通大学计算机集成技术开放实验室,47,person
王淼,上海交通大学计算机集成技术开放实验室,48,person
杨玉君,上海交通大学信息存储研究中心,49,person
陈佳品,上海交通大学信息存储研究中心,50,person
程君实,上海交通大学信息存储研究中心,51,person
李小海,上海交通大学信息存储研究中心,52,person
朱永光,清华大学自动化系,53,person
孙政顺,清华大学自动化系,54,person
赵南元,清华大学自动化系,55,person
曹彤,北京科技大学机械工程学院,56,person
员超,北京航空航天大学机器人所,57,person
孙杏初,北京航空航天大学机器人所 北京100083,58,person
彭刚,华中科技大学控制科学与工程系,59,person
黄心汉,华中科技大学控制科学与工程系,60,person
蒋毅,华中科技大学控制科学与工程系,61,person
高志军,上海交通大学电子信息学院820研究所,62,person
颜国正,上海交通大学电子信息学院820研究所,63,person
丁国清,上海交通大学电子信息学院820研究所,64,person
颜德田,上海交通大学电子信息学院820研究所,65,person
张伟,清华大学自动化系,66,person
杜继宏,清华大学自动化系 北京100084,67,person
兰丽,清华大学智能技术与系统国家重点实验室,68,person
赵清杰,清华大学智能技术与系统国家重点实验室,69,person
孙增圻,清华大学智能技术与系统国家重点实验室,70,person
蒋金鹏,上海交通大学电子信息学院820所,71,person
颜国正,上海交通大学电子信息学院820所,72,person
丁国清,上海交通大学电子信息学院820所,73,person
王宏杰,上海交通大学电子信息学院820所,74,person
王于,上海交通大学电子信息学院820所,75,person
王志武,上海交通大学电子信息学院820所,76,person
吴文清,天津大学理学院,77,person
刘嘉焜,天津职业技术师范学院自动化系 天津300072,78,person
崔世钢,天津300222,79,person
范红,上海海运学院,80,person
蒋静坪,浙江大学电气工程学院 上海200135,81,person
宋宜斌,烟台大学计算机学院,82,person
王培进,烟台大学计算机学院,83,person
李凯里,烟台大学计算机学院,84,person
沈进棋,浙江大学电气工程学院,85,person
诸静,浙江大学电气工程学院 杭州310027,86,person
王世军,西安理工大学机械与精密仪器学院,87,person
黄玉美,西安理工大学机械与精密仪器学院 西安710048,88,person
李桂芝,北京科技大学信息学院,89,person
陈细军,北京科技大学信息学院,90,person
杨国胜,北京科技大学信息学院,91,person
谭民,北京科技大学信息学院,92,person
涂序彦,北京科技大学信息学院,93,person
乔凤斌,上海交通大学机器人研究所,94,person
杨汝清,上海交通大学机器人研究所 上海200030,95,person
甘贤海,上海交通大学电子信息与电气工程学院,96,person
丁国清,上海交通大学电子信息与电气工程学院 上海200030,97,person
汤琼,浙江工业大学信息工程学院,98,person
杨东勇,浙江工业大学信息工程学院 杭州310014,99,person
刘佳新,燕山大学网络中心,100,person
王玉琨,河北省工程咨询研究院,101,person
王新生,燕山大学计算机系 河北秦皇岛066004,102,person
吴山东,上海大学计算机工程与科学学院,103,person
陈一民,上海大学计算机工程与科学学院,104,person
何永义,上海大学计算机工程与科学学院,105,person
陈宁,华中科技大学控制科学与工程系复杂与非线性系统中心,106,person
王永骥,华中科技大学控制科学与工程系复杂与非线性系统中心,107,person
程磊,华中科技大学控制科学与工程系复杂与非线性系统中心,108,person
史胜利,哈尔滨工程大学,109,person
孟庆鑫,深圳大学,110,person
阮双琛,深圳大学 哈尔滨150001,111,person
郭小勤,深圳518060,112,person
王东署,东北大学人工智能与机器人研究所,113,person
张志佳,中国科学院沈阳自动化研究所,114,person
史泽林,中国科学院沈阳自动化研究所 沈阳110004,115,person
谢云,广东工业大学自动化学院,116,person
杨宜民,广东工业大学自动化学院 广州510090,117,person
张永谦,中国科学院自动化研究所,118,person
王挺,中国科学院沈阳自动化研究所,119,person
安成万,中国科学院自动化研究所 北京100080装甲兵工程学院控制工程系,120,person
谭民,北京100072,121,person
刘海波,哈尔滨工程大学计算机科学与技术学院,122,person
顾国昌,哈尔滨工程大学计算机科学与技术学院,123,person
沈晶,哈尔滨工程大学计算机科学与技术学院,124,person
熊震宇,南昌航空工业学院材料科学与工程系,125,person
陈焕明,南昌航空工业学院材料科学与工程系,126,person
葛杨,南昌航空工业学院材料科学与工程系,127,person
迟健男,东北大学人工智能与机器人研究所,128,person
徐心和,东北大学人工智能与机器人研究所,129,person
周庆瑞,中国科学院自动化研究所高技术创新中心,130,person
原魁,中国科学院自动化研究所高技术创新中心,131,person
刘俊承,中国科学院自动化研究所高技术创新中心,132,person
王璐,中南大学信息科学与工程学院智能所,133,person
崔益安,中南大学信息科学与工程学院智能所 长沙410083,134,person
苏虹,中原工学院计算机系,135,person
蔡自兴,郑州450007,136,person
唐琎,中南大学信息科学与工程学院,137,person
白涛,Department of Electrical & Computer Engineering,138,person
蔡自兴,Dalhousie University,139,person
汤志彦,复旦大学计算机科学与工程系,140,person
冯哲,复旦大学计算机科学与工程系 上海200433,141,person
王卫,中国科学技术大学电子工程于信息科学系,142,person
陈继荣,中国科学技术大学电子工程于信息科学系,143,person
徐璟业,中国科学技术大学电子工程于信息科学系,144,person
蒋治华,中国科学技术大学电子工程于信息科学系,145,person
李晓丽,西安理工大学机械与精密仪器学院,146,person
谢敬,西安理工大学机械与精密仪器学院,147,person
傅卫平,西安理工大学机械与精密仪器学院,148,person
杨静,西安理工大学机械与精密仪器学院,149,person
王卫,中国科学技术大学电子工程与信息科学系,150,person
陈继荣,中国科学技术大学电子工程与信息科学系,151,person
徐璟业,中国科学技术大学电子工程与信息科学系,152,person
史豪斌,西北工业大学计算机学院,153,person
李伟华,西北工业大学计算机学院,154,person
王涤飞,西北工业大学计算机学院,155,person
严建峰,西北工业大学计算机学院,156,person
李枚毅,中南大学信息科学与工程学院,157,person
蔡自兴,中南大学信息科学与工程学院 长沙410083,158,person
王仲民,河北工业大学机械工程学院,159,person
岳宏,天津职业技术师范学院机械工程系 天津300130天津职业技术师范学院机械工程系,160,person
刘继岩,天津300222,161,person
朱皖,中南大学信息科学与工程学院 长沙410083国防科大信息与通信工程博士后流动站湘计算机工作站,162,person
陈玥,长沙410007,163,person
张闻捷,长沙410083,164,person
任燚,中国科学技术大学自动化系,165,person
陈宗海,中国科学技术大学自动化系 合肥230026,166,person
张祺,广东工业大学自动化学院,167,person
杨宜民,华南师范大学计算机学院 广州510090,168,person
陈红英,广州510630,169,person
彭金柱,湖南大学电气与信息工程学院,170,person
王耀南,湖南大学电气与信息工程学院,171,person
孙炜,湖南大学电气与信息工程学院,172,person
张美玉,华南理工大学数学科学院,173,person
黄翰,华南理工大学数学科学院,174,person
郝志峰,华南理工大学数学科学院,175,person
杨晓伟,华南理工大学数学科学院,176,person
王辉,中国科学院自动化研究所,177,person
邹伟,中国科学院自动化研究所,178,person
郑睿,中国科学院自动化研究所,179,person
屈彦呈,哈尔滨工业大学空间控制与惯性技术研究中心,180,person
黄亨俊,哈尔滨工业大学空间控制与惯性技术研究中心,181,person
王常虹,哈尔滨工业大学空间控制与惯性技术研究中心,182,person
周浦城,哈尔滨工业大学计算机科学与工程系,183,person
洪炳镕,哈尔滨工业大学计算机科学与工程系,184,person
郭耸,哈尔滨工业大学计算机科学与工程系,185,person
廖明,解放军理工大学工程兵学院,186,person
刘安心,解放军理工大学工程兵学院,187,person
张金林,解放军理工大学工程兵学院,188,person
芮挺,解放军理工大学工程兵学院,189,person
方虎生,解放军理工大学工程兵学院,190,person
王海峰,清华大学电机系电工新技术研究所,191,person
陆文娟,清华大学电机系电工新技术研究所,192,person
冯川,清华大学电机系电工新技术研究所,193,person
冯延蓬,中国科学技术大学计算机系,194,person
陈小平,中国科学技术大学计算机系 合肥230027,195,person
邢笑笑,清华大学自动化系,196,person
熊举峰,湖南师范大学物理与信息科学学院,197,person
谭冠政,中南大学信息科学与工程学院,198,person
盘辉,湖南师范大学物理与信息科学学院 长沙410081中南大学信息科学与工程学院长沙410083,199,person
孔凡天,华中科技大学国家数控系统工程技术研究中心,200,person
陈幼平,华中科技大学国家数控系统工程技术研究中心,201,person
谢经明,华中科技大学国家数控系统工程技术研究中心,202,person
张冈,华中科技大学国家数控系统工程技术研究中心,203,person
周祖德,华中科技大学国家数控系统工程技术研究中心,204,person
段清娟,西北工业大学,205,person
王润孝,西北工业大学,206,person
冯华山,西北工业大学,207,person
王立刚,西北工业大学,208,person
潘炼东,华中科技大学控制科学与工程系,209,person
黄心汉,华中科技大学控制科学与工程系 武汉430074,210,person
彭一准,中国科学院自动化研究所,211,person
原魁,中国科学院自动化研究所,212,person
谢雅,中南大学信息科学与工程学院,213,person
彭军,中南大学信息科学与工程学院,214,person
吴敏,中南大学信息科学与工程学院,215,person
肖海荣,山东交通学院信息工程系,216,person
周风余,山东大学控制学院,217,person
宋洪军,山东交通学院信息工程系 济南250023,218,person
刘文江,济南250061,219,person
高健,华中科技大学控制科学与工程系,220,person
王云刚,中国科学技术大学电子工程与信息科学系,221,person
陈保林,中国科学技术大学电子工程与信息科学系,222,person
符秀辉,中国科学院沈阳自动化研究所,223,person
化建宁,中国科学院沈阳自动化研究所 沈阳110015 沈阳化工学院,224,person
郑伟,沈阳110142 中国科学院研究生院,225,person
王越超,北京100081,226,person
胡庭波,国防科技大学机电工程与自动化学院,227,person
吴涛,国防科技大学机电工程与自动化学院,228,person
贺汉根,国防科技大学机电工程与自动化学院,229,person
慕延华,北京科技大学信息工程学院,230,person
尹怡欣,北京科技大学信息工程学院,231,person
涂序彦,北京科技大学信息工程学院,232,person
孙铁强,北京科技大学信息工程学院,233,person
周郭许,华南理工大学数学科学学院,234,person
唐西林,华南理工大学数学科学学院 广州510640,235,person
王俭,苏州科技学院电子与信息工程系,236,person
赵鹤鸣,苏州大学电子信息学院,237,person
肖金球,苏州科技学院电子与信息工程系 苏州215011,238,person
罗沛,华南理工大学自动化科学与工程学院,239,person
裴海龙,华南理工大学自动化科学与工程学院 广州510641,240,person
黄炳强,上海交通大学自动化系,241,person
曹广益,上海交通大学自动化系 上海200030,242,person
芮素波,江苏科技大学电子信息学院,243,person
曾庆军,江苏科技大学电子信息学院 江苏镇江212003,244,person
江美青,西北工业大学计算机学院,245,person
李孝安,西北工业大学计算机学院,246,person
谭然,西北工业大学计算机学院,247,person
肖乐,南京工业大学机械与动力工程学院,248,person
殷晨波,南京工业大学机械与动力工程学院,249,person
杨敏,南京工业大学机械与动力工程学院,250,person
张伯泉,广东工业大学自动化学院,251,person
于莲芝,上海交通大学电子信息学院820所,252,person
颜国正,上海交通大学电子信息学院820所 上海200240 上海理工大学光学与电子信息学院,253,person
王东署,郑州大学电气工程学院,254,person
张志佳,沈阳工业大学信息工程学院 郑州450001,255,person
袁杨,复旦大学电子工程系智能控制实验室,256,person
陈雄,复旦大学电子工程系智能控制实验室 上海200433,257,person
窦宏全,中南大学信息科学与工程学院 长沙410081 中南大学信息科学与工程学院,258,person
魏佩敏,绍兴文理学院工学院 浙江绍兴312000,259,person
周景雷,山东科技大学信息与电气工程学院,260,person
张维海,山东科技大学信息与电气工程学院 山东青岛266510,261,person
赵杰,哈尔滨工业大学机器人研究所,262,person
姜健,哈尔滨工业大学机器人研究所,263,person
臧希喆,哈尔滨工业大学机器人研究所,264,person
唐国新,复旦大学信息学院,265,person
陈雄,复旦大学信息学院,266,person
袁杨,复旦大学信息学院,267,person
焦立男,南京理工大学计算机科学与技术学院模式识别与机器智能研究所,268,person
唐振民,南京理工大学计算机科学与技术学院模式识别与机器智能研究所 南京210094,269,person
彭日亮,广东工业大学自动化学院,270,person
杨宜民,广东工业大学自动化学院,271,person
王赟,广东工业大学自动化学院,272,person
成伟明,南京理工大学计算机科学与技术系,273,person
唐振民,南京理工大学计算机科学与技术系,274,person
赵春霞,南京理工大学计算机科学与技术系,275,person
张晓晖,西安理工大学自动化与信息工程学院,276,person
刘丁,西安理工大学自动化与信息工程学院 西安710048,277,person
秦政,哈尔滨工程大学自动化学院,278,person
丁福光,哈尔滨工程大学自动化学院,279,person
边信黔,哈尔滨工程大学自动化学院,280,person
李全民,山东建筑大学信息与电气工程学院,281,person
张运楚,山东建筑大学信息与电气工程学院,282,person
李俊策,山东建筑大学信息与电气工程学院,283,person
闫继宏,哈尔滨工业大学机器人研究所,284,person
孙亮,北京工业大学人工智能与机器人研究所,285,person
常青,北京工业大学人工智能与机器人研究所,286,person
阮晓钢,北京工业大学人工智能与机器人研究所,287,person
段清娟,西安电子科技大学,288,person
丁良宏,西北工业大学 西安710072,289,person
赵飞,燕山大学信息科学与工程学院,290,person
赵逢达,燕山大学信息科学与工程学院,291,person
金雷泽,中国科学院沈阳自动化研究所,292,person
杜振军,中国科学院沈阳自动化研究所 沈阳110016,293,person
贾凯,中国科学院研究生院,294,person
范红,上海海事大学物流工程学院电气自动化系,295,person
黄洪琼,上海海事大学信息工程学院 上海200135,296,person
宋洪军,山东大学控制学院,297,person
李贻斌,山东大学控制学院,298,person
贾磊,山东大学控制学院,299,person
周彤,哈尔滨工业大学计算机科学与技术学院,300,person
洪炳镕,哈尔滨工业大学计算机科学与技术学院,301,person
朴松昊,哈尔滨工业大学计算机科学与技术学院,302,person
周洪玉,哈尔滨工业大学计算机科学与技术学院,303,person
郭利进,天津大学电气与自动化工程学院,304,person
王化祥,天津大学电气与自动化工程学院,305,person
孟庆浩,天津大学电气与自动化工程学院,306,person
邱亚男,天津大学电气与自动化工程学院,307,person
肖本贤,合肥工业大学自动化研究所,308,person
余炎峰,合肥工业大学自动化研究所,309,person
余雷,合肥工业大学自动化研究所,310,person
陈昊,合肥工业大学自动化研究所,311,person
皮剑,湖南师范大学物理与信息科学学院 长沙410081中南大学信息科学与工程学院,312,person
国海涛,南京师范大学数学与计算机科学学院,313,person
朱庆保,南京师范大学数学与计算机科学学院,314,person
司应涛,南京师范大学数学与计算机科学学院,315,person
张彦,中国科学技术大学自动化系,316,person
关胜晓,中国科学技术大学自动化系 合肥230027,317,person
郭剑辉,南京理工大学计算机学院,318,person
赵春霞,南京理工大学计算机学院 南京210094,319,person
石杏喜,南京210094南京理工大学理学院,320,person
吴笛飞,东华大学信息科学与技术学院,321,person
丁永生,东华大学信息科学与技术学院,322,person
郝矿荣,东华大学信息科学与技术学院,323,person
张淑平,东华大学信息科学与技术学院,324,person
杨世强,西安理工大学机械与精密仪器工程学院,325,person
傅卫平,西安理工大学机械与精密仪器工程学院,326,person
王红涛,西安理工大学机械与精密仪器工程学院,327,person
李响,中国科学院沈阳自动化研究所机器人学重点实验室,328,person
王越超,中国科学院沈阳自动化研究所机器人学重点实验室 沈阳100016 中国科学院研究生院,329,person
陈世明,华东交通大学电气与电子工程学院 南昌330013,330,person
司应涛,南京师范大学计算机系,331,person
朱庆保,南京师范大学计算机系,332,person
国海涛,南京师范大学计算机系,333,person
绳涛,国防科技大学机器人实验室,334,person
王剑,国防科技大学机器人实验室,335,person
马宏绪,国防科技大学机器人实验室,336,person
任志斌,江西理工大学机电工程学院,337,person
阮毅,上海大学机电工程与自动化学院 江西赣州341000,338,person
宗晓萍,河北大学电子信息工程学院,339,person
石圣羽,河北大学电子信息工程学院,340,person
田华,河北大学电子信息工程学院,341,person
蔡广宇,华中科技大学机械学院,342,person
崔士林,南阳理工学院,343,person
吴昌林,华中科技大学机械学院 武汉430074 南阳理工学院,344,person
刘金科,燕山大学信息科学与工程学院,345,person
郭希娟,燕山大学信息科学与工程学院,346,person
刘爽,燕山大学信息科学与工程学院,347,person
史国振,北京邮电大学计算机科学与技术学院,348,person
孙汉旭,北京邮电大学自动化学院,349,person
贾庆轩,北京邮电大学自动化学院 北京100876北京电子科技学院电子信息工程系,350,person
张延恒,北京100070,351,person
黎萍,广东工业大学自动化学院,352,person
张立勋,哈尔滨工程大学机电工程学院,353,person
卜迟武,哈尔滨工程大学机电工程学院 哈尔滨150001,354,person
杨放琼,中南大学机电工程学院,355,person
谭青,中南大学机电工程学院,356,person
彭高明,中南大学机电工程学院,357,person
孔令富,燕山大学信息科学与工程学院 河北秦皇岛066004,358,person
邵桂芳,厦门大学模式识别与智能系统研究所,359,person
李祖枢,重庆工学院人工智能系统研究所,360,person
于芳,重庆工学院人工智能系统研究所 福建厦门361005重庆工学院人工智能系统研究所,361,person
杨唐文,北京交通大学计算机与信息技术学院,362,person
韩建达,中国科学院沈阳自动化研究所机器人学国家重点实验室,363,person
KUHNERT K D,德国锡根大学电气与计算机科学系,364,person
刘俊承,华北电力大学自动化系,365,person
王淼鑫,华北电力大学自动化系,366,person
张捍东,安徽工业大学电气信息学院,367,person
吴玉秀,安徽工业大学电气信息学院,368,person
岑豫皖,安徽工业大学电气信息学院,369,person
谭冠政,湖南师范大学物理与信息科学学院,370,person
皮剑,湖南师范大学物理与信息科学学院,371,person
李荣华,大连理工大学精密与特种加工教育部重点实验室,372,person
褚金奎,大连理工大学精密与特种加工教育部重点实验室,373,person
李庆瀛,大连理工大学精密与特种加工教育部重点实验室,374,person
王洪青,大连理工大学精密与特种加工教育部重点实验室,375,person
聂黎明,广西民族大学数学与计算机科学学院,376,person
周永权,广西民族大学数学与计算机科学学院,377,person
张学习,广东工业大学自动化学院,378,person
何启承,广东工业大学自动化学院,379,person
张鹏飞,西安理工大学机械与精密仪器工程学院,380,person
李东洁,哈尔滨理工大学自动化学院,381,person
尤波,哈尔滨理工大学自动化学院,382,person
王宝刚,哈尔滨理工大学自动化学院,383,person
王俭,苏州科技大学电子与信息工程学院,384,person
许波,湖南大学计算机与通信学院,385,person
李智勇,湖南大学计算机与通信学院,386,person
王永,湖南大学计算机与通信学院,387,person
朱从民,西安理工大学机械与精密仪器工程学院,388,person
黄玉美,西安理工大学机械与精密仪器工程学院,389,person
上官望义,西安理工大学机械与精密仪器工程学院,390,person
石杏喜,南京理工大学,391,person
赵春霞,南京理工大学,392,person
郭剑辉,南京理工大学,393,person
程思微,国防科技大学机器人实验室,394,person
梁明,江苏食品职业技术学院,395,person
徐守江,江苏食品职业技术学院,396,person
叶晔,安徽工业大学机械工程学院,397,person
岑豫皖,安徽工业大学机械工程学院,398,person
谢能刚,安徽工业大学机械工程学院,399,person
万树平,江西财经大学信息管理学院,400,person
刘毅华,浙江大学宁波理工学院,401,person
褚如元,镇海炼油化工股份有限公司下属检修安装公司,402,person
晏鹏宇,西北工业大学管理学院,403,person
车阿大,西北工业大学管理学院,404,person
杨乃定,西北工业大学管理学院,405,person
钟娜,西北工业大学管理学院,406,person
张兆印,黑龙江大学计算机科学技术学院,407,person
包芳,江南大学信息工程学院,408,person
潘永惠,江南大学信息工程学院,409,person
须文波,江南大学信息工程学院,410,person
陈志国,江南大学信息工程学院,411,person
陈建荣,广西民族大学数学与计算机科学学院,412,person
石守东,西北工业大学航海学院,413,person
徐德民,西北工业大学航海学院,414,person
赵立兴,燕山大学西校区电院工业计算机控制工程河北省重点实验室,415,person
王双霞,燕山大学西校区电院工业计算机控制工程河北省重点实验室,416,person
王洪瑞,燕山大学西校区电院工业计算机控制工程河北省重点实验室,417,person
李华忠,深圳信息职业技术学院软件工程系,418,person
游维,湘潭大学信息工程学院,419,person
李枚毅,湘潭大学信息工程学院,420,person
吴琼,湘潭大学信息工程学院,421,person
胡剑,湘潭大学信息工程学院,422,person
王杰,郑州大学电气工程学院,423,person
周永年,郑州大学电气工程学院,424,person
刘金锋,郑州大学电气工程学院,425,person
李响,中科院沈阳自动化研究所机器人学国家重点实验室,426,person
王越超,中国科学院研究生院,427,person
陈建平,广东工业大学自动化学院,428,person
杨宜民,肇庆学院计算机科学与软件学院,429,person
陈应松,成都电子机械高等专科学校机电系,430,person
肖世德,成都电子机械高等专科学校机电系,431,person
王文玺,成都电子机械高等专科学校机电系,432,person
林静,成都电子机械高等专科学校机电系,433,person
张卫华,成都电子机械高等专科学校机电系,434,person
罗三定,中南大学信息科学与工程学院,435,person
刘薇,中南大学信息科学与工程学院,436,person
袁铸,河南科技大学电子信息工程学院,437,person
阎保定,河南科技大学电子信息工程学院,438,person
梁丁宏,西安理工大学机械与精密仪器工程学院,439,person
张彤,华南理工大学计算机科学与工程学院,440,person
肖南峰,广东警官学院计算机系,441,person
段爱玲,河南工业大学信息科学与工程学院,442,person
邓高峰,河南工业大学信息科学与工程学院,443,person
张雪萍,河南工业大学信息科学与工程学院,444,person
刘彦萍,河南工业大学信息科学与工程学院,445,person
王家耀,河南工业大学信息科学与工程学院,446,person
张磊,哈尔滨工程大学船舶工程学院,447,person
万磊,哈尔滨工程大学船舶工程学院,448,person
李晔,哈尔滨工程大学船舶工程学院,449,person
姚志广,哈尔滨工程大学船舶工程学院,450,person
付浩,国防科技大学机电工程与自动化学院,451,person
张辉,国防科技大学机电工程与自动化学院,452,person
安向京,国防科技大学机电工程与自动化学院,453,person
陈卫东,燕山大学信息学院,454,person
李宝霞,燕山大学信息学院,455,person
朱奇光,燕山大学信息学院,456,person
傅瑶,合肥工业大学电气学院自动化系,457,person
张崇巍,合肥工业大学电气学院自动化系,458,person
鲍伟,合肥工业大学电气学院自动化系,459,person
徐玉华,合肥工业大学电气学院自动化系,460,person
汪木兰,合肥工业大学电气学院自动化系,461,person
刘松,四川大学计算机学院,462,person
李志蜀,四川大学计算机学院,463,person
李奇,四川大学计算机学院,464,person
杨惠,长沙理工大学计算机与通信工程学院,465,person
李峰,长沙理工大学计算机与通信工程学院,466,person
刘成军,重庆大学智能自动化研究所,467,person
李祖枢,重庆大学智能自动化研究所,468,person
薛方正,重庆大学智能自动化研究所,469,person
王作为,哈尔滨工程大学计算机科学与技术学院,470,person
张汝波,哈尔滨工程大学计算机科学与技术学院,471,person
蔡广宇,南阳理工学院,472,person
芮挺,解放军理工大学工程兵工程学院,473,person
朱经纬,解放军理工大学工程兵工程学院,474,person
蒋新胜,解放军理工大学工程兵工程学院,475,person
廖明,解放军理工大学工程兵工程学院,476,person
肖乐,常熟理工学院计算机科学与工程学院,477,person
李明杰,常熟理工学院计算机科学与工程学院,478,person
潘欣裕,苏州科技学院电子与信息工程学院,479,person
公维理,苏州科技学院电子与信息工程学院,480,person
王俭,苏州科技学院电子与信息工程学院,481,person
赵鹤鸣,苏州科技学院电子与信息工程学院,482,person
朱群峰,邵阳学院电气工程系,483,person
宋亚男,邵阳学院电气工程系,484,person
杨宜民,邵阳学院电气工程系,485,person
徐荣华,邵阳学院电气工程系,486,person
曹有辉,装甲兵工程学院机械工程系,487,person
王良曦,装甲兵工程学院机械工程系,488,person
姜永成,北京航空航天大学机械工程与自动化学院,489,person
周正干,北京航空航天大学机械工程与自动化学院,490,person
任福君,北京航空航天大学机械工程与自动化学院,491,person
王殿君,北京航空航天大学机械工程与自动化学院,492,person
倪鹏,北京航空航天大学机械工程与自动化学院,493,person
冯玉东,燕山大学西校区电院工业计算机控制工程河北省重点实验室,494,person
刘秀玲,燕山大学西校区电院工业计算机控制工程河北省重点实验室,495,person
冯展芳,燕山大学西校区电院工业计算机控制工程河北省重点实验室,496,person
郝晓弘,兰州理工大学电气工程与信息工程学院,497,person
刘晓鹏,兰州理工大学电气工程与信息工程学院,498,person
岳和平,兰州理工大学电气工程与信息工程学院,499,person
张帆,兰州理工大学电气工程与信息工程学院,500,person
刘振宇,沈阳工业大学信息科学与工程学院,501,person
姜楠,沈阳工业大学信息科学与工程学院,502,person
张令涛,沈阳工业大学信息科学与工程学院,503,person
张万绪,西北大学信息科学与技术学院,504,person
张建斌,西北大学信息科学与技术学院,505,person
张远,西北大学信息科学与技术学院,506,person
张海霞,湖南大学电气与信息工程学院,507,person
缪思怡,湖南大学电气与信息工程学院,508,person
雷艳敏,哈尔滨工程大学自动化学院,509,person
朱齐丹,长春大学电子信息工程学院,510,person
冯志彬,空军航空大学航空救生系,511,person
罗钧,重庆大学光电技术及系统教育部重点实验室,512,person
李锐,重庆大学光电技术及系统教育部重点实验室,513,person
樊鹏程,重庆大学光电技术及系统教育部重点实验室,514,person
钱厚亮,南京工业大学自动化学院,515,person
梅雪,南京工业大学自动化学院,516,person
林锦国,南京工业大学自动化学院,517,person
宋银灏,南开大学信息技术科学学院,518,person
安刚,南开大学信息技术科学学院,519,person
张建勋,南开大学信息技术科学学院,520,person
张娜,南开大学信息技术科学学院,521,person
袁丰华,南开大学信息技术科学学院,522,person
蔡剑怀,厦门大学信息科学与技术学院,523,person
李茂青,厦门大学信息科学与技术学院,524,person
吴顺祥,厦门大学信息科学与技术学院,525,person
夏桂华,哈尔滨工程大学自动化学院,526,person
王博,哈尔滨工程大学自动化学院,527,person
朱齐丹,哈尔滨工程大学自动化学院,528,person
刘心,哈尔滨工程大学水下智能机器人技术国防科技重点实验室,529,person
印桂生,哈尔滨工程大学计算机科学与技术学院,530,person
张磊,哈尔滨工程大学信息与通信工程学院,531,person
姜丽梅,哈尔滨工程大学计算机科学与技术学院,532,person
王超伦,哈尔滨工程大学计算机科学与技术学院,533,person
冯洪奎,上海交通大学计算机集成制造研究所,534,person
鲍劲松,上海交通大学计算机集成制造研究所,535,person
金烨,上海交通大学计算机集成制造研究所,536,person
彭辉,广西工业职业技术学院,537,person
曾碧,广东工业大学,538,person
敬成林,重庆大学智能自动化研究所,539,person
王冠林,清华大学计算机科学与技术系,540,person
史海庆,清华大学计算机科学与技术系,541,person
谭洪胜,清华大学计算机科学与技术系,542,person
朱纪洪,清华大学计算机科学与技术系,543,person
隋玲玲,复旦大学电子工程系,544,person
陈雄,复旦大学电子工程系,545,person
马文涛,上海交通大学机械与动力工程学院机器人研究所,546,person
闫维新,上海交通大学机械与动力工程学院机器人研究所,547,person
付庄,上海交通大学机械与动力工程学院机器人研究所,548,person
赵言正,上海交通大学机械与动力工程学院机器人研究所,549,person
李艳东,哈尔滨工程大学自动化学院,550,person
王宗义,哈尔滨工程大学自动化学院,551,person
朱玲,哈尔滨工程大学自动化学院,552,person
张浩鹏,哈尔滨工程大学自动化学院,553,person
向阳琴,湖南大学电气与信息工程学院,554,person
王聪,湖南大学电气与信息工程学院,555,person
蔡文彬,南京师范大学计算机科学与技术学院,556,person
朱庆保,江苏省信息安全保密技术工程研究中心,557,person
刘伟,合肥工业大学电气与自动化工程学院,558,person
王建平,合肥工业大学电气与自动化工程学院,559,person
张崇巍,合肥工业大学电气与自动化工程学院,560,person
国海涛,鲁东大学现代教育技术部,561,person
李梅,鲁东大学现代教育技术部,562,person
杨文潮,鲁东大学现代教育技术部,563,person
苏庆堂,鲁东大学现代教育技术部,564,person
朱庆保,鲁东大学现代教育技术部,565,person
刘山,浙江大学工业控制技术国家重点实验室,566,person
梁文君,浙江大学工业控制技术国家重点实验室,567,person
金英连,中国计量学院机电工程学院,568,person
王斌锐,中国计量学院机电工程学院,569,person
吴善强,中国计量学院机电工程学院,570,person
谢岚,湖南大学电气与信息工程学院,571,person
赵国瑞,湖南大学电气与信息工程学院,572,person
王晓娟,浙江大学流体传动及控制国家重点实验室,573,person
王宣银,浙江大学流体传动及控制国家重点实验室,574,person
毕盛,华南理工大学计算机科学与工程学院,575,person
闵华清,华南理工大学计算机科学与工程学院,576,person
陈强,华南理工大学计算机科学与工程学院,577,person
李宗玮,南开大学信息技术科学学院,578,person
孙雷,南开大学机器人所,579,person
高雷,临沂大学信息学院,580,person
丘柳东,重庆大学自动化学院,581,person
王牛,重庆大学自动化学院,582,person
李祖枢,重庆大学自动化学院,583,person
税海涛,国防科技大学机电工程与自动化学院,584,person
杨庆,国防科技大学机电工程与自动化学院,585,person
李迅,国防科技大学机电工程与自动化学院,586,person
马宏绪,国防科技大学机电工程与自动化学院,587,person
沈春生,湖南大学电气与信息工程学院,588,person
侯艳丽,商丘师范学院计算机科学系,589,person
厚之成,重庆大学智能自动化研究所,590,person
罗荣贵,上海大学机电工程与自动化学院,591,person
屠大维,上海大学机电工程与自动化学院,592,person
胡金东,江南大学通信与控制工程学院,593,person
刘国栋,江南大学通信与控制工程学院,594,person
马千知,陕西师范大学计算机科学学院,595,person
雷秀娟,陕西师范大学计算机科学学院,596,person
崔靖,南京师范大学计算机科学与技术学院,597,person
朱庆保,南京师范大学计算机科学与技术学院,598,person
王娟,南京师范大学计算机科学与技术学院,599,person
黎波,西南科技大学信息工程学院,600,person
李磊民,西南科技大学国防科技学院,601,person
刘英卓,南京财经大学电子商务实验室,602,person
李夏,郑州大学信息工程学院,603,person
张云洲,郑州大学信息工程学院,604,person
徐开勇,郑州大学信息工程学院,605,person
范冠廷,郑州大学信息工程学院,606,person
赵学萍,天津工业大学信息与通信工程学院,607,person
汪剑鸣,天津工业大学信息与通信工程学院,608,person
刘海亭,天津工业大学信息与通信工程学院,609,person
魏志莲,天津工业大学信息与通信工程学院,610,person
李国栋,山东大学控制科学与工程学院,611,person
田国会,山东大学控制科学与工程学院,612,person
周风余,山东大学控制科学与工程学院,613,person
薛英花,山东大学控制科学与工程学院,614,person
厉虹,北京信息科技大学电气工程系,615,person
张甜,北京信息科技大学电气工程系,616,person
安雷,第二炮兵工程学院301教研室,617,person
张国良,第二炮兵工程学院301教研室,618,person
汤文俊,第二炮兵工程学院301教研室,619,person
裴九芳,安徽工程大学机械与汽车工程学院,620,person
王海,安徽工程大学机械与汽车工程学院,621,person
许德章,安徽工程大学机械与汽车工程学院,622,person
蔡建羡,防灾科技学院防灾仪器系,623,person
奥顿,北京工业大学电子信息与控制工程学院,624,person
王娟,空军工程大学电讯工程学院,625,person
吴宪祥,空军工程大学电讯工程学院,626,person
郭宝龙,空军工程大学电讯工程学院,627,person
何少佳,桂林电子科技大学机电工程学院,628,person
刘子扬,桂林电子科技大学机电工程学院,629,person
吴俊君,广东食品药品职业学院,630,person
胡国生,广东食品药品职业学院,631,person
朱克武,广东食品药品职业学院,632,person
陈光明,广东工业大学计算机学院,633,person
曾碧,广东工业大学计算机学院,634,person
吕凌,广东工业大学计算机学院,635,person
黄永龙,厦门大学信息科学与技术学院,636,person
仲训昱,厦门大学信息科学与技术学院,637,person
陈树斌,广东工业大学自动化学院,638,person
陈玮,广东工业大学自动化学院,639,person
李剑平,广东工业大学自动化学院,640,person
黄麟,无锡职业技术学院,641,person
奚茂龙,无锡职业技术学院,642,person
孙俊,无锡职业技术学院,643,person
洪鹰,天津大学机械工程学院,644,person
王乐,天津大学机械工程学院,645,person
姜香菊,兰州交通大学自动化与电气工程学院,646,person
刘二林,兰州交通大学机电工程学院,647,person
曹洁,兰州理工大学计算机与通信学院,648,person
朱宁宁,兰州理工大学计算机与通信学院,649,person
李树荣,中国石油大学(华东)信息与控制工程学院,650,person
马慧超,中国石油大学(华东)信息与控制工程学院,651,person
矫德余,中国石油大学(华东)信息与控制工程学院,652,person
董本志,东北林业大学信息与计算机工程学院,653,person
任惠娟,东北林业大学信息与计算机工程学院,654,person
任洪娥,东北林业大学信息与计算机工程学院,655,person
孙涛,天津工业大学电气工程与自动化学院,656,person
师五喜,天津工业大学电气工程与自动化学院,657,person
杜中栋,山东大学控制科学与工程学院,658,person
刘志勇,山东大学控制科学与工程学院,659,person
曾现峰,中国矿业大学 信息与电气工程学院,660,person
张扬名,湘潭大学信息工程学院,661,person
刘国荣,湖南工程学院,662,person
卢恩超,西北大学信息科学与技术学院,663,person
陈友辉,湖南大学电气与信息工程学院,664,person
肖赞,湖南大学电气与信息工程学院,665,person
董潇健,湖南大学电气与信息工程学院,666,person
李艳东,齐齐哈尔大学计算机与控制工程学院,667,person
朱玲,齐齐哈尔大学计算机与控制工程学院,668,person
孙明,齐齐哈尔大学计算机与控制工程学院,669,person
陈磊,第二炮兵工程大学,670,person
张国良,第二炮兵工程大学,671,person
张维平,第二炮兵工程大学,672,person
敬斌,第二炮兵工程大学,673,person
王全,国防科学技术大学自动化研究所,674,person
王维,国防科学技术大学自动化研究所,675,person
李焱,国防科学技术大学自动化研究所,676,person
刘大学,国防科学技术大学自动化研究所,677,person
胡启祥,浙江交通职业技术学院机电学院,678,person
瞿心昱,浙江交通职业技术学院机电学院,679,person
何志,湖南大学电气与信息工程学院控制科学与工程系,680,person
谭建豪,湖南大学电气与信息工程学院控制科学与工程系,681,person
郑小丽,湖南大学电气与信息工程学院,682,person
杨唐胜,湖南大学电气与信息工程学院,683,person
靳海洋,湖南大学电气与信息工程学院,684,person
王立盛,湖南大学电气与信息工程学院,685,person
刘康克,上海海事大学航运技术与控制工程交通行业重点实验室,686,person
熊亚洲,上海海事大学航运技术与控制工程交通行业重点实验室,687,person
李刚,上海海事大学航运技术与控制工程交通行业重点实验室,688,person
王建华,上海海事大学航运技术与控制工程交通行业重点实验室,689,person
吕战永,辽宁石油化工大学信息与控制工程学院,690,person
曹江涛,辽宁石油化工大学信息与控制工程学院,691,person
万晓凤,南昌大学信息工程学院,692,person
胡伟,南昌大学信息工程学院,693,person
方武义,南昌大学信息工程学院,694,person
郑博嘉,南昌大学信息工程学院,695,person
李春光,江南大学物联网工程学院,696,person
刘国栋,常州工学院计算机信息工程学院,697,person
郭新年,江南大学轻工过程先进控制教育部重点实验室,698,person
白瑞林,江南大学轻工过程先进控制教育部重点实验室,699,person
王秀平,江南大学轻工过程先进控制教育部重点实验室,700,person
刘子腾,江南大学轻工过程先进控制教育部重点实验室,701,person
李文波,湖南大学电气与信息工程学院,702,person
金娟,湖南大学电气与信息工程学院,703,person
贠今天,天津市现代机电装备技术重点实验室,704,person
许立磊,天津市现代机电装备技术重点实验室,705,person
桑宏强,天津市现代机电装备技术重点实验室,706,person
罗俊芝,装甲兵工程学院基础部,707,person
杨万利,装甲兵工程学院基础部,708,person
李红燕,装甲兵工程学院基础部,709,person
刘艳霞,装甲兵工程学院基础部,710,person
闫文才,江南大学轻工过程先进控制教育部重点实验室,711,person
李新,江南大学轻工过程先进控制教育部重点实验室,712,person
李龙澍,安徽大学计算智能与信号处理教育部重点实验室,713,person
方园,安徽大学计算智能与信号处理教育部重点实验室,714,person
李新,信息与控制实验教学中心,715,person
白瑞林,无锡信捷电气有限公司,716,person
陆娜,山东大学控制科学与工程学院,717,person
路飞,山东大学控制科学与工程学院,718,person
张伟,山东大学控制科学与工程学院,719,person
王汐,湖南科技大学信息与电气工程学院,720,person
周少武,湖南科技大学信息与电气工程学院,721,person
曾照福,湖南科技大学信息与电气工程学院,722,person
陈微,湖南科技大学信息与电气工程学院,723,person
周游,湖南科技大学信息与电气工程学院,724,person
王洪泉,天津工业大学电气工程及自动化学院,725,person
师五喜,天津工业大学电气工程及自动化学院,726,person
常绍平,天津工业大学电气工程及自动化学院,727,person
修春波,天津工业大学电气工程及自动化学院,728,person
孟宪全,天津市现代机电装备技术重点实验室,729,person
杨向红,天津市现代机电装备技术重点实验室,730,person
曾明如,南昌大学信息工程学院,731,person
徐小勇,南昌大学信息工程学院,732,person
刘亮,南昌大学信息工程学院,733,person
罗浩,南昌大学信息工程学院,734,person
徐志敏,南昌大学信息工程学院,735,person
许凡,江南大学轻工过程先进控制教育部重点实验室,736,person
过志强,江南大学轻工过程先进控制教育部重点实验室,737,person
苏学满,安徽工程大学机械与汽车工程学院,738,person
孙丽丽,安徽工程大学机器人产业技术研究院,739,person
陈世明,华东交通大学电气与电子工程学院,740,person
丁贤达,华东交通大学电气与电子工程学院,741,person
化俞新,华东交通大学电气与电子工程学院,742,person
张杰,南京农业大学工学院,743,person
姬长英,南京农业大学工学院,744,person
顾宝兴,南京农业大学工学院,745,person
沈子尧,南京农业大学工学院,746,person
董芒,南京农业大学工学院,747,person
赵登步,江南大学轻工过程先进控制教育部重点实验室,748,person
白瑞林,信息与控制实验教学中心,749,person
李新,无锡信捷电气有限公司,750,person
雷霆,第二炮兵工程大学,751,person
汤文俊,第二炮兵工程大学,752,person
孙一杰,第二炮兵工程大学,753,person
郑来芳,湖南大学电气与信息工程学院,754,person
欧阳明华,湖南大学电气与信息工程学院,755,person
李飞,湖南大学电气与信息工程学院,756,person
王铭,高可靠嵌入式系统技术北京市工程研究中心电子系统可靠性技术北京市重点实验室,757,person
王瑞,高可靠嵌入式系统技术北京市工程研究中心电子系统可靠性技术北京市重点实验室,758,person
李晓娟,高可靠嵌入式系统技术北京市工程研究中心电子系统可靠性技术北京市重点实验室,759,person
关永,高可靠嵌入式系统技术北京市工程研究中心电子系统可靠性技术北京市重点实验室,760,person
张杰,高可靠嵌入式系统技术北京市工程研究中心电子系统可靠性技术北京市重点实验室,761,person
魏洪兴,高可靠嵌入式系统技术北京市工程研究中心电子系统可靠性技术北京市重点实验室,762,person
吕金秋,上海工程技术大学电子电气工程学院,763,person
游晓明,上海工程技术大学电子电气工程学院,764,person
刘升,上海工程技术大学电子电气工程学院,765,person
刘锴,上海工程技术大学电子电气工程学院,766,person
李连中,华南理工大学机械与汽车工程学院,767,person
翟敬梅,华南理工大学机械与汽车工程学院,768,person
何海洋,华南理工大学机械与汽车工程学院,769,person
何元烈,广东工业大学计算机学院,770,person
徐扣,广东工业大学计算机学院,771,person
韩奉林,中南大学高性能复杂制造国家重点实验室,772,person
江晓磊,中南大学高性能复杂制造国家重点实验室,773,person
严宏志,中南大学高性能复杂制造国家重点实验室,774,person
高赢,湘潭大学信息工程学院机器人视觉感知与控制技术国家工程实验室,775,person
张莹,湘潭大学信息工程学院机器人视觉感知与控制技术国家工程实验室,776,person
闫璠,湘潭大学信息工程学院机器人视觉感知与控制技术国家工程实验室,777,person
涂勇涛,湘潭大学信息工程学院机器人视觉感知与控制技术国家工程实验室,778,person
张东波,湘潭大学信息工程学院机器人视觉感知与控制技术国家工程实验室,779,person
李庆香,重庆文理学院软件工程学院,780,person
赵晓飞,重庆文理学院经济管理学院,781,person
王军华,上海大学通信与信息工程学院,782,person
李丁,上海大学通信与信息工程学院,783,person
刘盛鹏,上海大学通信与信息工程学院,784,person
应文杰,南昌大学信息工程学院,785,person
徐开,南昌大学信息工程学院,786,person
徐少平,南昌大学信息工程学院,787,person
桑宏强,天津工业大学机械工程学院,788,person
陈发,天津工业大学机械工程学院,789,person
刘芬,天津工业大学机械工程学院,790,person
杨铖浩,天津工业大学机械工程学院,791,person
许丽萍,天津工业大学机械工程学院,792,person
李庆,华侨大学工业智能化技术与系统福建省高校工程研究中心,793,person
郑力新,华侨大学工业智能化技术与系统福建省高校工程研究中心,794,person
潘书万,华侨大学工业智能化技术与系统福建省高校工程研究中心,795,person
张裕坤,华侨大学工业智能化技术与系统福建省高校工程研究中心,796,person
谢一首,华侨大学工业智能化技术与系统福建省高校工程研究中心,797,person
熊志恒,武汉科技大学冶金自动化与检测技术教育部工程研究中心,798,person
闵华松,武汉科技大学冶金自动化与检测技术教育部工程研究中心,799,person
谢宏,湖南大学电气与信息工程学院自动化系,800,person
向启均,湖南大学电气与信息工程学院自动化系,801,person
陈海滨,湖南大学电气与信息工程学院自动化系,802,person
张小刚,湖南大学电气与信息工程学院自动化系,803,person
杨鹏,湖南大学电气与信息工程学院自动化系,804,person
张爱林,湖南大学电气与信息工程学院自动化系,805,person
李云峰,湖南大学电气与信息工程学院自动化系,806,person
田勇,廊坊市人民防空办公室,807,person
王欢,北华航天工业学院科学技术处,808,person
张云峰,北华航天工业学院计算机与遥感信息技术学院,809,person
康代轲,同济大学机械与能源工程学院,810,person
陈明,同济大学中德工程学院,811,person
郭文县,哈尔滨工程大学自动化学院,812,person
高晨曦,哈尔滨工程大学自动化学院,813,person
张智,哈尔滨工程大学自动化学院,814,person
张磊,哈尔滨工程大学自动化学院,815,person
李珣,西安工程大学电子信息学院,816,person
刘丽,西安工程大学电子信息学院,817,person
洪良,西安工程大学电子信息学院,818,person
王晓华,西安工程大学电子信息学院,819,person
李波,云南大学信息学院,820,person
薛端,云南大学信息学院,821,person
黄鑫,云南大学信息学院,822,person
贠今天,天津工业大学机械工程学院,823,person
郑争光,四川理工学院自动化与信息工程学院,824,person
任小洪,四川理工学院自动化与信息工程学院,825,person
程亚军,四川理工学院自动化与信息工程学院,826,person
常政威,四川理工学院自动化与信息工程学院,827,person
李黎,航天科技集团九院16所,828,person
尚俊云,航天科技集团九院16所,829,person
冯艳丽,航天科技集团九院16所,830,person
淮亚文,航天科技集团九院16所,831,person
刘鹏飞,西安交通大学电子与信息工程学院,832,person
韩九强,西北工业学校,833,person
段延礼,西北工业学校 陕西西安710049,834,person
姚俊,陕西兴平713100,835,person
王月明,燕山大学信息科学与工程学院 河北秦皇岛066004,836,person
赵立强,内蒙古科技大学理学院,837,person
陈修龙,山东科技大学机电学院,838,person
赵永生,燕山大学机械工程学院,839,person
邓昱,山东科技大学图书馆 山东青岛266510,840,person
王远,西北工业大学管理学院 陕西西安710072,841,person
孙汉旭,北京邮电大学计算机科学与技术学院,842,person
贾庆轩,北京邮电大学计算机科学与技术学院,843,person
郑一力,北京邮电大学计算机科学与技术学院,844,person
程时端,北京邮电大学计算机科学与技术学院,845,person
张均富,四川大学制造科学与工程学院,846,person
王杰,四川大学制造科学与工程学院,847,person
徐礼钜,四川大学制造科学与工程学院,848,person
王文玺,西南交通大学机械工程学院,849,person
肖世德,西南交通大学机械工程学院,850,person
孟祥印,西南交通大学机械工程学院,851,person
陈应松,西南交通大学机械工程学院,852,person
张卫华,西南交通大学机械工程学院,853,person
李鹏,西北工业大学管理学院,854,person
尹湘云,四川大学制造科学与工程学院,855,person
殷鹰,四川大学制造科学与工程学院,856,person
胡晓兵,四川大学制造科学与工程学院,857,person
殷国富,四川大学制造科学与工程学院,858,person
段艳宾,燕山大学机械工程学院,859,person
梁顺攀,燕山大学机械工程学院,860,person
李聪,燕山大学机械工程学院,861,person
梁捷,福州大学机械工程及自动化学院,862,person
陈力,福建省制造业数字化设计工程研究中心,863,person
梁频,中国空气动力研究与发展中心低速空气动力研究所,864,person
单以才,南京信息职业技术学院机电学院,865,person
何宁,南京信息职业技术学院机电学院,866,person
李亮,南京信息职业技术学院机电学院,867,person
杨煜俊,广东工业大学广东省计算机集成制造重点实验室,868,person
龙传泽,广东工业大学广东省计算机集成制造重点实验室,869,person
陶宇,广东工业大学广东省计算机集成制造重点实验室,870,person
韩金,北京化工大学机电工程学院,871,person
陈国华,北京化工大学机电工程学院,872,person
张爱军,北京化工大学机电工程学院,873,person
周卫华,台州职业技术学院自动化研究所,874,person
王班,台州职业技术学院自动化研究所,875,person
郭吉丰,台州职业技术学院自动化研究所,876,person
郑坤明,江南大学机械工程学院,877,person
张秋菊,江苏省食品先进制造装备技术重点实验室,878,person
徐立云,同济大学现代制造技术研究所,879,person
蔡炳杰,同济大学现代制造技术研究所,880,person
杨连生,同济大学现代制造技术研究所,881,person
李爱平,同济大学现代制造技术研究所,882,person
许勇,上海工程技术大学机械工程学院,883,person
程浩,上海工程技术大学机械工程学院,884,person
王鑫,上海工程技术大学机械工程学院,885,person
陈友东,北京航空航天大学机械工程及自动化学院,886,person
郭佳鑫,北京航空航天大学机械工程及自动化学院,887,person
刘嘉蕾,北京航空航天大学机械工程及自动化学院,888,person
陶永,北京航空航天大学机械工程及自动化学院,889,person
王万良,浙江工业大学计算机科学与技术学院,890,person
朱炎亮,浙江工业大学计算机科学与技术学院,891,person
王铮,浙江工业大学计算机科学与技术学院,892,person
屠海龙,浙江工业大学计算机科学与技术学院,893,person
张丹露,中国科学院大学计算机控制学院,894,person
孙小勇,中国科学院大学计算机控制学院,895,person
傅顺,中国科学院大学计算机控制学院,896,person
郑彬,中国科学院大学计算机控制学院,897,person
郑华栋,大连理工大学机械工程学院,898,person
丛明,大连理工大学机械工程学院,899,person
刘毅,大连理工大学机械工程学院,900,person
董航,大连理工大学机械工程学院,901,person
刘冬,大连理工大学机械工程学院,902,person
王鸿鹏,哈尔滨工业大学计算机系,903,person
洪炳熔,哈尔滨工业大学计算机系,904,person
李华忠,哈尔滨工业大学计算机系,905,person
唐好选,哈尔滨工业大学计算机系,906,person
褚海涛,哈尔滨工业大学计算机科学与工程系,907,person
洪炳熔,哈尔滨工业大学计算机科学与工程系,908,person
高全胜,哈尔滨工业大学计算机科学与工程系,909,person
王月海,哈尔滨工业大学计算机科学与工程系,910,person
汤双清,武汉水利电力大学 机械学院,911,person
Michel DUPAS,Valenciennes University,912,person
刘永红,石油大学机电系,913,person
杨毅,石油大学机电系,914,person
李庆云,石油大学机电系,915,person
刘传才,福州大学计算机科学与技术系,916,person
杨静宇,南京理工大学计算机科学与工程系 福建福州350002,917,person
孟伟,哈尔滨工业大学计算机系智能机器人研究室,918,person
汤双清,华中科技大学机械学院,919,person
付建科,三峡大学机械学院,920,person
施仲光,华中科技大学机械学院 湖北武汉430074,921,person
廖道训,湖北宜昌443002,922,person
屈彦呈,哈尔滨工业大学控制科学与工程系,923,person
王常虹,哈尔滨工业大学控制科学与工程系,924,person
庄显义,哈尔滨工业大学控制科学与工程系,925,person
金飞虎,哈尔滨工业大学计算机学院,926,person
洪炳熔,哈尔滨工业大学计算机学院,927,person
柳长安,哈尔滨工业大学计算机学院,928,person
高庆吉,哈尔滨工业大学计算机学院,929,person
马力波,重庆大学自动化学院,930,person
黄席樾,重庆大学自动化学院 重庆400044贵州广播电视大学理工教学部,931,person
陈东义,贵州贵阳550004,932,person
何传江,重庆400044,933,person
吴宏途,福建师范大学,934,person
严闪,福建师范大学 福建福州350007,935,person
谷学静,北京科技大学信息工程学院,936,person
石志国,北京科技大学信息工程学院,937,person
王志良,北京科技大学信息工程学院,938,person
梁冰,哈尔滨工业大学计算机信息科学系,939,person
洪炳熔,哈尔滨工业大学计算机信息科学系 黑龙江哈尔滨150001,940,person
林晋,华北电力大学计算机科学与技术系,941,person
柳长安,华北电力大学计算机科学与技术系,942,person
吴克河,华北电力大学计算机科学与技术系,943,person
徐燕,华北电力大学计算机科学与技术系,944,person
刘克勤,华北电力大学计算机科学与技术系,945,person
贺继林,上海交通大学机器人研究所,946,person
王春香,上海交通大学机器人研究所,947,person
杨汝清,上海交通大学机器人研究所,948,person
田华阁,上海交通大学机器人研究所,949,person
凌凤琪,华北电力大学计算机科学与技术系,950,person
鲍国超,华北电力大学计算机科学与技术系,951,person
李淑琴,南京理工大学计算机系,952,person
唐振民,南京理工大学计算机系,953,person
赵春霞,南京理工大学计算机系,954,person
杨静宇,南京理工大学计算机系,955,person
宋道金,山东理工大学计算机学院,956,person
李宏涛,山东省科学院,957,person
李彩虹,山东理工大学计算机学院 山东淄博255091,958,person
肖爱梅,山东济南250014,959,person
顿文力,中国海洋大学计算机科学系,960,person
孟庆春,中国海洋大学计算机科学系 山东青岛266071,961,person
庄晓东,山东青岛266071清华大学智能技术与系统国家重点实验室北京100084,962,person
马雪英,浙江财经学院信息管理系,963,person
何臻峰,浙江大学计算机科学系,964,person
林兰芬,浙江大学计算机科学系 浙江 杭州 310012,965,person
曹自洋,郑州工程学院机电工程系,966,person
郝矿荣,东华大学信息学院 河南 郑州 450052,967,person
刘永,南京理工大学材料系,968,person
王克鸿,南京理工大学计算机系 江苏南京210094南京理工大学计算机系江苏南京210094,969,person
杨静宇,江苏南京210094,970,person
赵丽媛,华北电力大学计算机科学与技术系,971,person
柳长安,华北电力大学计算机科学与技术系 北京102206,972,person
张友,上海交通大学机器人研究所,973,person
栾楠,上海交通大学机器人研究所,974,person
刘宝生,上海交通大学机器人研究所,975,person
李彩虹,山东大学控制科学与工程学院,976,person
李贻斌,山东大学控制科学与工程学院 山东济南250061 山东理工大学计算机科学与技术学院,977,person
曹成才,四川大学制造科学与工程学院,978,person
姚进,四川大学制造科学与工程学院,979,person
王强,四川大学制造科学与工程学院,980,person
刘玲,湖南大学智能自动化重点实验室,981,person
王耀南,湖南大学智能自动化重点实验室,982,person
况菲,湖南大学智能自动化重点实验室,983,person
张辉,湖南大学智能自动化重点实验室,984,person
赵先章,中国科学院自动化研究所,985,person
常红星,中国科学院自动化研究所,986,person
曾隽芳,中国科学院自动化研究所,987,person
高一波,中国科学院自动化研究所,988,person
尹怡欣,北京科技大学信息工程学院 北京100083,989,person
涂序彦,山东工商学院信息与电子工程学院,990,person
孙铁强,山东烟台264005,991,person
王东署,郑州大学 电气工程学院,992,person
迟健男,北京科技大学 信息工程学院 郑州450001,993,person
张平,华南理工大学 计算机科学与工程学院,994,person
杨时杰,哈尔滨工业大学 深圳研究院 广州 510640,995,person
梁斌,广东 深圳 518057,996,person
郝宗波,哈尔滨工业大学计算机科学与技术学院,997,person
黄庆成,哈尔滨工业大学计算机科学与技术学院,998,person
朱法强,北京科技大学信息工程学院,999,person
于金霞,河南理工大学计算机科学与技术学院,1000,person
蔡自兴,中南大学信息科学与工程学院,1001,person
段琢华,中南大学信息科学与工程学院 河南焦作454003,1002,person
张幼明,北京科技大学信息工程学院,1003,person
刘关俊,中南大学信息科学与工程学院 长沙410083,1004,person
张文丙,郑州大学电气工程学院 郑州450001,1005,person
宋洪军,山东大学控制科学与工程学院机器人中心,1006,person
马昕,山东大学控制科学与工程学院机器人中心,1007,person
李贻斌,山东大学控制科学与工程学院机器人中心,1008,person
贾磊,山东大学控制科学与工程学院机器人中心,1009,person
张永强,安徽工业大学计算机学院 安徽马鞍山243002,1010,person
周风余,山东大学控制科学与工程学院机器人中心,1011,person
薛晗,国防科学技术大学机电工程与自动化学院,1012,person
陶溢,国防科学技术大学机电工程与自动化学院 长沙410073,1013,person
马宏绪,解放军武汉军械士官学校,1014,person
李雪,长安大学电子与控制工程学院,1015,person
贺昱曜,长安大学电子与控制工程学院,1016,person
闫茂德,长安大学电子与控制工程学院,1017,person
张亚鸣,中南大学信息科学与工程学院,1018,person
雷小宇,中南大学信息科学与工程学院,1019,person
杨胜跃,中南大学信息科学与工程学院,1020,person
樊晓平,中南大学信息科学与工程学院,1021,person
瞿志华,中南大学信息科学与工程学院,1022,person
贾占朝,中南大学信息科学与工程学院,1023,person
庞永杰,哈尔滨工程大学船舶工程学院,1024,person
唐旭东,哈尔滨工程大学船舶工程学院,1025,person
刘庆波,北京工业大学机电学院,1026,person
余跃庆,北京工业大学机电学院,1027,person
苏丽颖,北京工业大学机电学院,1028,person
张恒,华东交通大学信息工程学院,1029,person
刘艳丽,华东交通大学信息工程学院,1030,person
樊晓平,华东交通大学信息工程学院,1031,person
瞿志华,华东交通大学信息工程学院,1032,person
梁永生,深圳信息职业技术学院软件工程系,1033,person
洪炳熔,深圳信息职业技术学院软件工程系,1034,person
阮晓钢,北京工业大学电子信息与控制工程学院,1035,person
任红格,北京工业大学电子信息与控制工程学院,1036,person
练家乐,广东工业大学自动化学院,1037,person
潘薇,中南大学信息科学与工程学院,1038,person
陈白帆,中南大学信息科学与工程学院,1039,person
余伶俐,中南大学信息科学与工程学院,1040,person
任孝平,中南大学信息科学与工程学院,1041,person
卢薇薇,中南大学信息科学与工程学院,1042,person
张洪宇,国防科学技术大学机电工程与自动化学院自动化所,1043,person
徐昕,国防科学技术大学机电工程与自动化学院自动化所,1044,person
张鹏程,国防科学技术大学机电工程与自动化学院自动化所,1045,person
刘春明,国防科学技术大学机电工程与自动化学院自动化所,1046,person
宋金泽,国防科学技术大学机电工程与自动化学院自动化所,1047,person
房芳,东南大学自动化学院复杂工程系统测量与控制教育部重点实验室,1048,person
马旭东,东南大学自动化学院复杂工程系统测量与控制教育部重点实验室,1049,person
戴先中,东南大学自动化学院复杂工程系统测量与控制教育部重点实验室,1050,person
袁湘鹏,中南大学信息科学与工程学院,1051,person
刘利枚,中南大学信息科学与工程学院,1052,person
徐海伟,中国海洋大学信息学院电子系,1053,person
殷波,中国海洋大学信息学院电子系,1054,person
徐涛,中国海洋大学信息学院电子系,1055,person
邹磊,中南大学信息科学与工程学院,1056,person
刘玉芹,沈阳化工学院信息工程学院,1057,person
曹景兴,沈阳新松机器人有限公司,1058,person
杨晶东,上海理工大学光电信息与计算机工程学院,1059,person
杨敬辉,哈尔滨工业大学计算机科学与工程学院,1060,person
洪炳镕,上海第二工业大学经济管理学院,1061,person
陈涛,河北工业大学机械工程学院,1062,person
张明路,河北工业大学机械工程学院,1063,person
付灵丽,河北工业大学机械工程学院,1064,person
孙晋,华东交通大学信息工程学院,1065,person
严乔,华南理工大学电子与信息学院,1066,person
金连文,华南理工大学电子与信息学院,1067,person
吴培良,燕山大学信息科学与工程学院,1068,person
柯文德,茂名学院计算机科学与技术系,1069,person
蔡则苏,茂名学院计算机科学与技术系,1070,person
李家兰,茂名学院计算机科学与技术系,1071,person
苑召国,广东工业大学自动化学院,1072,person
胡喜玲,鲁东大学信息科学与工程学院,1073,person
国海涛,鲁东大学信息科学与工程学院,1074,person
蒲兴成,重庆邮电大学数理学院,1075,person
张军,重庆邮电大学数理学院,1076,person
张毅,重庆邮电大学数理学院,1077,person
王浩,合肥工业大学计算机与信息学院,1078,person
年士瑞,合肥工业大学计算机与信息学院,1079,person
方宝富,合肥工业大学计算机与信息学院,1080,person
王国庆,合肥工业大学计算机与信息学院,1081,person
韩无盐,合肥工业大学计算机与信息学院,1082,person
党培,燕山大学信息科学与工程学院,1083,person
谭云福,燕山大学信息科学与工程学院,1084,person
申利民,燕山大学信息科学与工程学院,1085,person
柯文德,广东石油化工学院计算机科学与技术系,1086,person
蔡则苏,广东石油化工学院计算机科学与技术系,1087,person
彭志平,广东石油化工学院计算机科学与技术系,1088,person
钟秋波,广东石油化工学院计算机科学与技术系,1089,person
朴松昊,广东石油化工学院计算机科学与技术系,1090,person
张毅,重庆邮电大学智能系统及机器人研究所,1091,person
赵黎明,重庆邮电大学智能系统及机器人研究所,1092,person
罗元,重庆邮电大学智能系统及机器人研究所,1093,person
钟珊,常熟理工学院计算机科学与工程学院,1094,person
常晋义,常熟理工学院计算机科学与工程学院,1095,person
刘一松,常熟理工学院计算机科学与工程学院,1096,person
殷旭东,常熟理工学院计算机科学与工程学院,1097,person
侯敬巍,吉林大学机械科学与工程学院,1098,person
赵丁选,吉林大学机械科学与工程学院,1099,person
巩明德,吉林大学机械科学与工程学院,1100,person
崔玉鑫,吉林大学机械科学与工程学院,1101,person
曾健平,湖南大学物理与微电子科学学院,1102,person
王保同,湖南大学物理与微电子科学学院,1103,person
谢海情,湖南大学物理与微电子科学学院,1104,person
姜莹,沈阳工业大学电气工程学院,1105,person
白保东,沈阳工业大学电气工程学院,1106,person
王硕玉,沈阳工业大学电气工程学院,1107,person
郭金玉,沈阳工业大学电气工程学院,1108,person
朱效洲,国防科学技术大学机电工程与自动化学院,1109,person
李宇波,国防科学技术大学机电工程与自动化学院,1110,person
卢惠民,国防科学技术大学机电工程与自动化学院,1111,person
张辉,国防科学技术大学机电工程与自动化学院,1112,person
李彩虹,山东理工大学计算机科学与技术学院,1113,person
李贻斌,山东理工大学计算机科学与技术学院,1114,person
王凤英,山东理工大学计算机科学与技术学院,1115,person
赵磊,山东理工大学计算机科学与技术学院,1116,person
韩震峰,哈尔滨工业大学机器人技术与系统国家重点实验室,1117,person
刘刚峰,哈尔滨工业大学机器人技术与系统国家重点实验室,1118,person
赵杰,哈尔滨工业大学机器人技术与系统国家重点实验室,1119,person
王梅,上海大学机电工程与自动化学院,1120,person
王叶婷,上海大学机电工程与自动化学院,1121,person
江济良,上海大学机电工程与自动化学院,1122,person
张国栋,上海大学机电工程与自动化学院,1123,person
樊帅权,东南大学复杂工程系统测量与控制教育部重点实验室,1124,person
周波,东南大学复杂工程系统测量与控制教育部重点实验室,1125,person
孟正大,东南大学复杂工程系统测量与控制教育部重点实验室,1126,person
戴先中,东南大学复杂工程系统测量与控制教育部重点实验室,1127,person
刘国荣,湘潭大学信息工程学院,1128,person
兰永红,湘潭大学信息工程学院,1129,person
阎静,太原科技大学计算机科学与技术学院复杂系统与计算智能实验室,1130,person
曾建潮,太原科技大学计算机科学与技术学院复杂系统与计算智能实验室,1131,person
张国有,太原科技大学计算机科学与技术学院复杂系统与计算智能实验室,1132,person
王军红,西南科技大学信息工程学院,1133,person
江虹,西南科技大学信息工程学院,1134,person
黄玉清,西南科技大学信息工程学院,1135,person
伍晓利,西南科技大学信息工程学院,1136,person
闵伟伟,江南大学物联网工程学院教育部重点实验室,1137,person
刘国栋,江南大学物联网工程学院教育部重点实验室,1138,person
莫栋成,江南大学物联网工程学院教育部重点实验室,1139,person
黎萍,电子科技大学中山学院,1140,person
高扬,长安大学汽车学院,1141,person
胡大伟,长安大学汽车学院,1142,person
王来军,长安大学汽车学院,1143,person
杨京帅,长安大学汽车学院,1144,person
李宪华,安徽理工大学机械工程学院,1145,person
郭永存,安徽理工大学机械工程学院,1146,person
张军,安徽理工大学机械工程学院,1147,person
郭帅,安徽理工大学机械工程学院,1148,person
尹俊明,南京航空航天大学仿生结构与材料防护研究所,1149,person
李宏凯,南京航空航天大学仿生结构与材料防护研究所,1150,person
戴振东,南京航空航天大学仿生结构与材料防护研究所,1151,person
陈珂,广东石油化工学院计算机科学与技术系,1152,person
王开宇,哈尔滨工程大学自动化学院,1153,person
夏国清,哈尔滨工程大学自动化学院,1154,person
吴迪,哈尔滨工程大学自动化学院,1155,person
邓文红,西南交通大学智能控制开发中心,1156,person
李龙,西南交通大学智能控制开发中心,1157,person
蔡洪斌,西南交通大学智能控制开发中心,1158,person
柏继云,哈尔滨工业大学控制科学与工程系,1159,person
李士勇,东北农业大学理学院,1160,person
张瑞海,西南交通大学CADI工程中心,1161,person
王淑营,四川成焊宝玛焊接装备工程有限公司,1162,person
应再恩,江南大学机械工程学院,1163,person
李正洋,江南大学机械工程学院,1164,person
平雪良,江南大学机械工程学院,1165,person
蒋毅,江南大学机械工程学院,1166,person
刘开明,江南大学机械工程学院,1167,person
弋英民,西安理工大学自动化与信息工程学院,1168,person
黄莹,西安理工大学自动化与信息工程学院,1169,person
黄诚,上海理工大学光电信息与计算机工程学院,1170,person
刘华平,清华大学,1171,person
沈昱明,清华大学计算机科学与技术系,1172,person
刘大勇,华东交通大学信息工程学院,1173,person
朱霞,南京航空航天大学机械结构力学及控制国家重点实验室,1174,person
陈仁文,南京航空航天大学机械结构力学及控制国家重点实验室,1175,person
夏桦康,南京航空航天大学机械结构力学及控制国家重点实验室,1176,person
章飘艳,南京航空航天大学机械结构力学及控制国家重点实验室,1177,person
李华忠,深圳信息职业技术学院软件学院,1178,person
梁永生,深圳信息职业技术学院软件学院,1179,person
但唐仁,深圳信息职业技术学院软件学院,1180,person
潘桂彬,江南大学物联网工程学院教育部重点实验室,1181,person
张世龙,江南大学物联网工程学院教育部重点实验室,1182,person
蒋科辉,湖南女子学院应用数学与智能信息处理研究所,1183,person
杨慧民,湖南工程学院工程训练中心,1184,person
樊小平,中南大学信息工程学院,1185,person
黄亮,中国电子科技集团公司第28研究所,1186,person
段渭军,中国电子科技集团公司第28研究所,1187,person
王福豹,中国电子科技集团公司第28研究所,1188,person
严国强,中国电子科技集团公司第28研究所,1189,person
马超,中国电子科技集团公司第28研究所,1190,person
张毅,重庆邮电大学信息无障碍研发中心,1191,person
程铁凤,重庆邮电大学信息无障碍研发中心,1192,person
罗元,重庆邮电大学信息无障碍研发中心,1193,person
傅有力,重庆邮电大学信息无障碍研发中心,1194,person
王科俊,哈尔滨工程大学自动化学院,1195,person
杜同春,哈尔滨工程大学自动化学院,1196,person
董永峰,河北工业大学计算机科学与软件学院,1197,person
王安娜,河北工业大学计算机科学与软件学院,1198,person
周艳聪,河北工业大学计算机科学与软件学院,1199,person
顾军华,河北工业大学计算机科学与软件学院,1200,person
邓先瑞,唐山师范学院计算机科学系,1201,person
聂雪媛,中国科学院力学研究所,1202,person
刘国平,哈尔滨工业大学航空学院,1203,person
孔庆艳,新疆大学电气工程学院,1204,person
袁杰,新疆大学电气工程学院,1205,person
郭俊辉,新疆大学电气工程学院,1206,person
梁娟,河南工学院计算机科学与技术系,1207,person
赵开新,河南工学院计算机科学与技术系,1208,person
陈伟,河南工学院计算机科学与技术系,1209,person
祝毅鸣,郑州大学西亚斯国际学院,1210,person
张波,郑州大学西亚斯国际学院,1211,person
刘莹,郑州大学西亚斯国际学院,1212,person
王颖,郑州大学西亚斯国际学院,1213,person
张波,厦门大学软件学院,1214,person
盛进源,四川大学电气信息学院,1215,person
刘宜成,四川大学电气信息学院,1216,person
张欢庆,四川大学电气信息学院,1217,person
张涛,四川大学电气信息学院,1218,person
王权,上海大学机电工程与自动化学院,1219,person
胡越黎,上海市电站自动化技术重点实验室,1220,person
张贺,上海大学微电子研究与开发中心,1221,person
周亚丽,北京信息科技大学自动化学院,1222,person
张奇志,北京信息科技大学自动化学院,1223,person
陈果,武汉理工大学光纤传感技术与信息处理教育部重点实验室,1224,person
刘金根,武汉理工大学光纤传感技术与信息处理教育部重点实验室,1225,person
韩世鹏,武汉理工大学光纤传感技术与信息处理教育部重点实验室,1226,person
刘军梅,上海理工大学光电信息与计算机工程学院,1227,person
龚朝晖,上海理工大学光电信息与计算机工程学院,1228,person
侯运锋,上海理工大学光电信息与计算机工程学院,1229,person
马飞,中国矿业大学(北京)机电与信息工程学院,1230,person
贾瑞清,中国矿业大学(北京)机电与信息工程学院,1231,person
宋涛,中国矿业大学(北京)机电与信息工程学院,1232,person
牛世琛,中国矿业大学(北京)机电与信息工程学院,1233,person
曾俊宝,中国科学院沈阳自动化研究所机器人学国家重点实验室,1234,person
李硕,中国科学院沈阳自动化研究所机器人学国家重点实验室,1235,person
刘鑫宇,中国科学院沈阳自动化研究所机器人学国家重点实验室,1236,person
李一平,中国科学院沈阳自动化研究所机器人学国家重点实验室,1237,person
王晓辉,中国科学院沈阳自动化研究所机器人学国家重点实验室,1238,person
徐风尧,中南大学机电工程学院,1239,person
王恒升,高性能复杂制造国家重点实验室,1240,person
王寻羽,浙江大学计算机科学系,1241,person
朱淼良,浙江大学计算机科学系,1242,person
王洪燕,合肥工业大学人工智能研究所,1243,person
杨敬安,合肥工业大学人工智能研究所,1244,person
蒋培,合肥工业大学人工智能研究所,1245,person
王月海,哈尔滨工业大学计算机科学与技术系,1246,person
洪炳镕,哈尔滨工业大学计算机科学与技术系 哈尔滨150001,1247,person
郭琦,哈尔滨工业大学计算机科学与工程学院,1248,person
洪炳熔,哈尔滨工业大学计算机科学与工程学院 哈尔滨150001,1249,person
施华,上海大学计算机工程与科学学院,1250,person
李超,上海大学计算机工程与科学学院,1251,person
王醒策,哈尔滨工程大学计算机科学与技术学院,1252,person
张汝波,哈尔滨工程大学计算机科学与技术学院 哈尔滨150001,1253,person
顾国昌,中国科学院沈阳自动化研究所机器人学重点实验室沈阳110015,1254,person
吴庆祥,福建师范大学实验中心,1255,person
严闪,福建师范大学实验中心,1256,person
黄晞,福建师范大学实验中心,1257,person
陈振荣,福建师范大学实验中心,1258,person
胡凌云,清华大学计算机科学与技术系智能技术与系统国家重点实验室,1259,person
孙增圻,清华大学计算机科学与技术系智能技术与系统国家重点实验室 北京100084,1260,person
孟伟,哈尔滨工业大学计算机科学与技术学院,1261,person
韩学东,哈尔滨工业大学计算机科学与技术学院,1262,person
洪炳熔,哈尔滨工业大学计算机科学与技术学院,1263,person
厉茂海,哈尔滨工业大学计算机科学与技术学院,1264,person
罗荣华,哈尔滨工业大学计算机科学与技术学院,1265,person
张世辉,燕山大学信息科学与工程学院,1266,person
冯亮,燕山大学信息科学与工程学院,1267,person
李鹏,华中科技大学控制科学与工程系,1268,person
王敏,华中科技大学控制科学与工程系,1269,person
邵杰,南京理工大学计算机学院,1270,person
杨静宇,南京理工大学计算机学院,1271,person
万鸣华,南京理工大学计算机学院,1272,person
黄传波,南京理工大学计算机学院,1273,person
王险峰,哈尔滨工业大学计算机科学与技术学院,1274,person
钟秋波,哈尔滨工业大学计算机科学与技术学院,1275,person
蔡云飞,南京理工大学计算机科学与技术学院,1276,person
唐振民,南京理工大学计算机科学与技术学院,1277,person
赵春霞,南京理工大学计算机科学与技术学院,1278,person
王险峰,东北石油大学计算机与信息技术学院,1279,person
李建平,东北石油大学计算机与信息技术学院,1280,person
王辉,东北石油大学计算机与信息技术学院,1281,person
冯翔,华东理工大学信息科学与工程学院,1282,person
马美怡,华东理工大学信息科学与工程学院,1283,person
施尹,华东理工大学信息科学与工程学院,1284,person
虞慧群,华东理工大学信息科学与工程学院,1285,person
朱淼良,浙江大学人工智能研究所,1286,person
张新晖,浙江大学人工智能研究所,1287,person
王寻羽,浙江大学人工智能研究所,1288,person
唐文彬,浙江大学人工智能研究所,1289,person
洪炳熔,哈尔滨工业大学计算机科学与工程系 黑龙江哈尔滨150001,1290,person
朱庆保,南京师范大学计算机科学系 江苏南京210097,1291,person
刘涛,计算机科学国家重点实验室(中国科学院软件研究所),1292,person
王淑灵,计算机科学国家重点实验室(中国科学院软件研究所),1293,person
詹乃军,计算机科学国家重点实验室(中国科学院软件研究所),1294,person
梁冰,哈尔滨工业大学计算机科学与技术学院,1295,person
洪炳镕,哈尔滨工业大学计算机科学与技术学院 黑龙江哈尔滨150001,1296,person
曙光,黑龙江哈尔滨150001哈尔滨理工大学计算机学院,1297,person
李莹莹,国防科学技术大学电子科学与工程学院,1298,person
刘云辉,国防科学技术大学电子科学与工程学院,1299,person
樊玮虹,国防科学技术大学电子科学与工程学院,1300,person
蔡宣平,国防科学技术大学电子科学与工程学院,1301,person
李波,国防科学技术大学电子科学与工程学院,1302,person
余杨,南京理工大学信息物理与工程系,1303,person
闵富红,南京理工大学信息物理与工程系,1304,person
倪晓武,南京理工大学信息物理与工程系,1305,person
张宏超,南京理工大学信息物理与工程系,1306,person
张泽明,中国科学技术大学计算机科学技术系,1307,person
罗文坚,中国科学技术大学计算机科学技术系,1308,person
王煦法,中国科学技术大学计算机科学技术系,1309,person
方斌,北京航空航天大学机器人研究所,1310,person
丑武胜,北京航空航天大学机器人研究所,1311,person
董明杰,北京航空航天大学机器人研究所,1312,person
马鑫,北京航空航天大学机器人研究所,1313,person
郭晓旗,北京航空航天大学机器人研究所,1314,person
吴耀,北京航空航天大学机械工程及自动化学院,1315,person
王田苗,北京航空航天大学机械工程及自动化学院,1316,person
王晓刚,北京航空航天大学机械工程及自动化学院,1317,person
刘淼,北京航空航天大学机械工程及自动化学院,1318,person
王肖锋,河北工业大学机械工程学院,1319,person
刘军,河北工业大学机械工程学院,1320,person
洪炳镕,智能机器人研究室,1321,person
吴葳,智能机器人研究室 黑龙江哈尔滨150001,1322,person
钱徽,浙江大学计算机学院,1323,person
吴春明,浙江大学计算机学院,1324,person
朱淼良,浙江大学计算机学院,1325,person
蔡则苏,哈尔滨工业大学计算机科学与技术学院,1326,person
周兰凤,哈尔滨工业大学计算机科学与技术学院,1327,person
洪炳熔,哈尔滨工业大学计算机科学与技术学院 山东威海264209,1328,person
洪炳熔,哈尔滨工业大学计算机科学与技术学院 黑龙江哈尔滨150001,1329,person
王玲,国防科技大学电子科学与工程学院,1330,person
邵金鑫,国防科技大学电子科学与工程学院 湖南长沙410073,1331,person
万建伟,香港中文大学自动化与计算机辅助工程系,1332,person
刘云辉,中国香港,1333,person
高庆吉,中国民航大学机器人研究所,1334,person
雷亚莉,中国民航大学机器人研究所 天津 300300 天津市智能信号与图象处理重点实验室,1335,person
胡丹丹,天津 300300 西北电力设计院,1336,person
于咏生,陕西西安 710032,1337,person
刘贞,哈尔滨工业大学自动化测试与控制系,1338,person
丁明理,哈尔滨工业大学自动化测试与控制系,1339,person
王祁,哈尔滨工业大学自动化测试与控制系,1340,person
石杏喜,南京理工大学理学院,1341,person
赵春霞,南京理工大学理学院,1342,person
郭剑辉,南京理工大学理学院,1343,person
陈凤东,哈尔滨工业大学电气工程与自动化学院,1344,person
刘丁,西安理工大学自动化与信息工程学院,1345,person
刘春阳,华北电力大学控制与计算机工程学院,1346,person
谭应清,华北电力大学控制与计算机工程学院,1347,person
柳长安,华北电力大学控制与计算机工程学院,1348,person
马莹巍,华北电力大学控制与计算机工程学院,1349,person
曹政才,北京化工大学信息科学与技术学院,1350,person
温金涛,北京化工大学信息科学与技术学院,1351,person
吴启迪,北京化工大学信息科学与技术学院,1352,person
罗荣华,华南理工大学计算机科学与工程学院,1353,person
李珺,东北林业大学机电工程学院,1354,person
潘启树,东北林业大学机电工程学院,1355,person
周浦城,东北林业大学机电工程学院,1356,person
洪炳镕,东北林业大学机电工程学院,1357,person
赵应涛,北京化工大学信息科学与技术学院,1358,person
鄢小虎,华北电力大学控制与计算机工程学院,1359,person
吴华,华北电力大学控制与计算机工程学院,1360,person
胡俊,南京师范大学数学科学学院,1361,person
付宜利,北京化工大学信息科学与技术学院,1362,person
钟秋波,宁波工程学院电子与信息工程学院,1363,person
杨滨,中国船舶重工集团公司第703研究所,1364,person
徐晓晴,南京师范大学计算机科学与技术学院,1365,person
许烁,上海大学机电工程与自动化学院,1366,person
赵其杰,上海大学机电工程与自动化学院,1367,person
张扬名,湖南工程学院,1368,person
巩敦卫,中国矿业大学信息与电气工程学院,1369,person
戚成亮,中国矿业大学信息与电气工程学院,1370,person
张勇,中国矿业大学信息与电气工程学院,1371,person
胡滢,中国矿业大学信息与电气工程学院,1372,person
张建化,中国矿业大学信息与电气工程学院,1373,person
张红强,湖南大学电气与信息工程学院,1374,person
章兢,湖南大学电气与信息工程学院,1375,person
周少武,湖南大学电气与信息工程学院,1376,person
曾照福,湖南大学电气与信息工程学院,1377,person
吴亮红,湖南大学电气与信息工程学院,1378,person
钱夔,东南大学仪器科学与工程学院,1379,person
宋爱国,东南大学仪器科学与工程学院,1380,person
王阳,上海大学机电工程与自动化学院,1381,person
孙成恺,上海大学机电工程与自动化学院,1382,person
曹少中,北京印刷学院高端印刷装备信号与信息处理北京市重点实验室,1383,person
赵伟,北京印刷学院高端印刷装备信号与信息处理北京市重点实验室,1384,person
王保防,南京理工大学自动化学院,1385,person
张瑞雷,南京理工大学自动化学院,1386,person
郭健,南京理工大学自动化学院,1387,person
陈庆伟,南京理工大学自动化学院,1388,person
龚道雄,北京工业大学信息学部自动化学院,1389,person
何睿,北京工业大学信息学部自动化学院,1390,person
左国玉,北京工业大学信息学部自动化学院,1391,person
于建均,北京工业大学信息学部自动化学院,1392,person
李壮举,北京建筑大学电信学院,1393,person
梅杰,北京建筑大学电信学院,1394,person
曹少中,北京建筑大学电信学院,1395,person
赵伟,北京建筑大学电信学院,1396,person
杨农林,华中理工大学交通学院智能机械与控制研究所,1397,person
吴刚,430074,1398,person
黄真,燕山大学信息科学与工程学院,1399,person
姜成志,黑龙江科技学院计算机与信息工程系,1400,person
叶明凤,黑龙江科技学院计算机与信息工程系,1401,person
顾泽元,黑龙江科技学院计算机与信息工程系,1402,person
于波,北京航空航天大学机器人研究所,1403,person
刘荣,北京航空航天大学机器人研究所,1404,person
张厚祥,北京航空航天大学机器人研究所,1405,person
宗光华,北京航空航天大学机器人研究所,1406,person
黄薇,上海大学计算机工程与科学学院,1407,person
陆斌华,上海大学计算机工程与科学学院,1408,person
郭坚,上海大学计算机工程与科学学院,1409,person
马志强,上海大学计算机工程与科学学院,1410,person
汪地,上海大学计算机工程与科学学院,1411,person
林雄,琼州大学,1412,person
郑千里,琼州大学,1413,person
黄槐仁,琼州大学,1414,person
刘煜,琼州大学,1415,person
符海东,武汉科技大学计算机科学与技术学院,1416,person
王中伟,武汉科技大学计算机科学与技术学院 湖北武汉430081,1417,person
邱寄帆,成都航空职业技术学院计算机系,1418,person
王海春,电子科技大学电子工程学院,1419,person
唐斌,成都航空职业技术学院计算机系 四川成都610021,1420,person
王灼,四川成都610054,1421,person
潘峥嵘,兰州理工大学电气与信息工程学院,1422,person
杜宝强,兰州理工大学电气与信息工程学院,1423,person
王树东,兰州理工大学电气与信息工程学院,1424,person
徐猛,兰州理工大学电气与信息工程学院,1425,person
杨宜民,广东工业大学自动化学院 广东广州510090,1426,person
陈琦,燕山大学信息科学与工程学院,1427,person
曾理智,清华大学智能控制与技术国家实验室,1428,person
王珏,清华大学智能控制与技术国家实验室,1429,person
孙增圻,清华大学智能控制与技术国家实验室,1430,person
张秋余,兰州理工大学计算机与通信学院,1431,person
迟宁,兰州理工大学计算机与通信学院,1432,person
刘晔,兰州理工大学计算机与通信学院,1433,person
张兆印,黑龙江大学计算机科学技术学院 黑龙江哈尔滨150080,1434,person
杨东鹤,浙江理工大学信息电子学院,1435,person
刘喜昂,浙江科技学院信息与电子工程学院 浙江杭州310018,1436,person
魏兰,武汉理工大学物流工程学院,1437,person
李文锋,武汉理工大学物流工程学院,1438,person
陈维克,武汉理工大学物流工程学院,1439,person
蔡京平,北京理工大学计算机科学技术学院计算机科学工程系,1440,person
邓宏彬,北京理工大学计算机科学技术学院计算机科学工程系,1441,person
贾云得,北京理工大学计算机科学技术学院计算机科学工程系,1442,person
冯建周,燕山大学信息科学与工程学院,1443,person
王晓寰,燕山大学信息科学与工程学院,1444,person
柯文德,茂名学院计算机系 广东茂名525000,1445,person
熊举峰,中南大学信息科学与工程学院,1446,person
谭冠政,中南大学信息科学与工程学院 湖南长沙410083湖南师范大学物理与信息科学学院,1447,person
柯文德,茂名学院计算机系,1448,person
李家兰,茂名学院计算机系 广东茂名525000,1449,person
王萌,广西工学院计算机工程系,1450,person
王晓荣,广西工学院计算机工程系,1451,person
李春贵,广西工学院计算机工程系,1452,person
张增芳,广西工学院计算机工程系,1453,person
王清阳,华南理工大学自动化学院自动化与网络工程系,1454,person
王征,中国科学院沈阳自动化研究所 广州广东510640,1455,person
邬大为,上海大学机电工程与自动化学院,1456,person
阮毅,上海大学机电工程与自动化学院,1457,person
任志斌,上海大学机电工程与自动化学院,1458,person
吴伟华,江苏大学计算机科学与通信工程学院,1459,person
刘一松,江苏大学计算机科学与通信工程学院 江苏镇江212013,1460,person
张巧荣,河南财经学院信息学院,1461,person
李淑红,河南财经学院信息学院 河南郑州450002,1462,person
杨佳,西南科技大学信息工程学院,1463,person
陈小宁,西南科技大学信息工程学院,1464,person
周军,东华大学信息科学与技术学院,1465,person
邵世煌,东华大学信息科学与技术学院,1466,person
陈盛,东华大学信息科学与技术学院,1467,person
彭志平,茂名学院计算机系,1468,person
张兆印,黑龙江大学计算机科学与技术学院,1469,person
李怀俊,广东工业大学自动化学院,1470,person
曹志广,广东工业大学自动化学院,1471,person
梅雪竹,广东工业大学自动化学院,1472,person
师黎,郑州大学电气工程学院,1473,person
邵国,郑州大学电气工程学院,1474,person
刘国海,江苏大学电气信息工程学院,1475,person
朱珠,江苏大学电气信息工程学院,1476,person
阮力,北方工业大学机电工程学院,1477,person
李小坚,北方工业大学机电工程学院,1478,person
殷晨波,常熟理工学院计算机科学与工程学院,1479,person
郑冬华,常熟理工学院计算机科学与工程学院,1480,person
冯元华,暨南大学电子工程系,1481,person
王思华,暨南大学电子工程系,1482,person
柳宁,暨南大学电子工程系,1483,person
王高,暨南大学电子工程系,1484,person
陈花,兰州理工大学计算机与通信学院,1485,person
张远平,兰州理工大学计算机与通信学院,1486,person
林强,兰州理工大学计算机与通信学院,1487,person
宁建华,南京工业大学自动化学院,1488,person
俞辉,南京工业大学自动化学院,1489,person
赵英凯,南京工业大学自动化学院,1490,person
朱俊宏,同济大学中德学院,1491,person
孙泽昌,同济大学中德学院,1492,person
李玮燕,贵州大学电工学院,1493,person
张赟,贵州大学电工学院,1494,person
陈进军,贵州大学电工学院,1495,person
能昌信,贵州大学电工学院,1496,person
董路,贵州大学电工学院,1497,person
赵静,上海大学计算机工程与科学学院,1498,person
郭小勤,深圳大学机电与控制工程学院,1499,person
李广丽,华东交通大学软件学院,1500,person
张红斌,华东交通大学软件学院,1501,person
刘觉夫,华东交通大学软件学院,1502,person
黄志辉,中南大学,1503,person
武秀媛,中南大学,1504,person
吴向葵,中南大学,1505,person
李刚卿,中南大学,1506,person
孟蕊,北京工商大学计算机与信息工程学院,1507,person
苏维均,北京工商大学计算机与信息工程学院,1508,person
连晓峰,北京工商大学计算机与信息工程学院,1509,person
陈杜勇,华南理工大学计算机科学与工程学院,1510,person
肖南峰,华南理工大学计算机科学与工程学院,1511,person
刘洋,华南理工大学计算机科学与工程学院,1512,person
赵颖,聊城大学汽车与交通工程学院,1513,person
孙群,聊城大学汽车与交通工程学院,1514,person
张民,聊城大学汽车与交通工程学院,1515,person
杨少平,复旦大学电子工程系,1516,person
孔庆生,复旦大学电子工程系,1517,person
徐英欣,桂林空军学院雷达火控教研室,1518,person
黄斌,桂林空军学院雷达火控教研室,1519,person
陈伟,上海大学计算机工程与科学学院,1520,person
陈明,上海大学计算机工程与科学学院,1521,person
魏武,华南理工大学自动化科学与工程学院,1522,person
朱红山,华南理工大学自动化科学与工程学院,1523,person
陈开,上海大学计算机工程与科学学院,1524,person
阳诚海,上海大学计算机工程与科学学院,1525,person
许华虎,上海大学计算机工程与科学学院,1526,person
罗乾又,西南科技大学机器人技术及应用四川省重点实验室,1527,person
张华,西南科技大学机器人技术及应用四川省重点实验室,1528,person
王姮,西南科技大学机器人技术及应用四川省重点实验室,1529,person
解兴哲,西南科技大学机器人技术及应用四川省重点实验室,1530,person
刘钰,金陵科技学院信息技术学院,1531,person
周川,金陵科技学院信息技术学院,1532,person
张燕,金陵科技学院信息技术学院,1533,person
徐云龙,金陵科技学院信息技术学院,1534,person
张占,华南理工大学自动化科学与工程学院,1535,person
蒋湘军,华南理工大学自动化科学与工程学院,1536,person
谢丽君,华南理工大学计算机科学与工程学院,1537,person
文翰,华南理工大学计算机科学与工程学院,1538,person
刘付民,河南理工大学计算机科学与技术学院,1539,person
武善玉,华南理工大学计算机科学与工程学院,1540,person
张平,华南理工大学计算机科学与工程学院,1541,person
李方,华南理工大学计算机科学与工程学院,1542,person
汤文俊,第二炮兵工程学院三系,1543,person
张国良,第二炮兵工程学院三系,1544,person
敬斌,第二炮兵工程学院三系,1545,person
余阳,江苏科技大学电子与信息学院,1546,person
林明,江苏科技大学电子与信息学院,1547,person
林永才,江苏科技大学电子与信息学院,1548,person
梁家海,钦州学院数学与计算机科学学院,1549,person
朱海波,沈阳工业大学信息科学与工程学院,1550,person
邹凤山,沈阳工业大学信息科学与工程学院,1551,person
赵彬,沈阳工业大学信息科学与工程学院,1552,person
薛白,常州大学机器人研究所,1553,person
段锁林,常州大学机器人研究所,1554,person
邹凌,常州大学机器人研究所,1555,person
戴伟力,华南理工大学自动化科学与工程学院,1556,person
刘冬,武汉科技大学 冶金自动化及检测技术教育部工程研究中心,1557,person
闵华松,武汉科技大学 冶金自动化及检测技术教育部工程研究中心,1558,person
杨杰,武汉科技大学 冶金自动化及检测技术教育部工程研究中心,1559,person
叶锦华,华南理工大学机械与汽车工程学院,1560,person
郑炳坤,华南理工大学机械与汽车工程学院,1561,person
李迪,华南理工大学机械与汽车工程学院,1562,person
叶峰,华南理工大学机械与汽车工程学院,1563,person
彭聿松,四川大学电气信息学院,1564,person
佃松宜,四川大学电气信息学院,1565,person
刘涛,四川大学电气信息学院,1566,person
吴璋,四川大学电气信息学院,1567,person
宋俊霖,四川大学电气信息学院,1568,person
邹腾跃,华中科技大学国家数控系统工程技术研究中心,1569,person
唐小琦,华中科技大学国家数控系统工程技术研究中心,1570,person
宋宝,华中科技大学国家数控系统工程技术研究中心,1571,person
陈吉红,华中科技大学国家数控系统工程技术研究中心,1572,person
姚冬冬,武汉科技大学冶金自动化与检测技术教育部工程研究中心,1573,person
闵华松,武汉科技大学计算机科学与技术学院,1574,person
周霞,上海理工大学光电信息与计算机工程学院,1575,person
何建忠,上海理工大学光电信息与计算机工程学院,1576,person
王宝磊,上海理工大学光电信息与计算机工程学院,1577,person
王晟,武汉科技大学计算机科学与技术学院,1578,person
陈友东,武汉科技大学计算机科学与技术学院,1579,person
吴俊君,广东食品药品职业学院基础部,1580,person
胡国生,华南理工大学机械与汽车工程学院,1581,person
朱军燕,中山出入境检验检疫局技术中心,1582,person
艾菲,西南科技大学计算机学院,1583,person
宋晖,西南科技大学计算机学院,1584,person
李波,中国科学院沈阳自动化研究所,1585,person
赵怀慈,中国科学院大学,1586,person
孙士洁,中国科学院光电信息处理重点实验室,1587,person
花海洋,辽宁省图像理解与视觉计算重点实验室,1588,person
韩家新,西安石油大学计算机学院,1589,person
刘彦伯,西安石油大学计算机学院,1590,person
张旭华,西安石油大学计算机学院,1591,person
杨盛,西安石油大学计算机学院,1592,person
李瑞峰,哈尔滨工业大学机器人技术与系统国家重点实验室,1593,person
冀龙涛,哈尔滨工业大学机器人技术与系统国家重点实验室,1594,person
罗洋,重庆大学机械工程学院,1595,person
李奇敏,重庆大学机械工程学院,1596,person
温皓宇,重庆大学机械工程学院,1597,person
邵雪松,江苏省电力公司电力科学研究院,1598,person
黄奇峰,江苏省电力公司电力科学研究院,1599,person
蔡奇新,江苏省电力公司电力科学研究院,1600,person
刘建,江苏省电力公司电力科学研究院,1601,person
王伟,江苏省电力公司电力科学研究院,1602,person
张琴丽,武汉科技大学信息科学与工程学院,1603,person
吴怀宇,武汉科技大学信息科学与工程学院,1604,person
陈洋,武汉科技大学信息科学与工程学院,1605,person
王琨,江南大学江苏省食品先进制造装备技术重点实验室,1606,person
骆敏舟,江南大学江苏省食品先进制造装备技术重点实验室,1607,person
曹毅,江南大学江苏省食品先进制造装备技术重点实验室,1608,person
李可,江南大学江苏省食品先进制造装备技术重点实验室,1609,person
张秋菊,江南大学江苏省食品先进制造装备技术重点实验室,1610,person
郭卫平,北京工商大学计算机与信息工程学院,1611,person
廉小亲,北京工商大学计算机与信息工程学院,1612,person
苏中,北京工商大学计算机与信息工程学院,1613,person
赵旭,北京工商大学计算机与信息工程学院,1614,person
石琪琦,电子科技大学通信与信息工程学院,1615,person
庄杰,电子科技大学通信与信息工程学院,1616,person
黄炜,电子科技大学通信与信息工程学院,1617,person
张佳东,电子科技大学通信与信息工程学院,1618,person
左轩尘,电子科技大学通信与信息工程学院,1619,person
王超杰,北京信息科技大学高动态导航技术北京市重点实验室,1620,person
苏中,北京信息科技大学高动态导航技术北京市重点实验室,1621,person
连晓峰,北京信息科技大学高动态导航技术北京市重点实验室,1622,person
赵旭,北京信息科技大学高动态导航技术北京市重点实验室,1623,person
闫林林,中国科学院沈阳自动化研究所机器人学国家重点实验室,1624,person
徐方,中国科学院沈阳自动化研究所机器人学国家重点实验室,1625,person
贾凯,中国科学院沈阳自动化研究所机器人学国家重点实验室,1626,person
邹风山,中国科学院沈阳自动化研究所机器人学国家重点实验室,1627,person
温素芳,内蒙古工业大学电力学院,1628,person
郭光耀,鄂尔多斯市源盛光电有限责任公司,1629,person
李月,北京理工大学机电学院,1630,person
高峻峣,北京理工大学机电学院,1631,person
赵靖超,北京理工大学机电学院,1632,person
刘轶,北京理工大学机电学院,1633,person
韩亮亮,电子科技大学通信与信息工程学院,1634,person
王佳佳,西南交通大学电气工程学院,1635,person
马磊,西南交通大学电气工程学院,1636,person
韩晓霞,西南交通大学电气工程学院,1637,person
徐智豪,西南交通大学电气工程学院,1638,person
左韬,武汉科技大学信息科学与工程学院,1639,person
闵华松,武汉科技大学信息科学与工程学院,1640,person
张雄希,武汉科技大学信息科学与工程学院,1641,person
吴俊君,广东食品药品职业学院软件学院,1642,person
杨丹,南昌大学信息工程学院,1643,person
刘小平,南昌大学信息工程学院,1644,person
胡凌燕,南昌大学信息工程学院,1645,person
黄海卫,常州大学信息科学与工程学院,1646,person
孔令成,中国科学院合肥物质科学研究院,1647,person
谭治英,常州先进制造研究所,1648,person
王雪瑞,河南工程学院计算机学院,1649,person
周岩,河南工程学院计算机学院,1650,person
毛丽民,常熟理工学院电气与自动化工程学院,1651,person
朱培逸,常熟理工学院电气与自动化工程学院,1652,person
卢振利,常熟理工学院电气与自动化工程学院,1653,person
彭伟伟,常熟理工学院电气与自动化工程学院,1654,person
郑伟勇,河南工程学院计算机学院,1655,person
李艳玮,河南工程学院计算机学院,1656,person
王旭辉,河南工程学院计算机学院,1657,person
梁付新,山东大学控制科学与工程学院,1658,person
刘洪彬,山东大学控制科学与工程学院,1659,person
张福雷,山东大学控制科学与工程学院,1660,person
常发亮,山东大学控制科学与工程学院,1661,person
于振中,江南大学物联网工程学院,1662,person
蔡楷倜,江南大学物联网工程学院,1663,person
常天莉,广东工业大学自动化学院,1664,person
黄浩晖,广东工业大学自动化学院,1665,person
