author_id,team_id,relation,type
1,100001,基于初等运动的多机器人避碰及死锁预防, 
2,100001,基于初等运动的多机器人避碰及死锁预防, 
3,100002,直接映射低维小脑模型神经网络及在机器人传感器中的应用, 
4,100003,改进的6-DOF并联机器人Lagrange动力学模型及其并行处理, 
4,100503,6-DOF并联机器人逆运动模型高效算法及其并行处理, 
5,100003,改进的6-DOF并联机器人Lagrange动力学模型及其并行处理, 
5,100103,腐蚀/膨胀算法在足球机器人视觉系统中的应用, 
5,100129,一种基于图像匹配的移动机器人定位方法, 
5,100304,并联机器人双目主动视觉目标定位的研究, 
5,100388,一种服务机器人家庭全息地图构建方法研究, 
5,100453,改进的Hestenes SVD方法及其并行计算和在并联机器人中的应用, 
5,100503,6-DOF并联机器人逆运动模型高效算法及其并行处理, 
5,100512,并联机器人曲面汉字雕刻刀路规划算法研究, 
5,100518,机器人视觉三维重建网格门户的研究与开发, 
6,100003,改进的6-DOF并联机器人Lagrange动力学模型及其并行处理, 
6,100503,6-DOF并联机器人逆运动模型高效算法及其并行处理, 
7,100003,改进的6-DOF并联机器人Lagrange动力学模型及其并行处理, 
7,100304,并联机器人双目主动视觉目标定位的研究, 
7,100503,6-DOF并联机器人逆运动模型高效算法及其并行处理, 
8,100004,一种基于免疫原理的自律机器人行为控制算法, 
9,100004,一种基于免疫原理的自律机器人行为控制算法, 
10,100004,一种基于免疫原理的自律机器人行为控制算法, 
11,100004,一种基于免疫原理的自律机器人行为控制算法, 
12,100005,曲线孔电火花加工机器人加工运动轨迹模拟, 
13,100005,曲线孔电火花加工机器人加工运动轨迹模拟, 
14,100005,曲线孔电火花加工机器人加工运动轨迹模拟, 
15,100006,智能机器人避碰行为学习方法研究, 
16,100006,智能机器人避碰行为学习方法研究, 
17,100006,智能机器人避碰行为学习方法研究, 
18,100007,移动机器人THMR-V的组合定位系统, 
19,100007,移动机器人THMR-V的组合定位系统, 
20,100008,基于人工神经网络的机器人视觉系统中三维信息的快速并行求解, 
21,100009,基于Petri-net的机器人足球角色转换研究, 
22,100009,基于Petri-net的机器人足球角色转换研究, 
23,100009,基于Petri-net的机器人足球角色转换研究, 
24,100010,VRTX嵌入式实时多任务操作系统及其在机器人控制器中的应用, 
25,100010,VRTX嵌入式实时多任务操作系统及其在机器人控制器中的应用, 
26,100011,基于人工神经网络的足球机器人分层学习研究, 
26,100331,强化学习在机器人足球比赛中的应用, 
27,100011,基于人工神经网络的足球机器人分层学习研究, 
28,100011,基于人工神经网络的足球机器人分层学习研究, 
28,100331,强化学习在机器人足球比赛中的应用, 
29,100012,拟人机器人和嵌入式实时操作系统, 
29,100013,基于现场总线的仿人型机器人控制系统, 
30,100012,拟人机器人和嵌入式实时操作系统, 
31,100012,拟人机器人和嵌入式实时操作系统, 
32,100012,拟人机器人和嵌入式实时操作系统, 
32,100013,基于现场总线的仿人型机器人控制系统, 
32,100065,机器人鲁棒控制器参数演化设计, 
33,100012,拟人机器人和嵌入式实时操作系统, 
33,100065,机器人鲁棒控制器参数演化设计, 
34,100012,拟人机器人和嵌入式实时操作系统, 
34,100013,基于现场总线的仿人型机器人控制系统, 
34,100022,双足步行机器人的步态规划, 
35,100013,基于现场总线的仿人型机器人控制系统, 
36,100014,虚拟开关机器人——传感式智能开关控制器的研究与设计, 
37,100014,虚拟开关机器人——传感式智能开关控制器的研究与设计, 
38,100014,虚拟开关机器人——传感式智能开关控制器的研究与设计, 
39,100014,虚拟开关机器人——传感式智能开关控制器的研究与设计, 
40,100015,机器人遥操作中的网络传输延迟分析, 
41,100015,机器人遥操作中的网络传输延迟分析, 
42,100015,机器人遥操作中的网络传输延迟分析, 
43,100015,机器人遥操作中的网络传输延迟分析, 
44,100015,机器人遥操作中的网络传输延迟分析, 
45,100015,机器人遥操作中的网络传输延迟分析, 
46,100016,分布式虚拟环境中的聊天机器人的研究, 
47,100016,分布式虚拟环境中的聊天机器人的研究, 
48,100016,分布式虚拟环境中的聊天机器人的研究, 
49,100017,基于行为的自主微小移动机器人智能体系结构研究, 
50,100017,基于行为的自主微小移动机器人智能体系结构研究, 
51,100017,基于行为的自主微小移动机器人智能体系结构研究, 
52,100017,基于行为的自主微小移动机器人智能体系结构研究, 
53,100018,拟人机器人视觉系统的硬件结构设计, 
54,100018,拟人机器人视觉系统的硬件结构设计, 
55,100018,拟人机器人视觉系统的硬件结构设计, 
56,100019,有关电视机搬运码垛机器人的运动规划问题, 
57,100019,有关电视机搬运码垛机器人的运动规划问题, 
58,100019,有关电视机搬运码垛机器人的运动规划问题, 
59,100020,网络延时和负荷变化对基于网络的遥操作机器人系统的影响和解决方法, 
59,100073,基于DSP的集控式足球机器人控制系统设计, 
60,100020,网络延时和负荷变化对基于网络的遥操作机器人系统的影响和解决方法, 
60,100069,开放式机器人控制器中仿真组件的实现, 
60,100073,基于DSP的集控式足球机器人控制系统设计, 
60,100454,基于混合DSm模型的多机器人地图构建, 
61,100020,网络延时和负荷变化对基于网络的遥操作机器人系统的影响和解决方法, 
62,100021,多Agent通讯在多移动机器人中的实现方法, 
63,100021,多Agent通讯在多移动机器人中的实现方法, 
64,100021,多Agent通讯在多移动机器人中的实现方法, 
65,100021,多Agent通讯在多移动机器人中的实现方法, 
66,100022,双足步行机器人的步态规划, 
67,100012,拟人机器人和嵌入式实时操作系统, 
67,100013,基于现场总线的仿人型机器人控制系统, 
67,100022,双足步行机器人的步态规划, 
68,100023,视觉引导的机器人曲线跟踪系统, 
69,100023,视觉引导的机器人曲线跟踪系统, 
70,100023,视觉引导的机器人曲线跟踪系统, 
71,100024,基于DCOM技术的在线、实时分布式机器人控制系统研究, 
72,100024,基于DCOM技术的在线、实时分布式机器人控制系统研究, 
72,100086,微小气动机器人系统的模糊自适应PID控制, 
73,100024,基于DCOM技术的在线、实时分布式机器人控制系统研究, 
74,100024,基于DCOM技术的在线、实时分布式机器人控制系统研究, 
75,100024,基于DCOM技术的在线、实时分布式机器人控制系统研究, 
76,100024,基于DCOM技术的在线、实时分布式机器人控制系统研究, 
77,100025,机器人避开多随机障碍物的路径规划方法, 
78,100025,机器人避开多随机障碍物的路径规划方法, 
79,100025,机器人避开多随机障碍物的路径规划方法, 
80,100026,一种基于GA的移动机器人模糊规划方法, 
81,100026,一种基于GA的移动机器人模糊规划方法, 
82,100027,一种基于多层感知器的机器人快速推理学习方法, 
83,100027,一种基于多层感知器的机器人快速推理学习方法, 
84,100027,一种基于多层感知器的机器人快速推理学习方法, 
85,100028,基于C/S模型机器人控制器的LabVIEW实现, 
86,100028,基于C/S模型机器人控制器的LabVIEW实现, 
87,100029,机器人结构的智能化设计方法, 
88,100029,机器人结构的智能化设计方法, 
89,100030,基于CAN总线的自主移动机器人通信系统研究, 
90,100030,基于CAN总线的自主移动机器人通信系统研究, 
91,100030,基于CAN总线的自主移动机器人通信系统研究, 
92,100030,基于CAN总线的自主移动机器人通信系统研究, 
93,100030,基于CAN总线的自主移动机器人通信系统研究, 
94,100031,基于IPC-PLC的排爆机器人控制系统设计, 
95,100031,基于IPC-PLC的排爆机器人控制系统设计, 
96,100032,精度船用型材机器人自动划线切割系统的软件设计, 
97,100032,精度船用型材机器人自动划线切割系统的软件设计, 
98,100033,基于协作协进化的多智能体机器人协作研究, 
99,100033,基于协作协进化的多智能体机器人协作研究, 
100,100034,扩充KQML以实现仿真机器人足球比赛中多Agent通讯, 
101,100034,扩充KQML以实现仿真机器人足球比赛中多Agent通讯, 
102,100034,扩充KQML以实现仿真机器人足球比赛中多Agent通讯, 
103,100035,一个基于移动Agent的机器人远程控制系统, 
104,100035,一个基于移动Agent的机器人远程控制系统, 
104,100447,机器人控制器核心设备的实时性研究, 
104,100506,机器人远程控制视频传输的实时性问题解决策略, 
104,100507,面向对象的机器人仿真与监控系统, 
104,100540,基于双目视觉移动机器人的路径规划和避障研究, 
104,100550,机器人虚拟仿真及控制技术研究, 
105,100035,一个基于移动Agent的机器人远程控制系统, 
105,100552,沪语语音识别研究及在家居机器人中的应用, 
106,100036,基于多智能体通讯机制的多机器人编队系统, 
107,100036,基于多智能体通讯机制的多机器人编队系统, 
108,100036,基于多智能体通讯机制的多机器人编队系统, 
109,100037,投影方法用于网络机器人图像帧内编码, 
110,100037,投影方法用于网络机器人图像帧内编码, 
111,100037,投影方法用于网络机器人图像帧内编码, 
112,100037,投影方法用于网络机器人图像帧内编码, 
113,100038,基于视觉定位的脑外科机器人坐标变换问题研究, 
113,100043,机器人误差补偿优化方法研究, 
114,100038,基于视觉定位的脑外科机器人坐标变换问题研究, 
115,100038,基于视觉定位的脑外科机器人坐标变换问题研究, 
116,100039,全自主足球机器人通信子系统的设计与实现, 
117,100039,全自主足球机器人通信子系统的设计与实现, 
117,100085,青少年机器人足球比赛死锁解除的模糊数学法, 
117,100095,基于PTR4000的足球机器人无线通信子系统的设计, 
117,100126,多机器人系统任务分配的研究进展, 
118,100040,复合机构移动机器人红外和超声阵列信息处理方法, 
119,100040,复合机构移动机器人红外和超声阵列信息处理方法, 
120,100040,复合机构移动机器人红外和超声阵列信息处理方法, 
121,100040,复合机构移动机器人红外和超声阵列信息处理方法, 
122,100041,脑基本机能联合区理论在智能机器人体系结构中的应用, 
123,100041,脑基本机能联合区理论在智能机器人体系结构中的应用, 
123,100448,多机器人动态编队的强化学习算法研究, 
124,100041,脑基本机能联合区理论在智能机器人体系结构中的应用, 
125,100042,基于ADAMS的弧焊机器人运动仿真, 
126,100042,基于ADAMS的弧焊机器人运动仿真, 
127,100042,基于ADAMS的弧焊机器人运动仿真, 
128,100043,机器人误差补偿优化方法研究, 
129,100043,机器人误差补偿优化方法研究, 
130,100044,移动机器人视觉导航控制研究, 
131,100044,移动机器人视觉导航控制研究, 
132,100044,移动机器人视觉导航控制研究, 
133,100045,移动机器人的运动目标实时检测与跟踪, 
134,100045,移动机器人的运动目标实时检测与跟踪, 
135,100045,移动机器人的运动目标实时检测与跟踪, 
136,100045,移动机器人的运动目标实时检测与跟踪, 
137,100046,移动机器人的一种室内自然路标定位法, 
137,100054,一个映射变换及其在机器人定位中的应用, 
138,100046,移动机器人的一种室内自然路标定位法, 
139,100046,移动机器人的一种室内自然路标定位法, 
140,100047,适用于机器人视觉的手势识别系统, 
141,100047,适用于机器人视觉的手势识别系统, 
142,100048,RoboCup小型足球机器人无线通讯中的编解码实现和性能分析, 
143,100048,RoboCup小型足球机器人无线通讯中的编解码实现和性能分析, 
144,100048,RoboCup小型足球机器人无线通讯中的编解码实现和性能分析, 
145,100048,RoboCup小型足球机器人无线通讯中的编解码实现和性能分析, 
146,100049,一种改进势场法在多移动机器人避碰规划中的应用, 
147,100049,一种改进势场法在多移动机器人避碰规划中的应用, 
148,100049,一种改进势场法在多移动机器人避碰规划中的应用, 
149,100049,一种改进势场法在多移动机器人避碰规划中的应用, 
150,100050,足球机器人彩色视觉图像的分割与识别, 
151,100050,足球机器人彩色视觉图像的分割与识别, 
151,100074,网络控制机器人无线通信系统的设计, 
152,100050,足球机器人彩色视觉图像的分割与识别, 
153,100051,基于运动学原理的仿真机器人运动预测模型研究, 
154,100051,基于运动学原理的仿真机器人运动预测模型研究, 
155,100051,基于运动学原理的仿真机器人运动预测模型研究, 
156,100051,基于运动学原理的仿真机器人运动预测模型研究, 
157,100052,结合示例学习的移动机器人免疫进化规划研究, 
158,100046,移动机器人的一种室内自然路标定位法, 
158,100052,结合示例学习的移动机器人免疫进化规划研究, 
159,100053,基于改进模拟退火算法的移动机器人路径规划, 
160,100053,基于改进模拟退火算法的移动机器人路径规划, 
161,100053,基于改进模拟退火算法的移动机器人路径规划, 
162,100054,一个映射变换及其在机器人定位中的应用, 
163,100054,一个映射变换及其在机器人定位中的应用, 
164,100054,一个映射变换及其在机器人定位中的应用, 
165,100055,环境因素对多自主移动机器人系统的影响研究, 
166,100055,环境因素对多自主移动机器人系统的影响研究, 
167,100056,机器人足球比赛决策程序的图形化编程, 
168,100056,机器人足球比赛决策程序的图形化编程, 
169,100056,机器人足球比赛决策程序的图形化编程, 
170,100057,一种基于模糊神经网络的机器人控制, 
171,100057,一种基于模糊神经网络的机器人控制, 
171,100217,移动机器人目标分割及测距方法研究, 
171,100250,高压线路除冰机器人越障识别定位算法研究, 
171,100262,基于神经网络补偿的机器人滑模变结构控制, 
171,100263,基于模糊CMAC的移动机器人轨迹跟踪控制, 
172,100057,一种基于模糊神经网络的机器人控制, 
172,100187,高压输电线除冰机器人的建模及运动控制, 
172,100203,除冰机器人的多传感器融合障碍测距方法研究, 
172,100210,除冰机器人关节控制PID参数优化, 
172,100280,结合光流和人工势场的风管机器人避障方法, 
173,100058,基于蚁群算法的机器人路径规划, 
174,100058,基于蚁群算法的机器人路径规划, 
175,100058,基于蚁群算法的机器人路径规划, 
176,100058,基于蚁群算法的机器人路径规划, 
177,100059,基于视觉的移动机器人实时障碍检测研究, 
177,100070,具有友好人机界面遥操作移动机器人的合作控制, 
178,100059,基于视觉的移动机器人实时障碍检测研究, 
179,100059,基于视觉的移动机器人实时障碍检测研究, 
180,100060,移动机器人编队视觉定位方法研究, 
181,100060,移动机器人编队视觉定位方法研究, 
182,100060,移动机器人编队视觉定位方法研究, 
183,100061,基于强化学习的多机器人协作, 
184,100061,基于强化学习的多机器人协作, 
185,100061,基于强化学习的多机器人协作, 
186,100062,新型欠秩并联机器人机构3RRC仿真, 
187,100062,新型欠秩并联机器人机构3RRC仿真, 
188,100062,新型欠秩并联机器人机构3RRC仿真, 
189,100062,新型欠秩并联机器人机构3RRC仿真, 
190,100062,新型欠秩并联机器人机构3RRC仿真, 
191,100063,机器人施釉系统主控软件, 
192,100063,机器人施釉系统主控软件, 
193,100063,机器人施釉系统主控软件, 
194,100064,一种持续规划系统在四足机器人足球中的应用, 
195,100064,一种持续规划系统在四足机器人足球中的应用, 
196,100065,机器人鲁棒控制器参数演化设计, 
197,100066,多机器人系统的研究现状, 
197,100089,基于虚拟力的群机器人队形控制, 
197,100110,群机器人仿真系统设计与实现, 
197,100135,复杂环境中群机器人网格分布与移动, 
197,100136,群机器人学, 
198,100066,多机器人系统的研究现状, 
198,100089,基于虚拟力的群机器人队形控制, 
198,100110,群机器人仿真系统设计与实现, 
198,100135,复杂环境中群机器人网格分布与移动, 
198,100360,基于粒子群算法的移动机器人全局最优路径规划, 
199,100066,多机器人系统的研究现状, 
200,100067,基于多传感器信息融合的移动机器人导航系统, 
201,100067,基于多传感器信息融合的移动机器人导航系统, 
202,100067,基于多传感器信息融合的移动机器人导航系统, 
203,100067,基于多传感器信息融合的移动机器人导航系统, 
204,100067,基于多传感器信息融合的移动机器人导航系统, 
205,100068,自主移动机器人系统的新研究方法:AIS, 
205,100102,移动机器人的免疫非时间参考路径跟踪控制, 
206,100068,自主移动机器人系统的新研究方法:AIS, 
206,100102,移动机器人的免疫非时间参考路径跟踪控制, 
207,100068,自主移动机器人系统的新研究方法:AIS, 
208,100068,自主移动机器人系统的新研究方法:AIS, 
209,100069,开放式机器人控制器中仿真组件的实现, 
210,100020,网络延时和负荷变化对基于网络的遥操作机器人系统的影响和解决方法, 
210,100069,开放式机器人控制器中仿真组件的实现, 
210,100073,基于DSP的集控式足球机器人控制系统设计, 
211,100070,具有友好人机界面遥操作移动机器人的合作控制, 
212,100044,移动机器人视觉导航控制研究, 
212,100070,具有友好人机界面遥操作移动机器人的合作控制, 
213,100071,足球机器人路径规划的改进型人工势场算法研究, 
214,100071,足球机器人路径规划的改进型人工势场算法研究, 
215,100071,足球机器人路径规划的改进型人工势场算法研究, 
216,100072,110kV架空输电线路巡检机器人视频图像传输, 
217,100072,110kV架空输电线路巡检机器人视频图像传输, 
217,100106,基于CORBA的工业机器人软件框架的研究和应用, 
218,100072,110kV架空输电线路巡检机器人视频图像传输, 
219,100072,110kV架空输电线路巡检机器人视频图像传输, 
220,100073,基于DSP的集控式足球机器人控制系统设计, 
221,100074,网络控制机器人无线通信系统的设计, 
222,100074,网络控制机器人无线通信系统的设计, 
223,100075,基于Agent的网络遥操作机器人系统控制研究, 
223,100383,基于证据理论的虚拟力机器人网络控制, 
224,100075,基于Agent的网络遥操作机器人系统控制研究, 
225,100075,基于Agent的网络遥操作机器人系统控制研究, 
226,100075,基于Agent的网络遥操作机器人系统控制研究, 
227,100076,一种面向移动机器人的光流场计算方法, 
228,100076,一种面向移动机器人的光流场计算方法, 
229,100076,一种面向移动机器人的光流场计算方法, 
230,100077,一种室内环境下移动机器人的路径规划新算法, 
230,100365,任务导向的仿人机器人体系结构设计, 
231,100077,一种室内环境下移动机器人的路径规划新算法, 
231,100357,一种引入通信的多移动机器人编队方法, 
231,100359,基于非线性函数的移动机器人模糊避障算法, 
231,100365,任务导向的仿人机器人体系结构设计, 
232,100077,一种室内环境下移动机器人的路径规划新算法, 
233,100077,一种室内环境下移动机器人的路径规划新算法, 
234,100078,基于栅格模型的机器人路径规划快速算法, 
235,100078,基于栅格模型的机器人路径规划快速算法, 
236,100079,基于区域优化分割的机器人全覆盖路径规划, 
237,100079,基于区域优化分割的机器人全覆盖路径规划, 
237,100141,面向气味跟踪与定位的机器人变步长搜索算法, 
237,100179,移动机器人步长调整算法的S函数应用研究, 
238,100079,基于区域优化分割的机器人全覆盖路径规划, 
239,100080,基于AVR单片机的空中机器人伺服系统, 
240,100080,基于AVR单片机的空中机器人伺服系统, 
241,100081,基于人工势场法的移动机器人路径规划研究, 
242,100081,基于人工势场法的移动机器人路径规划研究, 
243,100082,基于网络的遥操作机器人系统传输时延研究, 
244,100082,基于网络的遥操作机器人系统传输时延研究, 
245,100083,足球机器人对彩球的鲁棒跟踪识别, 
246,100083,足球机器人对彩球的鲁棒跟踪识别, 
247,100083,足球机器人对彩球的鲁棒跟踪识别, 
248,100084,拟人机器人在外力干扰下的步态规划, 
248,100534,仿人机器人上下楼梯稳定行走控制策略, 
249,100084,拟人机器人在外力干扰下的步态规划, 
249,100534,仿人机器人上下楼梯稳定行走控制策略, 
250,100084,拟人机器人在外力干扰下的步态规划, 
251,100085,青少年机器人足球比赛死锁解除的模糊数学法, 
252,100086,微小气动机器人系统的模糊自适应PID控制, 
253,100086,微小气动机器人系统的模糊自适应PID控制, 
254,100087,基于Solis&Wets算法的机器人最优测量构形研究, 
254,100361,机器人计算力矩不确定性的神经网络补偿控制, 
255,100087,基于Solis&Wets算法的机器人最优测量构形研究, 
256,100088,基于群集智能算法的移动机器人路径规划研究, 
257,100088,基于群集智能算法的移动机器人路径规划研究, 
258,100089,基于虚拟力的群机器人队形控制, 
259,100090,机器人的模拟复合正交神经网络学习控制, 
260,100091,机器人机械臂的鲁棒最优控制, 
261,100091,机器人机械臂的鲁棒最优控制, 
262,100092,基于强化学习的未知环境多机器人协作搜集, 
262,100100,基于排斥信息素的多机器人协作研究, 
262,100119,基于信息素的多机器人协作任务分配, 
262,100521,基于并列选择遗传算法的多机器人协作探测, 
263,100092,基于强化学习的未知环境多机器人协作搜集, 
263,100100,基于排斥信息素的多机器人协作研究, 
263,100119,基于信息素的多机器人协作任务分配, 
263,100521,基于并列选择遗传算法的多机器人协作探测, 
264,100092,基于强化学习的未知环境多机器人协作搜集, 
264,100100,基于排斥信息素的多机器人协作研究, 
264,100119,基于信息素的多机器人协作任务分配, 
264,100521,基于并列选择遗传算法的多机器人协作探测, 
265,100093,微粒群算法在机器人路径规划中的应用, 
266,100093,微粒群算法在机器人路径规划中的应用, 
267,100093,微粒群算法在机器人路径规划中的应用, 
268,100094,基于局部传感和通讯的多机器人运动规划框架, 
269,100094,基于局部传感和通讯的多机器人运动规划框架, 
270,100095,基于PTR4000的足球机器人无线通信子系统的设计, 
271,100039,全自主足球机器人通信子系统的设计与实现, 
271,100056,机器人足球比赛决策程序的图形化编程, 
271,100085,青少年机器人足球比赛死锁解除的模糊数学法, 
271,100095,基于PTR4000的足球机器人无线通信子系统的设计, 
271,100126,多机器人系统任务分配的研究进展, 
271,100138,多机器人系统的一种快速会话建立方法, 
271,100160,多移动机器人系统运动协调研究综述, 
271,100180,机器人足球比赛最优拦截问题建模与求解, 
271,100374,基于效用函数的多机器人系统任务分配, 
271,100390,基于机器人效用函数的多机器人系统任务分配, 
271,100530,基于DSPs的足球机器人控制系统的设计, 
271,100576,多机器人系统任务分配效用评价算法, 
272,100095,基于PTR4000的足球机器人无线通信子系统的设计, 
273,100096,微小型履带式机器人路径跟踪控制器设计, 
274,100096,微小型履带式机器人路径跟踪控制器设计, 
275,100096,微小型履带式机器人路径跟踪控制器设计, 
276,100097,仿人视觉过程的机器人视觉伺服系统研究, 
277,100097,仿人视觉过程的机器人视觉伺服系统研究, 
278,100098,强化学习在移动机器人自主导航中的应用, 
279,100098,强化学习在移动机器人自主导航中的应用, 
280,100098,强化学习在移动机器人自主导航中的应用, 
281,100099,架空输电线路巡线机器人的视觉导航, 
282,100099,架空输电线路巡线机器人的视觉导航, 
283,100099,架空输电线路巡线机器人的视觉导航, 
284,100100,基于排斥信息素的多机器人协作研究, 
284,100119,基于信息素的多机器人协作任务分配, 
285,100101,嵌入式移动机器人控制器设计, 
286,100101,嵌入式移动机器人控制器设计, 
287,100101,嵌入式移动机器人控制器设计, 
288,100102,移动机器人的免疫非时间参考路径跟踪控制, 
289,100102,移动机器人的免疫非时间参考路径跟踪控制, 
290,100103,腐蚀/膨胀算法在足球机器人视觉系统中的应用, 
291,100103,腐蚀/膨胀算法在足球机器人视觉系统中的应用, 
291,100129,一种基于图像匹配的移动机器人定位方法, 
291,100388,一种服务机器人家庭全息地图构建方法研究, 
292,100104,基于势场法的移动机器人路径规划仿真研究, 
293,100104,基于势场法的移动机器人路径规划仿真研究, 
294,100104,基于势场法的移动机器人路径规划仿真研究, 
295,100105,基于自组织LMBPNN的移动机器人路径规划器, 
296,100105,基于自组织LMBPNN的移动机器人路径规划器, 
297,100072,110kV架空输电线路巡检机器人视频图像传输, 
297,100106,基于CORBA的工业机器人软件框架的研究和应用, 
298,100106,基于CORBA的工业机器人软件框架的研究和应用, 
299,100106,基于CORBA的工业机器人软件框架的研究和应用, 
300,100107,基于蒙特卡罗学习的多机器人自组织协作, 
301,100107,基于蒙特卡罗学习的多机器人自组织协作, 
301,100356,基于栅格地图的机器人覆盖路径规划研究, 
301,100451,一种动态未知环境中自主机器人的导航方法, 
301,100456,一种仿人机器人跑步状态分析模型, 
301,100463,基于视觉与行为模型的机器人目标跟踪, 
301,100478,基于特征地图的移动机器人全局定位与自主泊位方法, 
301,100483,未知环境下多机器人协作追捕算法, 
302,100107,基于蒙特卡罗学习的多机器人自组织协作, 
302,100395,一种混合路径规划方法在轮式机器人中的应用, 
302,100456,一种仿人机器人跑步状态分析模型, 
302,100489,基于参数优化的类机器人运动规划研究, 
303,100107,基于蒙特卡罗学习的多机器人自组织协作, 
304,100108,基于粒子滤波的移动机器人SLAM改进算法, 
305,100108,基于粒子滤波的移动机器人SLAM改进算法, 
306,100108,基于粒子滤波的移动机器人SLAM改进算法, 
307,100108,基于粒子滤波的移动机器人SLAM改进算法, 
308,100109,基于免疫遗传算法的移动机器人全局路径规划, 
309,100109,基于免疫遗传算法的移动机器人全局路径规划, 
310,100109,基于免疫遗传算法的移动机器人全局路径规划, 
311,100109,基于免疫遗传算法的移动机器人全局路径规划, 
312,100110,群机器人仿真系统设计与实现, 
313,100111,一种蚂蚁粒子群融合的机器人路径规划新算法, 
313,100206,基于蚂蚁自动分流的机器人路径规划新算法, 
314,100111,一种蚂蚁粒子群融合的机器人路径规划新算法, 
314,100206,基于蚂蚁自动分流的机器人路径规划新算法, 
315,100111,一种蚂蚁粒子群融合的机器人路径规划新算法, 
316,100112,完全未知环境下机器人路径规划的RPC算法, 
317,100112,完全未知环境下机器人路径规划的RPC算法, 
318,100113,基于联邦UKF算法的移动机器人自主组合导航, 
319,100113,基于联邦UKF算法的移动机器人自主组合导航, 
320,100113,基于联邦UKF算法的移动机器人自主组合导航, 
321,100114,一种新型的并联机器人位姿立体视觉检测系统, 
322,100114,一种新型的并联机器人位姿立体视觉检测系统, 
322,100208,基于免疫进化的并联机器人的位姿估计, 
323,100114,一种新型的并联机器人位姿立体视觉检测系统, 
323,100208,基于免疫进化的并联机器人的位姿估计, 
324,100114,一种新型的并联机器人位姿立体视觉检测系统, 
324,100208,基于免疫进化的并联机器人的位姿估计, 
325,100115,机器人手眼立体视觉标定研究, 
325,100139,利用机器人行为动力学与滚动窗口路径规划, 
325,100164,智能机器人语音远程控制系统的设计, 
326,100115,机器人手眼立体视觉标定研究, 
326,100139,利用机器人行为动力学与滚动窗口路径规划, 
326,100164,智能机器人语音远程控制系统的设计, 
327,100115,机器人手眼立体视觉标定研究, 
328,100116,基于评价选择策略的Internet多机器人协作控制研究, 
329,100116,基于评价选择策略的Internet多机器人协作控制研究, 
330,100117,动态环境中基于改进粒子群的机器人路径规划, 
331,100118,基于正反馈遗传算法的机器人全局路径规划, 
332,100118,基于正反馈遗传算法的机器人全局路径规划, 
333,100118,基于正反馈遗传算法的机器人全局路径规划, 
334,100120,欠驱动两足步行机器人侧向稳定控制方法研究, 
334,100145,欠驱动双足机器人动态步态规划方法研究, 
335,100120,欠驱动两足步行机器人侧向稳定控制方法研究, 
335,100145,欠驱动双足机器人动态步态规划方法研究, 
336,100120,欠驱动两足步行机器人侧向稳定控制方法研究, 
336,100145,欠驱动双足机器人动态步态规划方法研究, 
337,100121,基于知识库的输电线路巡检机器人的越障控制, 
338,100121,基于知识库的输电线路巡检机器人的越障控制, 
339,100122,基于BP神经网络的足球机器人摄像机标定, 
340,100122,基于BP神经网络的足球机器人摄像机标定, 
341,100122,基于BP神经网络的足球机器人摄像机标定, 
342,100123,弧焊机器人焊缝图像分割方法研究, 
343,100123,弧焊机器人焊缝图像分割方法研究, 
343,100176,弧焊机器人直线轨迹精度测试研究, 
344,100123,弧焊机器人焊缝图像分割方法研究, 
345,100124,FANUC M420iA机器人动力学性能分析与仿真, 
346,100124,FANUC M420iA机器人动力学性能分析与仿真, 
347,100124,FANUC M420iA机器人动力学性能分析与仿真, 
348,100125,空间机器人控制系统硬件仿真平台的研究, 
348,100307,空间机器人专用控制计算机体系结构研究, 
349,100125,空间机器人控制系统硬件仿真平台的研究, 
349,100307,空间机器人专用控制计算机体系结构研究, 
350,100125,空间机器人控制系统硬件仿真平台的研究, 
351,100125,空间机器人控制系统硬件仿真平台的研究, 
352,100126,多机器人系统任务分配的研究进展, 
352,100374,基于效用函数的多机器人系统任务分配, 
352,100576,多机器人系统任务分配效用评价算法, 
353,100127,基于视觉的服务机器人轨迹跟踪控制, 
354,100127,基于视觉的服务机器人轨迹跟踪控制, 
355,100128,基于信息融合地图的水下机器人位置估计, 
356,100128,基于信息融合地图的水下机器人位置估计, 
357,100128,基于信息融合地图的水下机器人位置估计, 
358,100103,腐蚀/膨胀算法在足球机器人视觉系统中的应用, 
358,100129,一种基于图像匹配的移动机器人定位方法, 
358,100304,并联机器人双目主动视觉目标定位的研究, 
358,100512,并联机器人曲面汉字雕刻刀路规划算法研究, 
358,100518,机器人视觉三维重建网格门户的研究与开发, 
359,100130,多模态控制在机器人路径规划中的应用, 
360,100130,多模态控制在机器人路径规划中的应用, 
360,100173,仿人机器人动态步行控制综述, 
361,100130,多模态控制在机器人路径规划中的应用, 
362,100131,室外自主移动机器人AMOR的导航技术, 
363,100131,室外自主移动机器人AMOR的导航技术, 
364,100131,室外自主移动机器人AMOR的导航技术, 
365,100132,一种机器人导航中自然路标的匹配与跟踪方法, 
366,100132,一种机器人导航中自然路标的匹配与跟踪方法, 
367,100133,多机器人合作与协调研究进展, 
367,100363,多移动机器人路径规划仿真平台研究, 
368,100133,多机器人合作与协调研究进展, 
369,100133,多机器人合作与协调研究进展, 
370,100066,多机器人系统的研究现状, 
370,100089,基于虚拟力的群机器人队形控制, 
370,100110,群机器人仿真系统设计与实现, 
370,100135,复杂环境中群机器人网格分布与移动, 
371,100110,群机器人仿真系统设计与实现, 
372,100134,一种移动机器人机构的建模和仿真研究, 
373,100134,一种移动机器人机构的建模和仿真研究, 
374,100134,一种移动机器人机构的建模和仿真研究, 
375,100134,一种移动机器人机构的建模和仿真研究, 
376,100137,基于人工鱼群算法的机器人路径规划, 
376,100154,人工鱼群算法在机器人加工路径规划中的应用, 
377,100137,基于人工鱼群算法的机器人路径规划, 
377,100154,人工鱼群算法在机器人加工路径规划中的应用, 
378,100138,多机器人系统的一种快速会话建立方法, 
378,100530,基于DSPs的足球机器人控制系统的设计, 
379,100138,多机器人系统的一种快速会话建立方法, 
380,100139,利用机器人行为动力学与滚动窗口路径规划, 
381,100140,增强感知遥机器人控制系统研究, 
382,100140,增强感知遥机器人控制系统研究, 
383,100140,增强感知遥机器人控制系统研究, 
384,100141,面向气味跟踪与定位的机器人变步长搜索算法, 
385,100142,改进型量子遗传算法求解机器人联盟问题, 
386,100142,改进型量子遗传算法求解机器人联盟问题, 
387,100142,改进型量子遗传算法求解机器人联盟问题, 
388,100143,移动机器人Java Agent控制系统设计, 
389,100143,移动机器人Java Agent控制系统设计, 
390,100143,移动机器人Java Agent控制系统设计, 
391,100113,基于联邦UKF算法的移动机器人自主组合导航, 
391,100144,多机器人导航中VRS的构建及定位算法研究, 
392,100096,微小型履带式机器人路径跟踪控制器设计, 
392,100113,基于联邦UKF算法的移动机器人自主组合导航, 
392,100144,多机器人导航中VRS的构建及定位算法研究, 
392,100342,一种基于多智能体系统的机器人群组织形式, 
392,100457,一种改进的多机器人协作实时FastSLAM算法, 
393,100113,基于联邦UKF算法的移动机器人自主组合导航, 
393,100144,多机器人导航中VRS的构建及定位算法研究, 
394,100145,欠驱动双足机器人动态步态规划方法研究, 
395,100146,微粒群与蚂蚁融合的机器人路径规划新算法, 
396,100146,微粒群与蚂蚁融合的机器人路径规划新算法, 
396,100174,未知环境下机器人路径规划的粒子群优化, 
397,100147,基于博弈论的多移动机器人聚集任务路径规划, 
398,100147,基于博弈论的多移动机器人聚集任务路径规划, 
399,100147,基于博弈论的多移动机器人聚集任务路径规划, 
400,100148,机器人非视觉多传感器信息融合的TOPSIS法, 
401,100149,多机器人系统中的机器人运动控制, 
402,100149,多机器人系统中的机器人运动控制, 
403,100150,多工件类型的无等待机器人制造单元调度研究, 
403,100310,具有柔性加工时间的机器人制造单元调度问题改进遗传算法, 
404,100150,多工件类型的无等待机器人制造单元调度研究, 
404,100306,无等待多机器人制造单元调度模型和算法研究, 
404,100310,具有柔性加工时间的机器人制造单元调度问题改进遗传算法, 
405,100150,多工件类型的无等待机器人制造单元调度研究, 
405,100310,具有柔性加工时间的机器人制造单元调度问题改进遗传算法, 
406,100150,多工件类型的无等待机器人制造单元调度研究, 
407,100151,6-DOF并联机器人位置正解的实用解法, 
408,100152,基于神经-模糊控制系统的移动机器人动态路径规划, 
409,100152,基于神经-模糊控制系统的移动机器人动态路径规划, 
410,100152,基于神经-模糊控制系统的移动机器人动态路径规划, 
410,100153,机器视觉智能机器人无损检测系统, 
411,100153,机器视觉智能机器人无损检测系统, 
412,100154,人工鱼群算法在机器人加工路径规划中的应用, 
413,100155,图形相似性匹配在多机器人地图中的应用, 
414,100155,图形相似性匹配在多机器人地图中的应用, 
415,100156,机器人的低通滤波滑模控制, 
416,100156,机器人的低通滤波滑模控制, 
417,100156,机器人的低通滤波滑模控制, 
417,100183,基于反演设计的机器人自适应动态滑模控制, 
418,100157,冗余空间机器人最小姿态干扰运动控制, 
418,100372,基于虚拟现实的无时延感空间机器人遥控操作研究, 
419,100158,一种动态未知环境下的机器人路径搜索方法, 
420,100158,一种动态未知环境下的机器人路径搜索方法, 
421,100158,一种动态未知环境下的机器人路径搜索方法, 
422,100158,一种动态未知环境下的机器人路径搜索方法, 
423,100159,提高移动机器人路径规划效率的方法, 
424,100159,提高移动机器人路径规划效率的方法, 
425,100159,提高移动机器人路径规划效率的方法, 
427,100075,基于Agent的网络遥操作机器人系统控制研究, 
427,100116,基于评价选择策略的Internet多机器人协作控制研究, 
428,100160,多移动机器人系统运动协调研究综述, 
428,100390,基于机器人效用函数的多机器人系统任务分配, 
429,100160,多移动机器人系统运动协调研究综述, 
430,100161,自主导航移动机器人视觉系统的一种标定方法, 
431,100161,自主导航移动机器人视觉系统的一种标定方法, 
432,100161,自主导航移动机器人视觉系统的一种标定方法, 
433,100161,自主导航移动机器人视觉系统的一种标定方法, 
434,100161,自主导航移动机器人视觉系统的一种标定方法, 
435,100162,四轮移动机器人智能预瞄轨迹跟踪控制, 
436,100162,四轮移动机器人智能预瞄轨迹跟踪控制, 
437,100163,交互式多模型算法在机器人目标跟踪中的应用, 
438,100163,交互式多模型算法在机器人目标跟踪中的应用, 
439,100164,智能机器人语音远程控制系统的设计, 
440,100165,仿人机器人实时路径规划方法研究, 
441,100165,仿人机器人实时路径规划方法研究, 
442,100166,新的融合算法在机器人路径规划中的应用, 
443,100166,新的融合算法在机器人路径规划中的应用, 
444,100166,新的融合算法在机器人路径规划中的应用, 
445,100166,新的融合算法在机器人路径规划中的应用, 
446,100166,新的融合算法在机器人路径规划中的应用, 
447,100167,免疫微粒群算法优化的水下机器人运动控制器, 
448,100167,免疫微粒群算法优化的水下机器人运动控制器, 
449,100167,免疫微粒群算法优化的水下机器人运动控制器, 
450,100167,免疫微粒群算法优化的水下机器人运动控制器, 
451,100168,Robocon2007移动机器人视觉系统, 
452,100168,Robocon2007移动机器人视觉系统, 
453,100168,Robocon2007移动机器人视觉系统, 
454,100169,模糊控制在移动机器人路径规划中的应用, 
454,100485,基于模糊算法的移动机器人路径规划, 
455,100169,模糊控制在移动机器人路径规划中的应用, 
456,100169,模糊控制在移动机器人路径规划中的应用, 
456,100485,基于模糊算法的移动机器人路径规划, 
457,100170,基于广义预测控制的移动机器人视觉导航, 
458,100170,基于广义预测控制的移动机器人视觉导航, 
459,100170,基于广义预测控制的移动机器人视觉导航, 
460,100170,基于广义预测控制的移动机器人视觉导航, 
461,100170,基于广义预测控制的移动机器人视觉导航, 
462,100171,机器人全覆盖最优路径规划的改进遗传算法, 
463,100171,机器人全覆盖最优路径规划的改进遗传算法, 
464,100171,机器人全覆盖最优路径规划的改进遗传算法, 
465,100172,粒子群和蚁群融合算法的自主清洁机器人路径, 
466,100172,粒子群和蚁群融合算法的自主清洁机器人路径, 
467,100173,仿人机器人动态步行控制综述, 
467,100219,双足机器人动态步行实时步态生成, 
468,100173,仿人机器人动态步行控制综述, 
468,100198,双足机器人稳定行走的仿人预测控制研究, 
468,100219,双足机器人动态步行实时步态生成, 
469,100173,仿人机器人动态步行控制综述, 
469,100198,双足机器人稳定行走的仿人预测控制研究, 
470,100175,基于意会知识的机器人仿生体系结构研究, 
471,100175,基于意会知识的机器人仿生体系结构研究, 
471,100195,生物交哺行为启发的群体机器人搜集行为研究, 
471,100448,多机器人动态编队的强化学习算法研究, 
472,100123,弧焊机器人焊缝图像分割方法研究, 
472,100176,弧焊机器人直线轨迹精度测试研究, 
473,100177,PUMA机器人逆运动模拟退火粒子群求解方法, 
474,100177,PUMA机器人逆运动模拟退火粒子群求解方法, 
475,100177,PUMA机器人逆运动模拟退火粒子群求解方法, 
476,100177,PUMA机器人逆运动模拟退火粒子群求解方法, 
477,100178,仿人机器人上楼梯行走稳定性研究, 
477,100534,仿人机器人上下楼梯稳定行走控制策略, 
478,100178,仿人机器人上楼梯行走稳定性研究, 
479,100179,移动机器人步长调整算法的S函数应用研究, 
480,100179,移动机器人步长调整算法的S函数应用研究, 
481,100179,移动机器人步长调整算法的S函数应用研究, 
482,100179,移动机器人步长调整算法的S函数应用研究, 
483,100180,机器人足球比赛最优拦截问题建模与求解, 
484,100180,机器人足球比赛最优拦截问题建模与求解, 
485,100180,机器人足球比赛最优拦截问题建模与求解, 
486,100180,机器人足球比赛最优拦截问题建模与求解, 
487,100181,基于智能优化的移动机器人轨迹跟踪控制, 
488,100181,基于智能优化的移动机器人轨迹跟踪控制, 
489,100182,图像尺寸对机器人视觉定位实时性的影响研究, 
490,100182,图像尺寸对机器人视觉定位实时性的影响研究, 
491,100182,图像尺寸对机器人视觉定位实时性的影响研究, 
492,100182,图像尺寸对机器人视觉定位实时性的影响研究, 
493,100182,图像尺寸对机器人视觉定位实时性的影响研究, 
494,100183,基于反演设计的机器人自适应动态滑模控制, 
495,100183,基于反演设计的机器人自适应动态滑模控制, 
496,100183,基于反演设计的机器人自适应动态滑模控制, 
497,100184,基于FNN的覆冰机器人越障机械臂轨迹跟踪控制, 
498,100184,基于FNN的覆冰机器人越障机械臂轨迹跟踪控制, 
499,100184,基于FNN的覆冰机器人越障机械臂轨迹跟踪控制, 
500,100184,基于FNN的覆冰机器人越障机械臂轨迹跟踪控制, 
501,100185,基于人工路标和立体视觉的移动机器人自定位, 
501,100564,基于OpenGL的工业机器人分拣系统仿真, 
502,100185,基于人工路标和立体视觉的移动机器人自定位, 
503,100185,基于人工路标和立体视觉的移动机器人自定位, 
504,100186,两栖机器人结构设计及运动学建模, 
504,100249,复杂环境下改进APF的机器人路径规划, 
505,100186,两栖机器人结构设计及运动学建模, 
506,100186,两栖机器人结构设计及运动学建模, 
507,100187,高压输电线除冰机器人的建模及运动控制, 
508,100187,高压输电线除冰机器人的建模及运动控制, 
509,100188,基于混合式控制结构的多机器人编队控制研究, 
510,100188,基于混合式控制结构的多机器人编队控制研究, 
511,100188,基于混合式控制结构的多机器人编队控制研究, 
512,100189,移动机器人寻迹算法研究, 
513,100189,移动机器人寻迹算法研究, 
514,100189,移动机器人寻迹算法研究, 
515,100190,多目移动机器人全景视觉子系统标定研究, 
516,100190,多目移动机器人全景视觉子系统标定研究, 
517,100190,多目移动机器人全景视觉子系统标定研究, 
518,100191,脊柱微创手术机器人运动控制系统的设计, 
519,100191,脊柱微创手术机器人运动控制系统的设计, 
520,100191,脊柱微创手术机器人运动控制系统的设计, 
521,100191,脊柱微创手术机器人运动控制系统的设计, 
522,100191,脊柱微创手术机器人运动控制系统的设计, 
523,100192,RoboCupSoccer中多机器人协作截球策略, 
524,100192,RoboCupSoccer中多机器人协作截球策略, 
525,100192,RoboCupSoccer中多机器人协作截球策略, 
526,100193,改进SIFT用于全景视觉移动机器人定位, 
526,100414,基于EKF的全景视觉机器人SLAM算法, 
527,100193,改进SIFT用于全景视觉移动机器人定位, 
528,100188,基于混合式控制结构的多机器人编队控制研究, 
528,100193,改进SIFT用于全景视觉移动机器人定位, 
528,100414,基于EKF的全景视觉机器人SLAM算法, 
529,100194,基于FRPN的水下机器人故障诊断, 
530,100194,基于FRPN的水下机器人故障诊断, 
531,100194,基于FRPN的水下机器人故障诊断, 
532,100195,生物交哺行为启发的群体机器人搜集行为研究, 
533,100195,生物交哺行为启发的群体机器人搜集行为研究, 
534,100196,广义Voronoi图求解多机器人运动规划, 
535,100196,广义Voronoi图求解多机器人运动规划, 
536,100196,广义Voronoi图求解多机器人运动规划, 
537,100197,Hermite三次样条插值的车型机器人路径规划研究, 
538,100197,Hermite三次样条插值的车型机器人路径规划研究, 
538,100236,一种动态窗口下改进的机器人路径规划, 
539,100198,双足机器人稳定行走的仿人预测控制研究, 
540,100199,旋翼空中机器人系统架构及设计, 
541,100199,旋翼空中机器人系统架构及设计, 
542,100199,旋翼空中机器人系统架构及设计, 
543,100199,旋翼空中机器人系统架构及设计, 
544,100200,机器人在线路径规划改进算法, 
545,100088,基于群集智能算法的移动机器人路径规划研究, 
545,100200,机器人在线路径规划改进算法, 
545,100548,采用全景相机的移动机器人视觉伺服, 
546,100201,示教再现型烹饪机器人菜肴评定方法的研究, 
547,100201,示教再现型烹饪机器人菜肴评定方法的研究, 
548,100201,示教再现型烹饪机器人菜肴评定方法的研究, 
549,100201,示教再现型烹饪机器人菜肴评定方法的研究, 
550,100202,非完整移动机器人的神经网络鲁棒自适应控制, 
551,100202,非完整移动机器人的神经网络鲁棒自适应控制, 
552,100202,非完整移动机器人的神经网络鲁棒自适应控制, 
553,100202,非完整移动机器人的神经网络鲁棒自适应控制, 
554,100203,除冰机器人的多传感器融合障碍测距方法研究, 
555,100203,除冰机器人的多传感器融合障碍测距方法研究, 
556,100204,具有感觉适应功能蚁群算法的机器人路径规划, 
557,100204,具有感觉适应功能蚁群算法的机器人路径规划, 
557,100223,二次划分和改进遗传算法的机器人路径规划, 
557,100487,基于动态预测目标轨迹和围捕点的多机器人围捕算法, 
557,100490,动态环境下基于多人工鱼群算法和避碰规则库的机器人路径规划, 
558,100205,智能移动机器人跟踪系统应用研究与设计, 
559,100205,智能移动机器人跟踪系统应用研究与设计, 
560,100205,智能移动机器人跟踪系统应用研究与设计, 
561,100206,基于蚂蚁自动分流的机器人路径规划新算法, 
562,100206,基于蚂蚁自动分流的机器人路径规划新算法, 
563,100206,基于蚂蚁自动分流的机器人路径规划新算法, 
564,100206,基于蚂蚁自动分流的机器人路径规划新算法, 
565,100206,基于蚂蚁自动分流的机器人路径规划新算法, 
566,100207,多机器人协作搬运路径规划研究, 
567,100207,多机器人协作搬运路径规划研究, 
568,100209,机器人二维环境下仿人虚拟力场避障研究, 
569,100209,机器人二维环境下仿人虚拟力场避障研究, 
570,100209,机器人二维环境下仿人虚拟力场避障研究, 
571,100210,除冰机器人关节控制PID参数优化, 
572,100210,除冰机器人关节控制PID参数优化, 
573,100211,基于模糊卡尔曼滤波的移动机器人定位研究, 
574,100211,基于模糊卡尔曼滤波的移动机器人定位研究, 
575,100212,仿人机器人步态规划反馈控制研究综述, 
576,100212,仿人机器人步态规划反馈控制研究综述, 
577,100212,仿人机器人步态规划反馈控制研究综述, 
578,100213,基于智能手机的网络机器人人机交互系统, 
579,100213,基于智能手机的网络机器人人机交互系统, 
580,100214,异类种群蚂蚁机器人滚动规划算法, 
581,100215,一种中型自主足球机器人自定位方法, 
582,100215,一种中型自主足球机器人自定位方法, 
583,100215,一种中型自主足球机器人自定位方法, 
584,100216,空间机器人目标捕获的自适应规划, 
585,100216,空间机器人目标捕获的自适应规划, 
586,100216,空间机器人目标捕获的自适应规划, 
587,100216,空间机器人目标捕获的自适应规划, 
588,100217,移动机器人目标分割及测距方法研究, 
589,100218,基于支持向量机和Q学习的移动机器人导航, 
590,100219,双足机器人动态步行实时步态生成, 
591,100220,栅格法视觉传感集成及机器人实时避障, 
592,100220,栅格法视觉传感集成及机器人实时避障, 
592,100404,基于混合势场法的移动机器人路径规划, 
592,100491,基于生物触角的仿生条件反射机器人导航算法, 
593,100221,基于全身协调的仿人机器人步行稳定控制, 
594,100221,基于全身协调的仿人机器人步行稳定控制, 
595,100222,改进粒子群算法在机器人路径规划中的应用, 
596,100222,改进粒子群算法在机器人路径规划中的应用, 
597,100223,二次划分和改进遗传算法的机器人路径规划, 
598,100204,具有感觉适应功能蚁群算法的机器人路径规划, 
598,100223,二次划分和改进遗传算法的机器人路径规划, 
598,100490,动态环境下基于多人工鱼群算法和避碰规则库的机器人路径规划, 
599,100223,二次划分和改进遗传算法的机器人路径规划, 
600,100224,博弈论的足球机器人进攻策略研究, 
601,100224,博弈论的足球机器人进攻策略研究, 
602,100225,拟人机器人关节空间自适应H_∞位置跟踪控制, 
603,100226,基于无线传感器网络的机器人定位跟踪研究, 
604,100226,基于无线传感器网络的机器人定位跟踪研究, 
605,100226,基于无线传感器网络的机器人定位跟踪研究, 
606,100226,基于无线传感器网络的机器人定位跟踪研究, 
607,100227,室内机器人动态手势指令识别系统研究, 
608,100227,室内机器人动态手势指令识别系统研究, 
609,100227,室内机器人动态手势指令识别系统研究, 
610,100227,室内机器人动态手势指令识别系统研究, 
611,100228,利用平面单应分解实现服务机器人视觉伺服, 
612,100228,利用平面单应分解实现服务机器人视觉伺服, 
612,100246,服务机器人智能空间软件平台设计与实现——基于UPnP中间件技术, 
613,100228,利用平面单应分解实现服务机器人视觉伺服, 
613,100246,服务机器人智能空间软件平台设计与实现——基于UPnP中间件技术, 
613,100364,基于中间件的工业机器人软件框架的研究和应用, 
614,100228,利用平面单应分解实现服务机器人视觉伺服, 
615,100229,改进PSO在欠驱动机器人运动规划中的应用研究, 
616,100229,改进PSO在欠驱动机器人运动规划中的应用研究, 
617,100230,基于RSSI的机器人室内卡尔曼滤波定位算法研究, 
618,100230,基于RSSI的机器人室内卡尔曼滤波定位算法研究, 
619,100230,基于RSSI的机器人室内卡尔曼滤波定位算法研究, 
620,100231,基于迭代学习控制的移动机器人轨迹跟踪控制, 
621,100231,基于迭代学习控制的移动机器人轨迹跟踪控制, 
622,100231,基于迭代学习控制的移动机器人轨迹跟踪控制, 
623,100232,模糊自适应在机器人行走平衡控制中的应用, 
624,100232,模糊自适应在机器人行走平衡控制中的应用, 
625,100233,基于改进粒子群优化算法的移动机器人路径规划, 
626,100233,基于改进粒子群优化算法的移动机器人路径规划, 
627,100233,基于改进粒子群优化算法的移动机器人路径规划, 
628,100234,基于惯性蚁群算法的机器人路径规划, 
629,100234,基于惯性蚁群算法的机器人路径规划, 
630,100235,仿生机器人视觉导航研究分析, 
630,100575,室外环境下移动机器人视觉SLAM算法改进, 
630,100594,移动机器人视觉候选闭环召回方法设计, 
631,100235,仿生机器人视觉导航研究分析, 
631,100575,室外环境下移动机器人视觉SLAM算法改进, 
632,100235,仿生机器人视觉导航研究分析, 
633,100236,一种动态窗口下改进的机器人路径规划, 
634,100236,一种动态窗口下改进的机器人路径规划, 
635,100236,一种动态窗口下改进的机器人路径规划, 
636,100237,基于改进速度障碍法的多机器人避碰规划算法, 
637,100237,基于改进速度障碍法的多机器人避碰规划算法, 
638,100238,基于文化算法的家庭服务机器人任务规划, 
638,100569,改进的进化算法于服务机器人仿真赛中的应用, 
639,100238,基于文化算法的家庭服务机器人任务规划, 
639,100569,改进的进化算法于服务机器人仿真赛中的应用, 
639,100603,基于粒子滤波的机器人主动定位算法, 
640,100238,基于文化算法的家庭服务机器人任务规划, 
640,100569,改进的进化算法于服务机器人仿真赛中的应用, 
641,100239,改进QPSO算法的移动机器人轨迹跟踪控制方法, 
642,100239,改进QPSO算法的移动机器人轨迹跟踪控制方法, 
643,100239,改进QPSO算法的移动机器人轨迹跟踪控制方法, 
644,100240,基于嵌入式计算机的机器人示教器研究, 
645,100240,基于嵌入式计算机的机器人示教器研究, 
646,100241,两轮自平衡机器人角度检测数据融合算法, 
647,100241,两轮自平衡机器人角度检测数据融合算法, 
648,100242,动作预测在多机器人强化学习协作中的应用, 
649,100242,动作预测在多机器人强化学习协作中的应用, 
650,100243,基于反步法的移动机器人鲁棒跟踪控制, 
651,100243,基于反步法的移动机器人鲁棒跟踪控制, 
652,100243,基于反步法的移动机器人鲁棒跟踪控制, 
653,100244,机器人视觉中障碍物刚柔性的判别方法, 
654,100244,机器人视觉中障碍物刚柔性的判别方法, 
655,100244,机器人视觉中障碍物刚柔性的判别方法, 
656,100245,加入临时路径的移动机器人路径跟踪模糊控制, 
657,100245,加入临时路径的移动机器人路径跟踪模糊控制, 
658,100246,服务机器人智能空间软件平台设计与实现——基于UPnP中间件技术, 
659,100246,服务机器人智能空间软件平台设计与实现——基于UPnP中间件技术, 
660,100247,基于双层微粒群优化的机器人全局路径规划, 
661,100248,一种新型的移动机器人轨迹跟踪控制方法, 
661,100406,一种改进的移动机器人轨迹跟踪迭代学习方法, 
661,100492,移动机器人轨迹跟踪的模糊PID-P型迭代学习控制, 
662,100248,一种新型的移动机器人轨迹跟踪控制方法, 
662,100406,一种改进的移动机器人轨迹跟踪迭代学习方法, 
662,100492,移动机器人轨迹跟踪的模糊PID-P型迭代学习控制, 
663,100249,复杂环境下改进APF的机器人路径规划, 
664,100250,高压线路除冰机器人越障识别定位算法研究, 
665,100250,高压线路除冰机器人越障识别定位算法研究, 
666,100250,高压线路除冰机器人越障识别定位算法研究, 
667,100202,非完整移动机器人的神经网络鲁棒自适应控制, 
667,100251,含驱动器动力学的移动机器人编队自适应控制, 
668,100202,非完整移动机器人的神经网络鲁棒自适应控制, 
668,100251,含驱动器动力学的移动机器人编队自适应控制, 
669,100251,含驱动器动力学的移动机器人编队自适应控制, 
670,100252,双足机器人动态步态规划, 
671,100252,双足机器人动态步态规划, 
671,100279,不确定性自由漂浮空间机器人神经自适应控制, 
672,100252,双足机器人动态步态规划, 
673,100252,双足机器人动态步态规划, 
674,100253,基于混合策略的轮式机器人路径规划方法, 
675,100253,基于混合策略的轮式机器人路径规划方法, 
676,100253,基于混合策略的轮式机器人路径规划方法, 
677,100253,基于混合策略的轮式机器人路径规划方法, 
678,100254,内部动机驱动的机器人未知环境在线自主学习, 
679,100254,内部动机驱动的机器人未知环境在线自主学习, 
680,100255,学习人类控制策略的双足机器人步态控制研究, 
681,100255,学习人类控制策略的双足机器人步态控制研究, 
682,100256,脊柱手术机器人, 
683,100256,脊柱手术机器人, 
684,100256,脊柱手术机器人, 
685,100256,脊柱手术机器人, 
686,100257,基于视觉图像的水面机器人波浪检测方法, 
687,100257,基于视觉图像的水面机器人波浪检测方法, 
688,100257,基于视觉图像的水面机器人波浪检测方法, 
689,100257,基于视觉图像的水面机器人波浪检测方法, 
690,100258,自反馈生物激励神经网络机器人路径规划, 
691,100258,自反馈生物激励神经网络机器人路径规划, 
692,100259,基于改进蚁群算法的机器人路径规划研究, 
693,100259,基于改进蚁群算法的机器人路径规划研究, 
694,100259,基于改进蚁群算法的机器人路径规划研究, 
695,100259,基于改进蚁群算法的机器人路径规划研究, 
696,100260,双足机器人自然ZMP轨迹生成方法研究, 
697,100260,双足机器人自然ZMP轨迹生成方法研究, 
698,100261,结构光视觉引导的焊接机器人系统自标定技术, 
698,100266,焊接机器人曲线焊缝的自动跟踪控制, 
699,100261,结构光视觉引导的焊接机器人系统自标定技术, 
699,100266,焊接机器人曲线焊缝的自动跟踪控制, 
699,100268,串联机器人的双模糊自适应滑模控制, 
699,100274,SCARA机器人模糊自适应滑模控制, 
699,100278,SCARA机器人内模控制方法, 
700,100261,结构光视觉引导的焊接机器人系统自标定技术, 
701,100261,结构光视觉引导的焊接机器人系统自标定技术, 
701,100266,焊接机器人曲线焊缝的自动跟踪控制, 
702,100262,基于神经网络补偿的机器人滑模变结构控制, 
703,100263,基于模糊CMAC的移动机器人轨迹跟踪控制, 
704,100264,遥操作机器人自适应模糊控制及跟踪性能研究, 
704,100272,实时上肢参数辨识的康复机器人力控制研究, 
704,100300,具有震颤抑制的微创机器人主从控制系统设计, 
705,100264,遥操作机器人自适应模糊控制及跟踪性能研究, 
706,100264,遥操作机器人自适应模糊控制及跟踪性能研究, 
706,100272,实时上肢参数辨识的康复机器人力控制研究, 
706,100291,钢丝绳传动机器人运动学的支路分析方法, 
706,100300,具有震颤抑制的微创机器人主从控制系统设计, 
707,100265,两轮自平衡机器人的无源控制器设计, 
708,100265,两轮自平衡机器人的无源控制器设计, 
709,100265,两轮自平衡机器人的无源控制器设计, 
710,100265,两轮自平衡机器人的无源控制器设计, 
711,100266,焊接机器人曲线焊缝的自动跟踪控制, 
711,100268,串联机器人的双模糊自适应滑模控制, 
711,100274,SCARA机器人模糊自适应滑模控制, 
712,100266,焊接机器人曲线焊缝的自动跟踪控制, 
712,100268,串联机器人的双模糊自适应滑模控制, 
712,100278,SCARA机器人内模控制方法, 
713,100267,Robocup3D仿真机器人球队决策系统模型研究, 
714,100267,Robocup3D仿真机器人球队决策系统模型研究, 
715,100266,焊接机器人曲线焊缝的自动跟踪控制, 
715,100268,串联机器人的双模糊自适应滑模控制, 
715,100278,SCARA机器人内模控制方法, 
716,100266,焊接机器人曲线焊缝的自动跟踪控制, 
716,100268,串联机器人的双模糊自适应滑模控制, 
716,100274,SCARA机器人模糊自适应滑模控制, 
716,100278,SCARA机器人内模控制方法, 
717,100269,用改进的JSHOP2规划器实现机器人多任务优化研究, 
718,100269,用改进的JSHOP2规划器实现机器人多任务优化研究, 
719,100269,用改进的JSHOP2规划器实现机器人多任务优化研究, 
720,100270,微小型群机器人室外组合定位系统与方法, 
721,100270,微小型群机器人室外组合定位系统与方法, 
721,100495,基于简化虚拟受力模型的未知复杂环境下群机器人围捕, 
722,100270,微小型群机器人室外组合定位系统与方法, 
722,100495,基于简化虚拟受力模型的未知复杂环境下群机器人围捕, 
723,100270,微小型群机器人室外组合定位系统与方法, 
724,100270,微小型群机器人室外组合定位系统与方法, 
725,100271,基于终端滑模机器人模糊自适应路径跟踪控制, 
726,100271,基于终端滑模机器人模糊自适应路径跟踪控制, 
727,100271,基于终端滑模机器人模糊自适应路径跟踪控制, 
728,100271,基于终端滑模机器人模糊自适应路径跟踪控制, 
729,100272,实时上肢参数辨识的康复机器人力控制研究, 
730,100272,实时上肢参数辨识的康复机器人力控制研究, 
731,100273,改进的势场蚁群算法的移动机器人路径规划, 
732,100273,改进的势场蚁群算法的移动机器人路径规划, 
733,100273,改进的势场蚁群算法的移动机器人路径规划, 
734,100273,改进的势场蚁群算法的移动机器人路径规划, 
735,100273,改进的势场蚁群算法的移动机器人路径规划, 
736,100274,SCARA机器人模糊自适应滑模控制, 
737,100274,SCARA机器人模糊自适应滑模控制, 
738,100275,矿井搜救探测机器人驱动系统最小能耗建模与影响因素分析, 
739,100275,矿井搜救探测机器人驱动系统最小能耗建模与影响因素分析, 
740,100117,动态环境中基于改进粒子群的机器人路径规划, 
740,100276,基于社团和多级拓扑的机器人群体编队算法, 
741,100276,基于社团和多级拓扑的机器人群体编队算法, 
742,100276,基于社团和多级拓扑的机器人群体编队算法, 
743,100277,三自由度苹果采摘机器人本体设计, 
744,100277,三自由度苹果采摘机器人本体设计, 
745,100277,三自由度苹果采摘机器人本体设计, 
746,100277,三自由度苹果采摘机器人本体设计, 
747,100277,三自由度苹果采摘机器人本体设计, 
748,100278,SCARA机器人内模控制方法, 
749,100266,焊接机器人曲线焊缝的自动跟踪控制, 
749,100268,串联机器人的双模糊自适应滑模控制, 
749,100274,SCARA机器人模糊自适应滑模控制, 
749,100278,SCARA机器人内模控制方法, 
750,100266,焊接机器人曲线焊缝的自动跟踪控制, 
750,100268,串联机器人的双模糊自适应滑模控制, 
750,100278,SCARA机器人内模控制方法, 
751,100279,不确定性自由漂浮空间机器人神经自适应控制, 
752,100279,不确定性自由漂浮空间机器人神经自适应控制, 
753,100279,不确定性自由漂浮空间机器人神经自适应控制, 
754,100280,结合光流和人工势场的风管机器人避障方法, 
755,100280,结合光流和人工势场的风管机器人避障方法, 
756,100280,结合光流和人工势场的风管机器人避障方法, 
757,100281,非确定性环境中移动机器人避障策略的验证——基于形式化建模和概率分析, 
758,100281,非确定性环境中移动机器人避障策略的验证——基于形式化建模和概率分析, 
759,100281,非确定性环境中移动机器人避障策略的验证——基于形式化建模和概率分析, 
760,100281,非确定性环境中移动机器人避障策略的验证——基于形式化建模和概率分析, 
761,100281,非确定性环境中移动机器人避障策略的验证——基于形式化建模和概率分析, 
762,100281,非确定性环境中移动机器人避障策略的验证——基于形式化建模和概率分析, 
763,100282,机器人全局路径规划的混合蚁群系统算法, 
764,100282,机器人全局路径规划的混合蚁群系统算法, 
764,100283,复杂环境移动机器人路径规划的改进蚁群算法, 
765,100282,机器人全局路径规划的混合蚁群系统算法, 
765,100283,复杂环境移动机器人路径规划的改进蚁群算法, 
766,100283,复杂环境移动机器人路径规划的改进蚁群算法, 
767,100284,机器人虚拟仿真及远程控制系统的研究及实现, 
768,100284,机器人虚拟仿真及远程控制系统的研究及实现, 
769,100284,机器人虚拟仿真及远程控制系统的研究及实现, 
770,100285,欠驱动平面机器人逆运动学求解研究——粒子群优化神经网络算法求解, 
771,100285,欠驱动平面机器人逆运动学求解研究——粒子群优化神经网络算法求解, 
772,100286,基于可测距平板工具的机器人TCP标定方法, 
773,100286,基于可测距平板工具的机器人TCP标定方法, 
774,100286,基于可测距平板工具的机器人TCP标定方法, 
775,100287,发动机瓦盖上料机器人研究, 
776,100287,发动机瓦盖上料机器人研究, 
777,100287,发动机瓦盖上料机器人研究, 
778,100287,发动机瓦盖上料机器人研究, 
779,100287,发动机瓦盖上料机器人研究, 
780,100288,变邻域搜索算法求解机器人制造单元调度问题——排序依赖转换时间, 
781,100288,变邻域搜索算法求解机器人制造单元调度问题——排序依赖转换时间, 
782,100289,基于改进RANSAC的消防机器人双目障碍检测, 
783,100289,基于改进RANSAC的消防机器人双目障碍检测, 
784,100289,基于改进RANSAC的消防机器人双目障碍检测, 
785,100290,羽毛球机器人机械臂运动轨迹多目标规划, 
786,100290,羽毛球机器人机械臂运动轨迹多目标规划, 
787,100290,羽毛球机器人机械臂运动轨迹多目标规划, 
788,100264,遥操作机器人自适应模糊控制及跟踪性能研究, 
788,100272,实时上肢参数辨识的康复机器人力控制研究, 
788,100291,钢丝绳传动机器人运动学的支路分析方法, 
788,100300,具有震颤抑制的微创机器人主从控制系统设计, 
789,100291,钢丝绳传动机器人运动学的支路分析方法, 
789,100300,具有震颤抑制的微创机器人主从控制系统设计, 
790,100291,钢丝绳传动机器人运动学的支路分析方法, 
790,100300,具有震颤抑制的微创机器人主从控制系统设计, 
791,100291,钢丝绳传动机器人运动学的支路分析方法, 
791,100300,具有震颤抑制的微创机器人主从控制系统设计, 
792,100291,钢丝绳传动机器人运动学的支路分析方法, 
793,100292,使用单目视觉的移动机器人导航方法, 
794,100292,使用单目视觉的移动机器人导航方法, 
795,100292,使用单目视觉的移动机器人导航方法, 
796,100292,使用单目视觉的移动机器人导航方法, 
797,100292,使用单目视觉的移动机器人导航方法, 
798,100293,基于自然语言的分拣机器人解析器技术研究, 
799,100293,基于自然语言的分拣机器人解析器技术研究, 
799,100572,三轮全向移动机器人的研究与设计, 
800,100294,机器人逆运动学差分自适应混沌粒子群求解, 
801,100294,机器人逆运动学差分自适应混沌粒子群求解, 
802,100294,机器人逆运动学差分自适应混沌粒子群求解, 
803,100294,机器人逆运动学差分自适应混沌粒子群求解, 
804,100294,机器人逆运动学差分自适应混沌粒子群求解, 
805,100294,机器人逆运动学差分自适应混沌粒子群求解, 
806,100294,机器人逆运动学差分自适应混沌粒子群求解, 
807,100295,一种优化的机器人室内场景定量分割识别方法, 
808,100295,一种优化的机器人室内场景定量分割识别方法, 
809,100295,一种优化的机器人室内场景定量分割识别方法, 
810,100296,基于改进混沌搜索算法的机器人轨迹规划, 
811,100296,基于改进混沌搜索算法的机器人轨迹规划, 
812,100297,基于特征稀疏策略的室内机器人SLAM研究, 
813,100297,基于特征稀疏策略的室内机器人SLAM研究, 
814,100297,基于特征稀疏策略的室内机器人SLAM研究, 
815,100297,基于特征稀疏策略的室内机器人SLAM研究, 
816,100298,移动机器人室内无源RFID定位方法及实现, 
817,100298,移动机器人室内无源RFID定位方法及实现, 
818,100298,移动机器人室内无源RFID定位方法及实现, 
819,100298,移动机器人室内无源RFID定位方法及实现, 
820,100299,云机器人系统研究综述, 
821,100299,云机器人系统研究综述, 
822,100299,云机器人系统研究综述, 
823,100264,遥操作机器人自适应模糊控制及跟踪性能研究, 
823,100272,实时上肢参数辨识的康复机器人力控制研究, 
823,100300,具有震颤抑制的微创机器人主从控制系统设计, 
824,100301,未知环境下单目视觉移动机器人路径规划, 
825,100301,未知环境下单目视觉移动机器人路径规划, 
826,100301,未知环境下单目视觉移动机器人路径规划, 
827,100301,未知环境下单目视觉移动机器人路径规划, 
828,100302,关节型工业机器人轨迹规划研究综述, 
829,100302,关节型工业机器人轨迹规划研究综述, 
830,100302,关节型工业机器人轨迹规划研究综述, 
831,100302,关节型工业机器人轨迹规划研究综述, 
832,100303,基于开放式控制器的机器人视觉伺服系统研究, 
833,100303,基于开放式控制器的机器人视觉伺服系统研究, 
834,100303,基于开放式控制器的机器人视觉伺服系统研究, 
835,100303,基于开放式控制器的机器人视觉伺服系统研究, 
836,100304,并联机器人双目主动视觉目标定位的研究, 
837,100304,并联机器人双目主动视觉目标定位的研究, 
838,100305,新型并联机器人坐标测量机误差建模与仿真, 
839,100305,新型并联机器人坐标测量机误差建模与仿真, 
839,100312,6-PUS/UPU并联机器人冗余驱动力控制仿真, 
840,100305,新型并联机器人坐标测量机误差建模与仿真, 
841,100306,无等待多机器人制造单元调度模型和算法研究, 
842,100125,空间机器人控制系统硬件仿真平台的研究, 
842,100307,空间机器人专用控制计算机体系结构研究, 
843,100125,空间机器人控制系统硬件仿真平台的研究, 
843,100307,空间机器人专用控制计算机体系结构研究, 
844,100307,空间机器人专用控制计算机体系结构研究, 
845,100307,空间机器人专用控制计算机体系结构研究, 
846,100308,基于人工生命算法的并联机器人最优轨迹规划, 
847,100308,基于人工生命算法的并联机器人最优轨迹规划, 
848,100308,基于人工生命算法的并联机器人最优轨迹规划, 
849,100309,基于递阶强化学习的自主机器人路径规划智能体, 
850,100309,基于递阶强化学习的自主机器人路径规划智能体, 
851,100309,基于递阶强化学习的自主机器人路径规划智能体, 
852,100309,基于递阶强化学习的自主机器人路径规划智能体, 
853,100309,基于递阶强化学习的自主机器人路径规划智能体, 
854,100310,具有柔性加工时间的机器人制造单元调度问题改进遗传算法, 
855,100311,基于共面4点的机器人位姿求解及其不确定性分析, 
856,100311,基于共面4点的机器人位姿求解及其不确定性分析, 
857,100311,基于共面4点的机器人位姿求解及其不确定性分析, 
858,100311,基于共面4点的机器人位姿求解及其不确定性分析, 
859,100312,6-PUS/UPU并联机器人冗余驱动力控制仿真, 
860,100312,6-PUS/UPU并联机器人冗余驱动力控制仿真, 
861,100312,6-PUS/UPU并联机器人冗余驱动力控制仿真, 
862,100313,柔性臂空间机器人的神经网络自适应控制及振动模态分级模糊控制, 
863,100313,柔性臂空间机器人的神经网络自适应控制及振动模态分级模糊控制, 
864,100313,柔性臂空间机器人的神经网络自适应控制及振动模态分级模糊控制, 
865,100314,机器人化螺旋铣孔运动的矢量建模与仿真, 
866,100314,机器人化螺旋铣孔运动的矢量建模与仿真, 
867,100314,机器人化螺旋铣孔运动的矢量建模与仿真, 
868,100315,作业车间类型多机器人制造单元调度算法, 
869,100315,作业车间类型多机器人制造单元调度算法, 
870,100315,作业车间类型多机器人制造单元调度算法, 
871,100316,基于3D模型并行处理的机器人半实物仿真平台, 
872,100316,基于3D模型并行处理的机器人半实物仿真平台, 
873,100316,基于3D模型并行处理的机器人半实物仿真平台, 
874,100317,四轮移动机器人直线运动下的力矩优化控制, 
875,100317,四轮移动机器人直线运动下的力矩优化控制, 
876,100317,四轮移动机器人直线运动下的力矩优化控制, 
877,100318,基于弹性动力学模型与遗传算法的Delta机器人模糊PID控制, 
878,100318,基于弹性动力学模型与遗传算法的Delta机器人模糊PID控制, 
878,100584,基于执行时间约束的机器人关节空间轨迹优化, 
879,100319,复杂机器人工位布局与运动时间的协同优化, 
880,100319,复杂机器人工位布局与运动时间的协同优化, 
881,100319,复杂机器人工位布局与运动时间的协同优化, 
882,100319,复杂机器人工位布局与运动时间的协同优化, 
883,100320,阀体密封面变位焊接机器人系统运动学建模, 
884,100320,阀体密封面变位焊接机器人系统运动学建模, 
885,100320,阀体密封面变位焊接机器人系统运动学建模, 
886,100321,基于双高斯过程的协作机器人自适应策略, 
886,100574,使用QT构建的码垛机器人离线编程仿真系统, 
887,100321,基于双高斯过程的协作机器人自适应策略, 
888,100321,基于双高斯过程的协作机器人自适应策略, 
889,100321,基于双高斯过程的协作机器人自适应策略, 
890,100322,基于空间金字塔和特征集成的智能机器人目标检测算法, 
891,100322,基于空间金字塔和特征集成的智能机器人目标检测算法, 
892,100322,基于空间金字塔和特征集成的智能机器人目标检测算法, 
893,100322,基于空间金字塔和特征集成的智能机器人目标检测算法, 
894,100323,智能仓库中的多机器人协同路径规划方法, 
895,100323,智能仓库中的多机器人协同路径规划方法, 
896,100323,智能仓库中的多机器人协同路径规划方法, 
897,100323,智能仓库中的多机器人协同路径规划方法, 
898,100324,面向增材制造的机器人轨迹自动生成技术, 
899,100324,面向增材制造的机器人轨迹自动生成技术, 
900,100324,面向增材制造的机器人轨迹自动生成技术, 
901,100324,面向增材制造的机器人轨迹自动生成技术, 
902,100324,面向增材制造的机器人轨迹自动生成技术, 
903,100325,空间机器人的虚拟环境建模及其仿真, 
904,100011,基于人工神经网络的足球机器人分层学习研究, 
904,100325,空间机器人的虚拟环境建模及其仿真, 
904,100326,基于VR的空间机器人遥控操作仿真的研究, 
904,100331,强化学习在机器人足球比赛中的应用, 
905,100325,空间机器人的虚拟环境建模及其仿真, 
906,100326,基于VR的空间机器人遥控操作仿真的研究, 
907,100327,基于网络通讯的机器人足球比赛仿真系统, 
907,100461,基于动作选择级的多机器人协作(英文), 
908,100327,基于网络通讯的机器人足球比赛仿真系统, 
908,100372,基于虚拟现实的无时延感空间机器人遥控操作研究, 
908,100461,基于动作选择级的多机器人协作(英文), 
909,100327,基于网络通讯的机器人足球比赛仿真系统, 
910,100327,基于网络通讯的机器人足球比赛仿真系统, 
911,100328,串行通信在工业机器人控制中的应用, 
912,100328,串行通信在工业机器人控制中的应用, 
913,100329,曲线孔电火花加工机器人实时动画仿真, 
914,100329,曲线孔电火花加工机器人实时动画仿真, 
915,100329,曲线孔电火花加工机器人实时动画仿真, 
916,100330,智能机器人的自适应自主Agents的建模, 
917,100330,智能机器人的自适应自主Agents的建模, 
918,100331,强化学习在机器人足球比赛中的应用, 
919,100332,基于Internet的工业机器人的远程控制, 
920,100332,基于Internet的工业机器人的远程控制, 
921,100332,基于Internet的工业机器人的远程控制, 
922,100332,基于Internet的工业机器人的远程控制, 
923,100333,一种通用的视觉机器人体系结构, 
924,100333,一种通用的视觉机器人体系结构, 
925,100333,一种通用的视觉机器人体系结构, 
926,100334,自由飞行空间机器人地面实验平台网络系统, 
927,100334,自由飞行空间机器人地面实验平台网络系统, 
928,100334,自由飞行空间机器人地面实验平台网络系统, 
929,100334,自由飞行空间机器人地面实验平台网络系统, 
930,100335,基于网络远程机器人学的人-机接口界面分析研究, 
931,100335,基于网络远程机器人学的人-机接口界面分析研究, 
932,100335,基于网络远程机器人学的人-机接口界面分析研究, 
933,100335,基于网络远程机器人学的人-机接口界面分析研究, 
934,100336,网络机器人远程控制系统的设计与实现, 
935,100336,网络机器人远程控制系统的设计与实现, 
936,100337,基于BDI Agent技术的情感机器人语音识别技术研究, 
937,100337,基于BDI Agent技术的情感机器人语音识别技术研究, 
938,100337,基于BDI Agent技术的情感机器人语音识别技术研究, 
939,100338,FIRA’2001全自主式机器人竞赛系统, 
940,100338,FIRA’2001全自主式机器人竞赛系统, 
941,100339,机器人仿真通用试验平台的设计与实现, 
942,100339,机器人仿真通用试验平台的设计与实现, 
942,100341,机器人足球仿真比赛中碰撞后行为的研究, 
942,100348,自由飞行空间机器人仿真试验平台的设计与实现, 
943,100339,机器人仿真通用试验平台的设计与实现, 
944,100339,机器人仿真通用试验平台的设计与实现, 
945,100339,机器人仿真通用试验平台的设计与实现, 
946,100340,基于信息融合的娱乐机器人目标识别, 
947,100340,基于信息融合的娱乐机器人目标识别, 
948,100031,基于IPC-PLC的排爆机器人控制系统设计, 
948,100340,基于信息融合的娱乐机器人目标识别, 
949,100340,基于信息融合的娱乐机器人目标识别, 
950,100341,机器人足球仿真比赛中碰撞后行为的研究, 
951,100341,机器人足球仿真比赛中碰撞后行为的研究, 
952,100342,一种基于多智能体系统的机器人群组织形式, 
953,100342,一种基于多智能体系统的机器人群组织形式, 
954,100342,一种基于多智能体系统的机器人群组织形式, 
955,100342,一种基于多智能体系统的机器人群组织形式, 
955,100347,IGM弧焊机器人工作站三维造型与仿真, 
956,100343,基于混沌控制的移动机器人的路径规划, 
957,100343,基于混沌控制的移动机器人的路径规划, 
958,100343,基于混沌控制的移动机器人的路径规划, 
959,100343,基于混沌控制的移动机器人的路径规划, 
960,100344,对抗性多机器人系统对手建模的研究, 
961,100344,对抗性多机器人系统对手建模的研究, 
962,100344,对抗性多机器人系统对手建模的研究, 
963,100345,人工智能技术在机器人运动规划中的应用, 
964,100345,人工智能技术在机器人运动规划中的应用, 
965,100345,人工智能技术在机器人运动规划中的应用, 
966,100346,OpenGL在机器人三维动态仿真系统中的应用, 
967,100346,OpenGL在机器人三维动态仿真系统中的应用, 
968,100347,IGM弧焊机器人工作站三维造型与仿真, 
969,100347,IGM弧焊机器人工作站三维造型与仿真, 
970,100330,智能机器人的自适应自主Agents的建模, 
970,100342,一种基于多智能体系统的机器人群组织形式, 
970,100347,IGM弧焊机器人工作站三维造型与仿真, 
971,100348,自由飞行空间机器人仿真试验平台的设计与实现, 
972,100339,机器人仿真通用试验平台的设计与实现, 
972,100341,机器人足球仿真比赛中碰撞后行为的研究, 
972,100348,自由飞行空间机器人仿真试验平台的设计与实现, 
973,100349,XML在机器人远程控制中的应用, 
974,100349,XML在机器人远程控制中的应用, 
975,100349,XML在机器人远程控制中的应用, 
976,100350,移动机器人运动路径的搜索策略, 
976,100402,移动机器人自适应行为选择的混沌特性分析, 
977,100350,移动机器人运动路径的搜索策略, 
978,100351,基于几何法的移动机器人路径规划, 
979,100351,基于几何法的移动机器人路径规划, 
980,100351,基于几何法的移动机器人路径规划, 
981,100352,基于神经网络和遗传算法的移动机器人路径规划, 
982,100352,基于神经网络和遗传算法的移动机器人路径规划, 
983,100352,基于神经网络和遗传算法的移动机器人路径规划, 
984,100352,基于神经网络和遗传算法的移动机器人路径规划, 
985,100353,一种基于粒子群算法的移动机器人路径规划方法, 
986,100353,一种基于粒子群算法的移动机器人路径规划方法, 
987,100353,一种基于粒子群算法的移动机器人路径规划方法, 
988,100353,一种基于粒子群算法的移动机器人路径规划方法, 
989,100077,一种室内环境下移动机器人的路径规划新算法, 
989,100357,一种引入通信的多移动机器人编队方法, 
989,100359,基于非线性函数的移动机器人模糊避障算法, 
989,100365,任务导向的仿人机器人体系结构设计, 
990,100077,一种室内环境下移动机器人的路径规划新算法, 
992,100354,机器人运动学标定综述, 
993,100354,机器人运动学标定综述, 
994,100355,基于Java 3D的空间机器人运动仿真系统, 
995,100355,基于Java 3D的空间机器人运动仿真系统, 
996,100355,基于Java 3D的空间机器人运动仿真系统, 
997,100356,基于栅格地图的机器人覆盖路径规划研究, 
997,100474,未知环境下基于传感器的移动机器人路径规划, 
998,100356,基于栅格地图的机器人覆盖路径规划研究, 
998,100451,一种动态未知环境中自主机器人的导航方法, 
998,100452,基于主动环形闭合约束的移动机器人分层同时定位和地图创建, 
998,100482,一种多移动机器人主动协同定位方法的研究, 
999,100357,一种引入通信的多移动机器人编队方法, 
1000,100358,基于粒子滤波的移动机器人定位关键技术研究综述, 
1001,100045,移动机器人的运动目标实时检测与跟踪, 
1001,100046,移动机器人的一种室内自然路标定位法, 
1001,100052,结合示例学习的移动机器人免疫进化规划研究, 
1001,100358,基于粒子滤波的移动机器人定位关键技术研究综述, 
1001,100375,基于遗传算法的多机器人协作建图方法, 
1001,100376,基于当代学习离散粒子群算法的多机器人任务分配, 
1001,100377,网络可重构的多机器人仿真系统, 
1001,100380,基于声纳的移动机器人环境建图的设计与实现, 
1001,100382,基于簇的多移动机器人通信系统, 
1002,100358,基于粒子滤波的移动机器人定位关键技术研究综述, 
1003,100359,基于非线性函数的移动机器人模糊避障算法, 
1004,100360,基于粒子群算法的移动机器人全局最优路径规划, 
1005,100361,机器人计算力矩不确定性的神经网络补偿控制, 
1006,100362,基于OpenGL的教育机器人软件系统设计与实现, 
1006,100364,基于中间件的工业机器人软件框架的研究和应用, 
1007,100362,基于OpenGL的教育机器人软件系统设计与实现, 
1008,100362,基于OpenGL的教育机器人软件系统设计与实现, 
1008,100364,基于中间件的工业机器人软件框架的研究和应用, 
1009,100362,基于OpenGL的教育机器人软件系统设计与实现, 
1009,100364,基于中间件的工业机器人软件框架的研究和应用, 
1010,100363,多移动机器人路径规划仿真平台研究, 
1011,100364,基于中间件的工业机器人软件框架的研究和应用, 
1012,100366,基于无线传感器网络的未知环境下移动机器人实时路径规划, 
1013,100366,基于无线传感器网络的未知环境下移动机器人实时路径规划, 
1014,100366,基于无线传感器网络的未知环境下移动机器人实时路径规划, 
1015,100367,基于核方法的移动机器人远程控制时延预测与分析, 
1016,100367,基于核方法的移动机器人远程控制时延预测与分析, 
1017,100367,基于核方法的移动机器人远程控制时延预测与分析, 
1018,100368,多机器人路径规划研究方法, 
1019,100368,多机器人路径规划研究方法, 
1020,100368,多机器人路径规划研究方法, 
1021,100368,多机器人路径规划研究方法, 
1021,100371,基于固定滞后Gibbs采样粒子滤波的移动机器人SLAM, 
1022,100368,多机器人路径规划研究方法, 
1022,100371,基于固定滞后Gibbs采样粒子滤波的移动机器人SLAM, 
1023,100368,多机器人路径规划研究方法, 
1024,100369,改进人工免疫算法在水下机器人运动控制中的应用研究, 
1025,100369,改进人工免疫算法在水下机器人运动控制中的应用研究, 
1026,100370,一种基于遗传算法的欠驱动机器人避障运动规划新方法, 
1027,100370,一种基于遗传算法的欠驱动机器人避障运动规划新方法, 
1028,100370,一种基于遗传算法的欠驱动机器人避障运动规划新方法, 
1029,100371,基于固定滞后Gibbs采样粒子滤波的移动机器人SLAM, 
1029,100386,不完整地图中移动机器人蒙特卡罗定位研究, 
1029,100421,云机器人的研究进展, 
1030,100371,基于固定滞后Gibbs采样粒子滤波的移动机器人SLAM, 
1030,100386,不完整地图中移动机器人蒙特卡罗定位研究, 
1030,100421,云机器人的研究进展, 
1031,100371,基于固定滞后Gibbs采样粒子滤波的移动机器人SLAM, 
1032,100371,基于固定滞后Gibbs采样粒子滤波的移动机器人SLAM, 
1033,100372,基于虚拟现实的无时延感空间机器人遥控操作研究, 
1034,100372,基于虚拟现实的无时延感空间机器人遥控操作研究, 
1035,100373,两轮自平衡机器人动力学建模及其平衡控制, 
1036,100373,两轮自平衡机器人动力学建模及其平衡控制, 
1037,100374,基于效用函数的多机器人系统任务分配, 
1038,100375,基于遗传算法的多机器人协作建图方法, 
1039,100375,基于遗传算法的多机器人协作建图方法, 
1040,100376,基于当代学习离散粒子群算法的多机器人任务分配, 
1041,100377,网络可重构的多机器人仿真系统, 
1041,100382,基于簇的多移动机器人通信系统, 
1042,100377,网络可重构的多机器人仿真系统, 
1043,100378,双轮驱动移动机器人的学习控制器设计方法, 
1044,100378,双轮驱动移动机器人的学习控制器设计方法, 
1045,100378,双轮驱动移动机器人的学习控制器设计方法, 
1046,100378,双轮驱动移动机器人的学习控制器设计方法, 
1047,100378,双轮驱动移动机器人的学习控制器设计方法, 
1048,100379,基于声纳传感器的移动机器人地图创建方法研究, 
1049,100379,基于声纳传感器的移动机器人地图创建方法研究, 
1050,100379,基于声纳传感器的移动机器人地图创建方法研究, 
1051,100380,基于声纳的移动机器人环境建图的设计与实现, 
1052,100380,基于声纳的移动机器人环境建图的设计与实现, 
1053,100381,基于模糊自适应卡尔曼滤波的移动机器人定位方法, 
1054,100381,基于模糊自适应卡尔曼滤波的移动机器人定位方法, 
1055,100381,基于模糊自适应卡尔曼滤波的移动机器人定位方法, 
1056,100382,基于簇的多移动机器人通信系统, 
1057,100383,基于证据理论的虚拟力机器人网络控制, 
1058,100383,基于证据理论的虚拟力机器人网络控制, 
1059,100384,移动机器人视觉图像特征提取与匹配算法, 
1060,100384,移动机器人视觉图像特征提取与匹配算法, 
1061,100384,移动机器人视觉图像特征提取与匹配算法, 
1062,100385,移动机器人空间声源目标定位, 
1063,100385,移动机器人空间声源目标定位, 
1063,100469,基于增量式双向主成分分析的机器人感知学习方法研究, 
1064,100385,移动机器人空间声源目标定位, 
1065,100386,不完整地图中移动机器人蒙特卡罗定位研究, 
1066,100387,一种基于WiFi无线网络具有认字功能的家庭教育机器人, 
1067,100387,一种基于WiFi无线网络具有认字功能的家庭教育机器人, 
1068,100388,一种服务机器人家庭全息地图构建方法研究, 
1069,100389,机器人同时定位与地图构建技术研究, 
1070,100389,机器人同时定位与地图构建技术研究, 
1071,100389,机器人同时定位与地图构建技术研究, 
1072,100390,基于机器人效用函数的多机器人系统任务分配, 
1073,100391,基于正反馈自适应遗传算法的机器人路径滚动规划, 
1074,100391,基于正反馈自适应遗传算法的机器人路径滚动规划, 
1075,100392,基于时变适应度函数的改进粒子群算法及其在移动机器人路径规划中的应用, 
1076,100392,基于时变适应度函数的改进粒子群算法及其在移动机器人路径规划中的应用, 
1077,100392,基于时变适应度函数的改进粒子群算法及其在移动机器人路径规划中的应用, 
1078,100393,基于约束满足的多目标双足机器人动态步态参数优化, 
1079,100393,基于约束满足的多目标双足机器人动态步态参数优化, 
1080,100393,基于约束满足的多目标双足机器人动态步态参数优化, 
1081,100393,基于约束满足的多目标双足机器人动态步态参数优化, 
1082,100393,基于约束满足的多目标双足机器人动态步态参数优化, 
1083,100394,基于多关节机器人的能量最小消耗控制策略, 
1084,100394,基于多关节机器人的能量最小消耗控制策略, 
1085,100394,基于多关节机器人的能量最小消耗控制策略, 
1086,100395,一种混合路径规划方法在轮式机器人中的应用, 
1086,100413,仿人机器人相似性运动研究进展, 
1087,100395,一种混合路径规划方法在轮式机器人中的应用, 
1087,100413,仿人机器人相似性运动研究进展, 
1088,100395,一种混合路径规划方法在轮式机器人中的应用, 
1088,100413,仿人机器人相似性运动研究进展, 
1089,100395,一种混合路径规划方法在轮式机器人中的应用, 
1090,100395,一种混合路径规划方法在轮式机器人中的应用, 
1091,100396,基于MIEKF的移动机器人同时定位与地图构建研究, 
1092,100396,基于MIEKF的移动机器人同时定位与地图构建研究, 
1093,100396,基于MIEKF的移动机器人同时定位与地图构建研究, 
1094,100397,FCRP网:机器人规划的赋时有色网实现, 
1094,100554,BSCRP网:机器人规划的赋时有色网实现方法, 
1095,100397,FCRP网:机器人规划的赋时有色网实现, 
1095,100554,BSCRP网:机器人规划的赋时有色网实现方法, 
1096,100397,FCRP网:机器人规划的赋时有色网实现, 
1096,100554,BSCRP网:机器人规划的赋时有色网实现方法, 
1097,100397,FCRP网:机器人规划的赋时有色网实现, 
1098,100398,遥操作机器人的新型力反馈算法, 
1099,100398,遥操作机器人的新型力反馈算法, 
1100,100398,遥操作机器人的新型力反馈算法, 
1101,100398,遥操作机器人的新型力反馈算法, 
1102,100399,自主移动机器人定位系统中Kalman滤波算法改进, 
1103,100399,自主移动机器人定位系统中Kalman滤波算法改进, 
1104,100399,自主移动机器人定位系统中Kalman滤波算法改进, 
1105,100400,一种全方位移动型下肢康复机器人鲁棒跟踪控制研究, 
1106,100400,一种全方位移动型下肢康复机器人鲁棒跟踪控制研究, 
1107,100400,一种全方位移动型下肢康复机器人鲁棒跟踪控制研究, 
1108,100400,一种全方位移动型下肢康复机器人鲁棒跟踪控制研究, 
1109,100401,基于视觉的移动机器人可通行区域识别研究综述, 
1110,100401,基于视觉的移动机器人可通行区域识别研究综述, 
1111,100401,基于视觉的移动机器人可通行区域识别研究综述, 
1112,100401,基于视觉的移动机器人可通行区域识别研究综述, 
1113,100350,移动机器人运动路径的搜索策略, 
1113,100402,移动机器人自适应行为选择的混沌特性分析, 
1114,100350,移动机器人运动路径的搜索策略, 
1114,100402,移动机器人自适应行为选择的混沌特性分析, 
1115,100402,移动机器人自适应行为选择的混沌特性分析, 
1116,100402,移动机器人自适应行为选择的混沌特性分析, 
1117,100403,面向光流分析的机器人红外视觉图像对预处理, 
1118,100403,面向光流分析的机器人红外视觉图像对预处理, 
1119,100403,面向光流分析的机器人红外视觉图像对预处理, 
1120,100404,基于混合势场法的移动机器人路径规划, 
1121,100404,基于混合势场法的移动机器人路径规划, 
1122,100404,基于混合势场法的移动机器人路径规划, 
1122,100491,基于生物触角的仿生条件反射机器人导航算法, 
1123,100404,基于混合势场法的移动机器人路径规划, 
1124,100405,基于分布估计算法的喷涂机器人路径组合优化, 
1125,100405,基于分布估计算法的喷涂机器人路径组合优化, 
1126,100405,基于分布估计算法的喷涂机器人路径组合优化, 
1127,100405,基于分布估计算法的喷涂机器人路径组合优化, 
1128,100248,一种新型的移动机器人轨迹跟踪控制方法, 
1128,100406,一种改进的移动机器人轨迹跟踪迭代学习方法, 
1128,100492,移动机器人轨迹跟踪的模糊PID-P型迭代学习控制, 
1129,100406,一种改进的移动机器人轨迹跟踪迭代学习方法, 
1130,100407,基于劳动分工的群机器人地图创建探索策略研究, 
1131,100407,基于劳动分工的群机器人地图创建探索策略研究, 
1132,100407,基于劳动分工的群机器人地图创建探索策略研究, 
1133,100408,基于RPkNN-Sarsa(λ)强化学习的机器人路径规划方法, 
1134,100408,基于RPkNN-Sarsa(λ)强化学习的机器人路径规划方法, 
1135,100408,基于RPkNN-Sarsa(λ)强化学习的机器人路径规划方法, 
1135,100527,基于区域生长的机器人路标识别方法研究, 
1136,100408,基于RPkNN-Sarsa(λ)强化学习的机器人路径规划方法, 
1137,100409,基于环境分层方法的双足机器人路径规划研究, 
1138,100409,基于环境分层方法的双足机器人路径规划研究, 
1138,100424,改进的混合蛙跳移动机器人路径规划算法, 
1139,100409,基于环境分层方法的双足机器人路径规划研究, 
1140,100576,多机器人系统任务分配效用评价算法, 
1141,100410,一种基于假设检验的机器人所处区域类型识别方法, 
1142,100410,一种基于假设检验的机器人所处区域类型识别方法, 
1143,100410,一种基于假设检验的机器人所处区域类型识别方法, 
1144,100410,一种基于假设检验的机器人所处区域类型识别方法, 
1145,100411,基于MATLAB的模块化机器人手臂运动学算法验证及运动仿真, 
1146,100411,基于MATLAB的模块化机器人手臂运动学算法验证及运动仿真, 
1147,100411,基于MATLAB的模块化机器人手臂运动学算法验证及运动仿真, 
1148,100411,基于MATLAB的模块化机器人手臂运动学算法验证及运动仿真, 
1149,100412,基于RBF-Q学习的四足机器人运动协调控制, 
1150,100412,基于RBF-Q学习的四足机器人运动协调控制, 
1151,100412,基于RBF-Q学习的四足机器人运动协调控制, 
1152,100413,仿人机器人相似性运动研究进展, 
1153,100414,基于EKF的全景视觉机器人SLAM算法, 
1154,100414,基于EKF的全景视觉机器人SLAM算法, 
1155,100414,基于EKF的全景视觉机器人SLAM算法, 
1156,100415,三维虚拟机器人运动仿真系统设计, 
1157,100415,三维虚拟机器人运动仿真系统设计, 
1158,100415,三维虚拟机器人运动仿真系统设计, 
1159,100416,基于agent的蚁群觅食行为建模及在机器人路径规划问题中的应用, 
1160,100416,基于agent的蚁群觅食行为建模及在机器人路径规划问题中的应用, 
1161,100417,基于机器人三维模拟仿真的焊接生产线柔性主拼技术研究, 
1162,100417,基于机器人三维模拟仿真的焊接生产线柔性主拼技术研究, 
1163,100418,基于双目视觉动态跟踪的机器人标定, 
1164,100418,基于双目视觉动态跟踪的机器人标定, 
1165,100418,基于双目视觉动态跟踪的机器人标定, 
1166,100418,基于双目视觉动态跟踪的机器人标定, 
1167,100418,基于双目视觉动态跟踪的机器人标定, 
1168,100419,交互式多模型算法的MT-R机器人视觉跟踪, 
1168,100479,有色过程噪声下的轮式机器人同步定位与地图构建, 
1169,100419,交互式多模型算法的MT-R机器人视觉跟踪, 
1170,100420,基于主动视觉的空间机器人遥操作系统, 
1171,100420,基于主动视觉的空间机器人遥操作系统, 
1172,100420,基于主动视觉的空间机器人遥操作系统, 
1173,100421,云机器人的研究进展, 
1174,100422,智能机器人水果采摘识别系统设计, 
1175,100422,智能机器人水果采摘识别系统设计, 
1176,100422,智能机器人水果采摘识别系统设计, 
1177,100422,智能机器人水果采摘识别系统设计, 
1178,100423,仿人机器人手臂抓取运动规划广义逆RRT算法, 
1179,100423,仿人机器人手臂抓取运动规划广义逆RRT算法, 
1180,100423,仿人机器人手臂抓取运动规划广义逆RRT算法, 
1181,100424,改进的混合蛙跳移动机器人路径规划算法, 
1182,100424,改进的混合蛙跳移动机器人路径规划算法, 
1183,100425,基于通用即插即用的服务监控机器人在智能家居中的应用, 
1184,100425,基于通用即插即用的服务监控机器人在智能家居中的应用, 
1185,100425,基于通用即插即用的服务监控机器人在智能家居中的应用, 
1186,100426,战场地面多任务移动机器人网络系统研究, 
1187,100426,战场地面多任务移动机器人网络系统研究, 
1188,100426,战场地面多任务移动机器人网络系统研究, 
1189,100426,战场地面多任务移动机器人网络系统研究, 
1190,100426,战场地面多任务移动机器人网络系统研究, 
1191,100427,鲁棒的机器人粒子滤波即时定位与地图构建的实现, 
1192,100427,鲁棒的机器人粒子滤波即时定位与地图构建的实现, 
1193,100427,鲁棒的机器人粒子滤波即时定位与地图构建的实现, 
1194,100427,鲁棒的机器人粒子滤波即时定位与地图构建的实现, 
1195,100428,基于改进的主动逻辑与元认知环的机器人常识推理的研究, 
1196,100428,基于改进的主动逻辑与元认知环的机器人常识推理的研究, 
1197,100429,一种新的基于RFID的室内移动机器人自定位方法研究, 
1198,100429,一种新的基于RFID的室内移动机器人自定位方法研究, 
1199,100429,一种新的基于RFID的室内移动机器人自定位方法研究, 
1200,100429,一种新的基于RFID的室内移动机器人自定位方法研究, 
1201,100430,WSNs下移动机器人HuberM-CKF离散滤波定位, 
1202,100430,WSNs下移动机器人HuberM-CKF离散滤波定位, 
1203,100430,WSNs下移动机器人HuberM-CKF离散滤波定位, 
1204,100431,自主式追踪机器人终端行为的Petri网建模, 
1205,100431,自主式追踪机器人终端行为的Petri网建模, 
1206,100431,自主式追踪机器人终端行为的Petri网建模, 
1207,100432,自适应神经模糊推理结合PID控制的并联机器人控制方法, 
1208,100432,自适应神经模糊推理结合PID控制的并联机器人控制方法, 
1209,100432,自适应神经模糊推理结合PID控制的并联机器人控制方法, 
1210,100433,自适应缓冲控制的移动机器人分布式多跳路由算法, 
1211,100433,自适应缓冲控制的移动机器人分布式多跳路由算法, 
1211,100434,传感器网络中利用反演集合估计的机器人定位方法, 
1212,100433,自适应缓冲控制的移动机器人分布式多跳路由算法, 
1213,100434,传感器网络中利用反演集合估计的机器人定位方法, 
1214,100434,传感器网络中利用反演集合估计的机器人定位方法, 
1215,100435,双臂空间机器人的避自碰轨迹规划研究, 
1216,100435,双臂空间机器人的避自碰轨迹规划研究, 
1217,100435,双臂空间机器人的避自碰轨迹规划研究, 
1218,100435,双臂空间机器人的避自碰轨迹规划研究, 
1219,100436,基于ROS与Kinect的移动机器人同时定位与地图构建, 
1220,100436,基于ROS与Kinect的移动机器人同时定位与地图构建, 
1221,100436,基于ROS与Kinect的移动机器人同时定位与地图构建, 
1222,100437,基于脉冲推力的半被动双足机器人无模型神经网络控制, 
1223,100437,基于脉冲推力的半被动双足机器人无模型神经网络控制, 
1224,100438,基于导管机器人的变论域模糊PID控制研究, 
1225,100438,基于导管机器人的变论域模糊PID控制研究, 
1226,100438,基于导管机器人的变论域模糊PID控制研究, 
1227,100439,一种适用于多机器人搜索动态目标的改进粒子群算法, 
1228,100439,一种适用于多机器人搜索动态目标的改进粒子群算法, 
1229,100439,一种适用于多机器人搜索动态目标的改进粒子群算法, 
1230,100440,基于Qt和Ogre3D的机器人学坐标变换虚拟实验室, 
1231,100440,基于Qt和Ogre3D的机器人学坐标变换虚拟实验室, 
1232,100440,基于Qt和Ogre3D的机器人学坐标变换虚拟实验室, 
1233,100440,基于Qt和Ogre3D的机器人学坐标变换虚拟实验室, 
1234,100441,便携式自主水下机器人动力学建模方法研究, 
1235,100441,便携式自主水下机器人动力学建模方法研究, 
1236,100441,便携式自主水下机器人动力学建模方法研究, 
1237,100441,便携式自主水下机器人动力学建模方法研究, 
1238,100441,便携式自主水下机器人动力学建模方法研究, 
1239,100442,移动机器人导航中的楼道场景语义分割, 
1240,100442,移动机器人导航中的楼道场景语义分割, 
1241,100443,智能机器人的分布式虚拟环境研究, 
1242,100443,智能机器人的分布式虚拟环境研究, 
1243,100444,基于神经网络的进化机器人组合行为方法研究, 
1244,100444,基于神经网络的进化机器人组合行为方法研究, 
1245,100444,基于神经网络的进化机器人组合行为方法研究, 
1246,100445,快速收敛的机器人部队任意队形分布式控制算法, 
1247,100445,快速收敛的机器人部队任意队形分布式控制算法, 
1248,100446,用小波插值方法实现移动机器人的轨迹追踪控制, 
1248,100470,双臂六自由度空间机器人广义雅可比矩阵的推导, 
1249,100446,用小波插值方法实现移动机器人的轨迹追踪控制, 
1250,100447,机器人控制器核心设备的实时性研究, 
1251,100447,机器人控制器核心设备的实时性研究, 
1252,100448,多机器人动态编队的强化学习算法研究, 
1253,100448,多机器人动态编队的强化学习算法研究, 
1254,100448,多机器人动态编队的强化学习算法研究, 
1255,100449,可移动机器人在中心对称环境中的自定位算法, 
1256,100449,可移动机器人在中心对称环境中的自定位算法, 
1257,100449,可移动机器人在中心对称环境中的自定位算法, 
1258,100449,可移动机器人在中心对称环境中的自定位算法, 
1259,100450,双足机器人步态控制研究方法综述, 
1260,100450,双足机器人步态控制研究方法综述, 
1261,100451,一种动态未知环境中自主机器人的导航方法, 
1262,100451,一种动态未知环境中自主机器人的导航方法, 
1263,100452,基于主动环形闭合约束的移动机器人分层同时定位和地图创建, 
1263,100472,一种新的移动机器人全局定位算法, 
1263,100473,用基于知识的遗传算法实现移动机器人路径规划, 
1263,100474,未知环境下基于传感器的移动机器人路径规划, 
1264,100452,基于主动环形闭合约束的移动机器人分层同时定位和地图创建, 
1264,100472,一种新的移动机器人全局定位算法, 
1265,100452,基于主动环形闭合约束的移动机器人分层同时定位和地图创建, 
1265,100482,一种多移动机器人主动协同定位方法的研究, 
1266,100453,改进的Hestenes SVD方法及其并行计算和在并联机器人中的应用, 
1266,100512,并联机器人曲面汉字雕刻刀路规划算法研究, 
1267,100453,改进的Hestenes SVD方法及其并行计算和在并联机器人中的应用, 
1268,100454,基于混合DSm模型的多机器人地图构建, 
1269,100454,基于混合DSm模型的多机器人地图构建, 
1270,100455,基于学习分类器的多机器人路径规划收敛性研究, 
1271,100455,基于学习分类器的多机器人路径规划收敛性研究, 
1272,100455,基于学习分类器的多机器人路径规划收敛性研究, 
1273,100455,基于学习分类器的多机器人路径规划收敛性研究, 
1274,100456,一种仿人机器人跑步状态分析模型, 
1275,100395,一种混合路径规划方法在轮式机器人中的应用, 
1275,100456,一种仿人机器人跑步状态分析模型, 
1275,100489,基于参数优化的类机器人运动规划研究, 
1276,100457,一种改进的多机器人协作实时FastSLAM算法, 
1277,100094,基于局部传感和通讯的多机器人运动规划框架, 
1277,100457,一种改进的多机器人协作实时FastSLAM算法, 
1278,100457,一种改进的多机器人协作实时FastSLAM算法, 
1279,100458,基于ZMP的仿人机器人跑步运动模式, 
1280,100458,基于ZMP的仿人机器人跑步运动模式, 
1281,100458,基于ZMP的仿人机器人跑步运动模式, 
1282,100459,基于社会群体搜索算法的机器人路径规划, 
1283,100459,基于社会群体搜索算法的机器人路径规划, 
1284,100459,基于社会群体搜索算法的机器人路径规划, 
1285,100459,基于社会群体搜索算法的机器人路径规划, 
1286,100460,基于自组织结构的自主智能机器人集成系统, 
1287,100460,基于自组织结构的自主智能机器人集成系统, 
1288,100460,基于自组织结构的自主智能机器人集成系统, 
1289,100460,基于自组织结构的自主智能机器人集成系统, 
1290,100461,基于动作选择级的多机器人协作(英文), 
1292,100462,多机器人路径规划的安全性验证, 
1293,100462,多机器人路径规划的安全性验证, 
1294,100462,多机器人路径规划的安全性验证, 
1295,100463,基于视觉与行为模型的机器人目标跟踪, 
1296,100463,基于视觉与行为模型的机器人目标跟踪, 
1297,100463,基于视觉与行为模型的机器人目标跟踪, 
1298,100464,基于移动通信网络的机器人遥操作, 
1299,100464,基于移动通信网络的机器人遥操作, 
1300,100464,基于移动通信网络的机器人遥操作, 
1301,100464,基于移动通信网络的机器人遥操作, 
1302,100464,基于移动通信网络的机器人遥操作, 
1303,100465,猎人机器人通信跟瞄理论和系统研究, 
1304,100465,猎人机器人通信跟瞄理论和系统研究, 
1305,100465,猎人机器人通信跟瞄理论和系统研究, 
1306,100465,猎人机器人通信跟瞄理论和系统研究, 
1307,100466,基于免疫进化非选择机制的移动机器人路径规划算法研究, 
1308,100466,基于免疫进化非选择机制的移动机器人路径规划算法研究, 
1309,100466,基于免疫进化非选择机制的移动机器人路径规划算法研究, 
1310,100467,基于概率迭代匹配的水下机器人定位算法, 
1311,100467,基于概率迭代匹配的水下机器人定位算法, 
1312,100467,基于概率迭代匹配的水下机器人定位算法, 
1313,100467,基于概率迭代匹配的水下机器人定位算法, 
1314,100467,基于概率迭代匹配的水下机器人定位算法, 
1315,100468,基于自适应卡尔曼滤波的侧滑移动机器人运动模型估计, 
1316,100468,基于自适应卡尔曼滤波的侧滑移动机器人运动模型估计, 
1317,100468,基于自适应卡尔曼滤波的侧滑移动机器人运动模型估计, 
1318,100468,基于自适应卡尔曼滤波的侧滑移动机器人运动模型估计, 
1319,100469,基于增量式双向主成分分析的机器人感知学习方法研究, 
1320,100469,基于增量式双向主成分分析的机器人感知学习方法研究, 
1321,100470,双臂六自由度空间机器人广义雅可比矩阵的推导, 
1322,100470,双臂六自由度空间机器人广义雅可比矩阵的推导, 
1323,100471,基于可重构体系的多机器人共享模块剩余能力估计, 
1324,100471,基于可重构体系的多机器人共享模块剩余能力估计, 
1325,100471,基于可重构体系的多机器人共享模块剩余能力估计, 
1326,100389,机器人同时定位与地图构建技术研究, 
1326,100395,一种混合路径规划方法在轮式机器人中的应用, 
1326,100413,仿人机器人相似性运动研究进展, 
1326,100472,一种新的移动机器人全局定位算法, 
1327,100473,用基于知识的遗传算法实现移动机器人路径规划, 
1328,100473,用基于知识的遗传算法实现移动机器人路径规划, 
1329,100472,一种新的移动机器人全局定位算法, 
1329,100474,未知环境下基于传感器的移动机器人路径规划, 
1330,100475,多机器人定位中基于熵的分布式观测量选择方法, 
1331,100475,多机器人定位中基于熵的分布式观测量选择方法, 
1332,100475,多机器人定位中基于熵的分布式观测量选择方法, 
1333,100475,多机器人定位中基于熵的分布式观测量选择方法, 
1334,100476,基于自适应感知复位算法的移动机器人定位, 
1335,100476,基于自适应感知复位算法的移动机器人定位, 
1336,100476,基于自适应感知复位算法的移动机器人定位, 
1337,100476,基于自适应感知复位算法的移动机器人定位, 
1338,100477,WSN多节点决策信息融合在机器人自主导航中的应用, 
1339,100477,WSN多节点决策信息融合在机器人自主导航中的应用, 
1340,100477,WSN多节点决策信息融合在机器人自主导航中的应用, 
1341,100113,基于联邦UKF算法的移动机器人自主组合导航, 
1342,100113,基于联邦UKF算法的移动机器人自主组合导航, 
1343,100113,基于联邦UKF算法的移动机器人自主组合导航, 
1344,100478,基于特征地图的移动机器人全局定位与自主泊位方法, 
1345,100097,仿人视觉过程的机器人视觉伺服系统研究, 
1345,100479,有色过程噪声下的轮式机器人同步定位与地图构建, 
1346,100480,多智能体强化学习在足球机器人中的研究与应用, 
1346,100486,基于改进蚁群算法的移动机器人动态路径规划方法, 
1347,100480,多智能体强化学习在足球机器人中的研究与应用, 
1348,100480,多智能体强化学习在足球机器人中的研究与应用, 
1348,100486,基于改进蚁群算法的移动机器人动态路径规划方法, 
1349,100480,多智能体强化学习在足球机器人中的研究与应用, 
1350,100481,未知环境下一种移动机器人实时最优路径规划方法研究, 
1350,100484,基于Backstepping和神经动力学的非完整移动机器人点镇定, 
1350,100488,车式移动机器人轨迹跟踪控制方法, 
1351,100481,未知环境下一种移动机器人实时最优路径规划方法研究, 
1352,100481,未知环境下一种移动机器人实时最优路径规划方法研究, 
1352,100484,基于Backstepping和神经动力学的非完整移动机器人点镇定, 
1353,100452,基于主动环形闭合约束的移动机器人分层同时定位和地图创建, 
1353,100482,一种多移动机器人主动协同定位方法的研究, 
1354,100483,未知环境下多机器人协作追捕算法, 
1355,100483,未知环境下多机器人协作追捕算法, 
1356,100483,未知环境下多机器人协作追捕算法, 
1357,100483,未知环境下多机器人协作追捕算法, 
1358,100484,基于Backstepping和神经动力学的非完整移动机器人点镇定, 
1358,100488,车式移动机器人轨迹跟踪控制方法, 
1359,100486,基于改进蚁群算法的移动机器人动态路径规划方法, 
1360,100486,基于改进蚁群算法的移动机器人动态路径规划方法, 
1361,100487,基于动态预测目标轨迹和围捕点的多机器人围捕算法, 
1362,100488,车式移动机器人轨迹跟踪控制方法, 
1363,100489,基于参数优化的类机器人运动规划研究, 
1364,100489,基于参数优化的类机器人运动规划研究, 
1365,100490,动态环境下基于多人工鱼群算法和避碰规则库的机器人路径规划, 
1366,100491,基于生物触角的仿生条件反射机器人导航算法, 
1366,100497,模块化可重构服务机器人群的任务规划, 
1367,100491,基于生物触角的仿生条件反射机器人导航算法, 
1368,100248,一种新型的移动机器人轨迹跟踪控制方法, 
1368,100406,一种改进的移动机器人轨迹跟踪迭代学习方法, 
1368,100492,移动机器人轨迹跟踪的模糊PID-P型迭代学习控制, 
1369,100493,基于多微粒群优化的机器人气味源定位, 
1369,100494,室内噪声环境下气味源的多机器人微粒群搜索方法, 
1370,100493,基于多微粒群优化的机器人气味源定位, 
1371,100493,基于多微粒群优化的机器人气味源定位, 
1371,100494,室内噪声环境下气味源的多机器人微粒群搜索方法, 
1372,100493,基于多微粒群优化的机器人气味源定位, 
1372,100494,室内噪声环境下气味源的多机器人微粒群搜索方法, 
1373,100494,室内噪声环境下气味源的多机器人微粒群搜索方法, 
1374,100495,基于简化虚拟受力模型的未知复杂环境下群机器人围捕, 
1375,100495,基于简化虚拟受力模型的未知复杂环境下群机器人围捕, 
1376,100495,基于简化虚拟受力模型的未知复杂环境下群机器人围捕, 
1377,100495,基于简化虚拟受力模型的未知复杂环境下群机器人围捕, 
1378,100495,基于简化虚拟受力模型的未知复杂环境下群机器人围捕, 
1379,100496,一种改进型机器人仿生认知神经网络, 
1380,100496,一种改进型机器人仿生认知神经网络, 
1381,100497,模块化可重构服务机器人群的任务规划, 
1382,100497,模块化可重构服务机器人群的任务规划, 
1383,100498,球型机器人状态方程直接积分解法, 
1383,100501,多信息融合精密装配机器人建模与控制方法研究, 
1384,100498,球型机器人状态方程直接积分解法, 
1384,100501,多信息融合精密装配机器人建模与控制方法研究, 
1385,100499,纵向打滑状态下的轮式移动机器人编队控制, 
1386,100499,纵向打滑状态下的轮式移动机器人编队控制, 
1387,100499,纵向打滑状态下的轮式移动机器人编队控制, 
1388,100499,纵向打滑状态下的轮式移动机器人编队控制, 
1389,100500,轮椅机器人异构主从臂关节空间中的运动映射研究, 
1390,100500,轮椅机器人异构主从臂关节空间中的运动映射研究, 
1391,100500,轮椅机器人异构主从臂关节空间中的运动映射研究, 
1392,100500,轮椅机器人异构主从臂关节空间中的运动映射研究, 
1393,100501,多信息融合精密装配机器人建模与控制方法研究, 
1394,100501,多信息融合精密装配机器人建模与控制方法研究, 
1395,100501,多信息融合精密装配机器人建模与控制方法研究, 
1396,100501,多信息融合精密装配机器人建模与控制方法研究, 
1397,100502,机器人遥控作业系统视景数据库的面向对象设计, 
1398,100502,机器人遥控作业系统视景数据库的面向对象设计, 
1399,100503,6-DOF并联机器人逆运动模型高效算法及其并行处理, 
1400,100504,基于决策树学习的智能机器人控制方法, 
1401,100504,基于决策树学习的智能机器人控制方法, 
1402,100504,基于决策树学习的智能机器人控制方法, 
1403,100505,超高层吊篮式幕墙清洗机器人控制系统的开发, 
1404,100505,超高层吊篮式幕墙清洗机器人控制系统的开发, 
1405,100505,超高层吊篮式幕墙清洗机器人控制系统的开发, 
1406,100505,超高层吊篮式幕墙清洗机器人控制系统的开发, 
1407,100506,机器人远程控制视频传输的实时性问题解决策略, 
1408,100506,机器人远程控制视频传输的实时性问题解决策略, 
1409,100506,机器人远程控制视频传输的实时性问题解决策略, 
1410,100507,面向对象的机器人仿真与监控系统, 
1411,100507,面向对象的机器人仿真与监控系统, 
1411,100550,机器人虚拟仿真及控制技术研究, 
1412,100508,基于FPGAs的智能机器人导航系统, 
1413,100508,基于FPGAs的智能机器人导航系统, 
1414,100508,基于FPGAs的智能机器人导航系统, 
1415,100508,基于FPGAs的智能机器人导航系统, 
1416,100509,实用的机器人足球角色分配算法设计, 
1417,100509,实用的机器人足球角色分配算法设计, 
1418,100510,轮式机器人立体视觉平台的设计与实现, 
1419,100510,轮式机器人立体视觉平台的设计与实现, 
1420,100510,轮式机器人立体视觉平台的设计与实现, 
1421,100510,轮式机器人立体视觉平台的设计与实现, 
1422,100511,基于CPLD的彩色视觉移动机器人路径跟踪系统, 
1423,100511,基于CPLD的彩色视觉移动机器人路径跟踪系统, 
1424,100511,基于CPLD的彩色视觉移动机器人路径跟踪系统, 
1425,100511,基于CPLD的彩色视觉移动机器人路径跟踪系统, 
1427,100512,并联机器人曲面汉字雕刻刀路规划算法研究, 
1428,100513,基于视觉反馈和预测仿真的Internet机器人遥操作, 
1429,100513,基于视觉反馈和预测仿真的Internet机器人遥操作, 
1430,100513,基于视觉反馈和预测仿真的Internet机器人遥操作, 
1431,100514,基于MVC的移动机器人网络控制系统, 
1432,100514,基于MVC的移动机器人网络控制系统, 
1433,100514,基于MVC的移动机器人网络控制系统, 
1435,100515,智能移动机器人的超声避障研究, 
1436,100515,智能移动机器人的超声避障研究, 
1437,100516,机器人控制软件的图形化编程系统设计, 
1438,100516,机器人控制软件的图形化编程系统设计, 
1439,100516,机器人控制软件的图形化编程系统设计, 
1440,100517,基于星球机器人分布计算系统的原子组播协议, 
1441,100517,基于星球机器人分布计算系统的原子组播协议, 
1442,100517,基于星球机器人分布计算系统的原子组播协议, 
1443,100518,机器人视觉三维重建网格门户的研究与开发, 
1444,100518,机器人视觉三维重建网格门户的研究与开发, 
1445,100519,足球机器人混合分层控制体系结构, 
1445,100520,未知环境下多机器人搜捕策略研究, 
1446,100066,多机器人系统的研究现状, 
1446,100089,基于虚拟力的群机器人队形控制, 
1446,100110,群机器人仿真系统设计与实现, 
1446,100135,复杂环境中群机器人网格分布与移动, 
1448,100519,足球机器人混合分层控制体系结构, 
1448,100520,未知环境下多机器人搜捕策略研究, 
1448,100529,基于时间最短的足球机器人进攻路径规划, 
1449,100520,未知环境下多机器人搜捕策略研究, 
1450,100522,改进人工势场法的移动机器人路径规划研究, 
1451,100522,改进人工势场法的移动机器人路径规划研究, 
1452,100522,改进人工势场法的移动机器人路径规划研究, 
1453,100522,改进人工势场法的移动机器人路径规划研究, 
1454,100523,使用补偿策略的机器人遥操作系统的控制研究, 
1455,100523,使用补偿策略的机器人遥操作系统的控制研究, 
1456,100524,基于产生式系统和轨迹优化的巡线机器人控制, 
1457,100121,基于知识库的输电线路巡检机器人的越障控制, 
1457,100524,基于产生式系统和轨迹优化的巡线机器人控制, 
1458,100121,基于知识库的输电线路巡检机器人的越障控制, 
1458,100524,基于产生式系统和轨迹优化的巡线机器人控制, 
1459,100525,基于流演算和FLUX的办公室机器人控制, 
1460,100525,基于流演算和FLUX的办公室机器人控制, 
1461,100526,基于改进粒子群算法的机器人路径规划方法, 
1462,100526,基于改进粒子群算法的机器人路径规划方法, 
1463,100527,基于区域生长的机器人路标识别方法研究, 
1464,100527,基于区域生长的机器人路标识别方法研究, 
1465,100528,基于对方信息的足球机器人攻防策略研究与设计, 
1466,100528,基于对方信息的足球机器人攻防策略研究与设计, 
1467,100528,基于对方信息的足球机器人攻防策略研究与设计, 
1468,100529,基于时间最短的足球机器人进攻路径规划, 
1470,100530,基于DSPs的足球机器人控制系统的设计, 
1471,100530,基于DSPs的足球机器人控制系统的设计, 
1472,100530,基于DSPs的足球机器人控制系统的设计, 
1473,100531,改进遗传算法用于移动机器人路径规划, 
1474,100531,改进遗传算法用于移动机器人路径规划, 
1475,100532,图像处理技术在超高压巡检机器人视觉系统中的应用研究, 
1476,100532,图像处理技术在超高压巡检机器人视觉系统中的应用研究, 
1477,100533,自主移动机器人踢球机构设计与射门策略研究, 
1478,100533,自主移动机器人踢球机构设计与射门策略研究, 
1479,100534,仿人机器人上下楼梯稳定行走控制策略, 
1480,100534,仿人机器人上下楼梯稳定行走控制策略, 
1481,100535,机器视觉技术在博弈智能机器人设计中的应用, 
1482,100535,机器视觉技术在博弈智能机器人设计中的应用, 
1483,100535,机器视觉技术在博弈智能机器人设计中的应用, 
1484,100535,机器视觉技术在博弈智能机器人设计中的应用, 
1485,100536,受限移动机器人构建地图的最优探测法, 
1486,100536,受限移动机器人构建地图的最优探测法, 
1487,100536,受限移动机器人构建地图的最优探测法, 
1488,100537,多智能体足球机器人策略研究, 
1489,100537,多智能体足球机器人策略研究, 
1490,100537,多智能体足球机器人策略研究, 
1491,100538,基于建模和仿真的提高机器人加工精度的方法, 
1492,100538,基于建模和仿真的提高机器人加工精度的方法, 
1493,100539,渗滤液导排管道检测机器人的研究, 
1494,100539,渗滤液导排管道检测机器人的研究, 
1495,100539,渗滤液导排管道检测机器人的研究, 
1496,100539,渗滤液导排管道检测机器人的研究, 
1497,100539,渗滤液导排管道检测机器人的研究, 
1498,100540,基于双目视觉移动机器人的路径规划和避障研究, 
1499,100541,未知环境下移动机器人遍历路径规划, 
1500,100542,分布式网络机器人的设计与实现, 
1501,100542,分布式网络机器人的设计与实现, 
1502,100542,分布式网络机器人的设计与实现, 
1503,100543,大型点焊机器人特种作业程序镜像修正技术研究, 
1504,100543,大型点焊机器人特种作业程序镜像修正技术研究, 
1505,100543,大型点焊机器人特种作业程序镜像修正技术研究, 
1506,100543,大型点焊机器人特种作业程序镜像修正技术研究, 
1507,100544,基于动态模糊人工势场法的移动机器人路径规划, 
1508,100544,基于动态模糊人工势场法的移动机器人路径规划, 
1509,100544,基于动态模糊人工势场法的移动机器人路径规划, 
1509,100585,基于遗传算法的蛇形机器人CPG模型参数优化, 
1509,100587,搜救环境中的仿生蛇形机器人SLAM方法, 
1510,100545,仿人机器人两步步态规划算法研究, 
1511,100165,仿人机器人实时路径规划方法研究, 
1511,100545,仿人机器人两步步态规划算法研究, 
1511,100546,基于视频反馈和实时仿真的机器人远程控制系统, 
1511,100558,家庭服务机器人情感计算模型的研究, 
1512,100546,基于视频反馈和实时仿真的机器人远程控制系统, 
1513,100547,农业自主行走机器人视觉导航技术研究, 
1514,100547,农业自主行走机器人视觉导航技术研究, 
1515,100547,农业自主行走机器人视觉导航技术研究, 
1516,100548,采用全景相机的移动机器人视觉伺服, 
1517,100548,采用全景相机的移动机器人视觉伺服, 
1518,100549,情感语音识别技术在军用智能机器人中的应用, 
1519,100549,情感语音识别技术在军用智能机器人中的应用, 
1520,100550,机器人虚拟仿真及控制技术研究, 
1521,100550,机器人虚拟仿真及控制技术研究, 
1522,100551,蛇形机器人在缆索检测中螺旋滚动步态的研究, 
1522,100556,桥梁缆索检测蛇形机器人攀爬运动分析与实现, 
1522,100557,基于形态学的蛇形机器人运动步态算法研究, 
1522,100566,基于Adams的六足爬壁机器人的步态规划与仿真, 
1523,100551,蛇形机器人在缆索检测中螺旋滚动步态的研究, 
1524,100552,沪语语音识别研究及在家居机器人中的应用, 
1525,100552,沪语语音识别研究及在家居机器人中的应用, 
1526,100552,沪语语音识别研究及在家居机器人中的应用, 
1527,100553,改进人工势场法在机器人路径规划中的应用, 
1528,100553,改进人工势场法在机器人路径规划中的应用, 
1529,100553,改进人工势场法在机器人路径规划中的应用, 
1530,100553,改进人工势场法在机器人路径规划中的应用, 
1531,100555,基于RBF神经网络的轮式移动机器人轨迹跟踪控制, 
1532,100555,基于RBF神经网络的轮式移动机器人轨迹跟踪控制, 
1533,100555,基于RBF神经网络的轮式移动机器人轨迹跟踪控制, 
1534,100555,基于RBF神经网络的轮式移动机器人轨迹跟踪控制, 
1535,100556,桥梁缆索检测蛇形机器人攀爬运动分析与实现, 
1536,100557,基于形态学的蛇形机器人运动步态算法研究, 
1537,100558,家庭服务机器人情感计算模型的研究, 
1538,100558,家庭服务机器人情感计算模型的研究, 
1539,100559,基于路径预测的机器人足球路径规划, 
1540,100560,基于SOA的机器人物流系统架构研究, 
1541,100560,基于SOA的机器人物流系统架构研究, 
1542,100560,基于SOA的机器人物流系统架构研究, 
1543,100561,移动机器人FastSLAM算法的对比研究, 
1544,100561,移动机器人FastSLAM算法的对比研究, 
1545,100561,移动机器人FastSLAM算法的对比研究, 
1546,100562,基于混合遗传算法的工业机器人最优轨迹规划, 
1547,100562,基于混合遗传算法的工业机器人最优轨迹规划, 
1548,100562,基于混合遗传算法的工业机器人最优轨迹规划, 
1549,100563,机器人在已知三维自然环境中的路径规划算法, 
1550,100564,基于OpenGL的工业机器人分拣系统仿真, 
1551,100564,基于OpenGL的工业机器人分拣系统仿真, 
1552,100564,基于OpenGL的工业机器人分拣系统仿真, 
1553,100565,考虑径向畸变的机器人视觉系统的参数标定, 
1554,100565,考虑径向畸变的机器人视觉系统的参数标定, 
1555,100565,考虑径向畸变的机器人视觉系统的参数标定, 
1556,100566,基于Adams的六足爬壁机器人的步态规划与仿真, 
1557,100567,基于EtherCAT的机器人控制总线方案研究, 
1558,100567,基于EtherCAT的机器人控制总线方案研究, 
1559,100567,基于EtherCAT的机器人控制总线方案研究, 
1560,100568,移动机器人动力学控制半物理仿真研究, 
1561,100568,移动机器人动力学控制半物理仿真研究, 
1562,100568,移动机器人动力学控制半物理仿真研究, 
1563,100568,移动机器人动力学控制半物理仿真研究, 
1564,100570,电缆管道巡检机器人嵌入式系统的设计与实现, 
1565,100570,电缆管道巡检机器人嵌入式系统的设计与实现, 
1566,100570,电缆管道巡检机器人嵌入式系统的设计与实现, 
1567,100570,电缆管道巡检机器人嵌入式系统的设计与实现, 
1568,100570,电缆管道巡检机器人嵌入式系统的设计与实现, 
1569,100571,基于显著性检测的自适应机器人拣选系统, 
1570,100571,基于显著性检测的自适应机器人拣选系统, 
1571,100571,基于显著性检测的自适应机器人拣选系统, 
1572,100571,基于显著性检测的自适应机器人拣选系统, 
1573,100572,三轮全向移动机器人的研究与设计, 
1574,100572,三轮全向移动机器人的研究与设计, 
1574,100574,使用QT构建的码垛机器人离线编程仿真系统, 
1575,100573,多传感器信息融合伺服的移动机器人快速跟随, 
1576,100573,多传感器信息融合伺服的移动机器人快速跟随, 
1577,100573,多传感器信息融合伺服的移动机器人快速跟随, 
1578,100574,使用QT构建的码垛机器人离线编程仿真系统, 
1579,100574,使用QT构建的码垛机器人离线编程仿真系统, 
1580,100575,室外环境下移动机器人视觉SLAM算法改进, 
1581,100235,仿生机器人视觉导航研究分析, 
1581,100575,室外环境下移动机器人视觉SLAM算法改进, 
1582,100576,多机器人系统任务分配效用评价算法, 
1583,100577,基于动态AVL树的巡检机器人事件响应算法, 
1584,100577,基于动态AVL树的巡检机器人事件响应算法, 
1585,100578,空间机器人遥操作预测仿真系统研究, 
1586,100578,空间机器人遥操作预测仿真系统研究, 
1587,100578,空间机器人遥操作预测仿真系统研究, 
1588,100578,空间机器人遥操作预测仿真系统研究, 
1589,100579,改进的足球机器人直冲射门算法, 
1590,100579,改进的足球机器人直冲射门算法, 
1591,100579,改进的足球机器人直冲射门算法, 
1592,100579,改进的足球机器人直冲射门算法, 
1593,100580,基于Android手机的家用机器人控制技术研究, 
1594,100580,基于Android手机的家用机器人控制技术研究, 
1595,100581,轮腿式机器人控制系统及姿态算法设计与实验, 
1596,100581,轮腿式机器人控制系统及姿态算法设计与实验, 
1597,100581,轮腿式机器人控制系统及姿态算法设计与实验, 
1598,100582,四足机器人节律柔顺行走控制, 
1599,100582,四足机器人节律柔顺行走控制, 
1600,100582,四足机器人节律柔顺行走控制, 
1601,100582,四足机器人节律柔顺行走控制, 
1602,100582,四足机器人节律柔顺行走控制, 
1603,100583,未知环境下基于椭圆约束的机器人路径规划, 
1604,100583,未知环境下基于椭圆约束的机器人路径规划, 
1605,100583,未知环境下基于椭圆约束的机器人路径规划, 
1606,100584,基于执行时间约束的机器人关节空间轨迹优化, 
1607,100584,基于执行时间约束的机器人关节空间轨迹优化, 
1608,100584,基于执行时间约束的机器人关节空间轨迹优化, 
1609,100584,基于执行时间约束的机器人关节空间轨迹优化, 
1610,100584,基于执行时间约束的机器人关节空间轨迹优化, 
1611,100585,基于遗传算法的蛇形机器人CPG模型参数优化, 
1612,100585,基于遗传算法的蛇形机器人CPG模型参数优化, 
1613,100585,基于遗传算法的蛇形机器人CPG模型参数优化, 
1613,100587,搜救环境中的仿生蛇形机器人SLAM方法, 
1614,100585,基于遗传算法的蛇形机器人CPG模型参数优化, 
1614,100587,搜救环境中的仿生蛇形机器人SLAM方法, 
1615,100586,基于姿态识别的机器人人机交互系统设计, 
1615,100591,基于ROS的空间机器人人机交互系统设计, 
1616,100586,基于姿态识别的机器人人机交互系统设计, 
1616,100591,基于ROS的空间机器人人机交互系统设计, 
1617,100586,基于姿态识别的机器人人机交互系统设计, 
1617,100591,基于ROS的空间机器人人机交互系统设计, 
1618,100586,基于姿态识别的机器人人机交互系统设计, 
1619,100586,基于姿态识别的机器人人机交互系统设计, 
1619,100591,基于ROS的空间机器人人机交互系统设计, 
1620,100587,搜救环境中的仿生蛇形机器人SLAM方法, 
1621,100585,基于遗传算法的蛇形机器人CPG模型参数优化, 
1621,100587,搜救环境中的仿生蛇形机器人SLAM方法, 
1622,100585,基于遗传算法的蛇形机器人CPG模型参数优化, 
1622,100587,搜救环境中的仿生蛇形机器人SLAM方法, 
1623,100585,基于遗传算法的蛇形机器人CPG模型参数优化, 
1623,100587,搜救环境中的仿生蛇形机器人SLAM方法, 
1624,100588,Delta机器人运动控制及图形轨迹的动态仿真, 
1625,100588,Delta机器人运动控制及图形轨迹的动态仿真, 
1626,100588,Delta机器人运动控制及图形轨迹的动态仿真, 
1627,100588,Delta机器人运动控制及图形轨迹的动态仿真, 
1628,100589,基于改进人工势场法的移动机器人路径规划, 
1629,100589,基于改进人工势场法的移动机器人路径规划, 
1630,100590,基于有限资源的微小型多机器人协同避障策略, 
1631,100590,基于有限资源的微小型多机器人协同避障策略, 
1632,100590,基于有限资源的微小型多机器人协同避障策略, 
1633,100590,基于有限资源的微小型多机器人协同避障策略, 
1634,100591,基于ROS的空间机器人人机交互系统设计, 
1635,100592,基于输入输出反馈线性化的移动机器人混合编队控制, 
1636,100592,基于输入输出反馈线性化的移动机器人混合编队控制, 
1637,100592,基于输入输出反馈线性化的移动机器人混合编队控制, 
1638,100592,基于输入输出反馈线性化的移动机器人混合编队控制, 
1639,100593,基于实时以太网的机器人通信总线控制系统, 
1640,100593,基于实时以太网的机器人通信总线控制系统, 
1641,100593,基于实时以太网的机器人通信总线控制系统, 
1642,100594,移动机器人视觉候选闭环召回方法设计, 
1643,100595,基于多传感器信息融合的机器人姿态测量系统, 
1644,100595,基于多传感器信息融合的机器人姿态测量系统, 
1645,100595,基于多传感器信息融合的机器人姿态测量系统, 
1646,100596,室内服务机器人实时目标识别与定位系统设计, 
1647,100596,室内服务机器人实时目标识别与定位系统设计, 
1648,100596,室内服务机器人实时目标识别与定位系统设计, 
1649,100597,基于时变密度函数的多机器人覆盖控制, 
1650,100597,基于时变密度函数的多机器人覆盖控制, 
1650,100600,欠驱动柔性关节机器人的趋同控制策略, 
1651,100598,基于LabVIEW的五子棋机器人棋盘识别, 
1652,100598,基于LabVIEW的五子棋机器人棋盘识别, 
1653,100598,基于LabVIEW的五子棋机器人棋盘识别, 
1654,100598,基于LabVIEW的五子棋机器人棋盘识别, 
1655,100599,基于前馈-反馈的移动机器人轨迹跟踪控制, 
1656,100599,基于前馈-反馈的移动机器人轨迹跟踪控制, 
1657,100600,欠驱动柔性关节机器人的趋同控制策略, 
1658,100601,基于NAO机器人的目标识别方法, 
1659,100601,基于NAO机器人的目标识别方法, 
1660,100601,基于NAO机器人的目标识别方法, 
1661,100601,基于NAO机器人的目标识别方法, 
1662,100602,六轴工业机器人三维仿真系统, 
1663,100602,六轴工业机器人三维仿真系统, 
1664,100603,基于粒子滤波的机器人主动定位算法, 
1665,100603,基于粒子滤波的机器人主动定位算法, 
