team_id,team,label,type,worktitle
100001,"朱枫,谈大龙","中国科学院沈阳自动化研究所,中国科学院机器人学开放研究实验室 沈阳110016",team,基于初等运动的多机器人避碰及死锁预防
100002,朱庆保,南京师范大学计算机科学系 南京210097,team,直接映射低维小脑模型神经网络及在机器人传感器中的应用
100003,"王常武,孔令富,韩佩富,赵立强","燕山大学信息科学与工程学院!秦皇岛   066004,河北农业技术师院基础部!河北昌黎 066600",team,改进的6-DOF并联机器人Lagrange动力学模型及其并行处理
100004,"刘克胜,张军,曹先彬,王煦法",中国科技大学计算机系!合肥230026,team,一种基于免疫原理的自律机器人行为控制算法
100005,"刘永红,李庆云,杨毅",石油大学机电工程系!山东东营 257061,team,曲线孔电火花加工机器人加工运动轨迹模拟
100006,"孙羽,张英夫,张汝波","湛江海洋大学工程学院计算机系!湛江524088,哈尔滨工程大学计算机系!哈尔滨150001",team,智能机器人避碰行为学习方法研究
100007,"张军宇,何克忠",清华大学计算机科学与技术系智能技术与系统国家重点实验室!北京 100084,team,移动机器人THMR-V的组合定位系统
100008,刘珑龙,青岛海洋大学数学系!青岛 266071,team,基于人工神经网络的机器人视觉系统中三维信息的快速并行求解
100009,"钟碧良,陈承志,杨宜民","广东工业大学自动化研究所,广东工业大学自动化研究所 广州510090",team,基于Petri-net的机器人足球角色转换研究
100010,"刘振宇,徐方","沈阳自动化所新松公司技术开发部,沈阳自动化所新松公司技术开发部 沈阳110016",team,VRTX嵌入式实时多任务操作系统及其在机器人控制器中的应用
100011,"洪炳熔,薄喜柱,韩学东","哈尔滨工业大学计算机系智能机器人研究室,哈尔滨工业大学计算机系智能机器人研究室 哈尔滨150001",team,基于人工神经网络的足球机器人分层学习研究
100012,"温旭,姜巍,张金生,石宗英,钟宜生,杜继宏","清华大学自动化系,清华大学自动化系 北京100084",team,拟人机器人和嵌入式实时操作系统
100013,"石宗英,徐文立,杜继宏,温旭","清华大学自动化系,清华大学自动化系 北京100084",team,基于现场总线的仿人型机器人控制系统
100014,"王晓春,刘天惠,董立菊,徐继镶","沈阳大学信息学院,沈阳大学信息学院 沈阳110044",team,虚拟开关机器人——传感式智能开关控制器的研究与设计
100015,"马宏鹏,翁春华,张蕾,赵新,刘景泰,卢桂章","南开大学机器人与信息自动化研究所,南开大学机器人与信息自动化研究所 天津300071",team,机器人遥操作中的网络传输延迟分析
100016,"戴开宇,张申生,王淼","上海交通大学计算机集成技术开放实验室,上海交通大学计算机集成技术开放实验室 上海200030",team,分布式虚拟环境中的聊天机器人的研究
100017,"杨玉君,陈佳品,程君实,李小海","上海交通大学信息存储研究中心,上海交通大学信息存储研究中心 上海200030",team,基于行为的自主微小移动机器人智能体系结构研究
100018,"朱永光,孙政顺,赵南元","清华大学自动化系,清华大学自动化系 北京100084",team,拟人机器人视觉系统的硬件结构设计
100019,"曹彤,员超,孙杏初","北京科技大学机械工程学院,北京航空航天大学机器人所,北京航空航天大学机器人所 北京100083",team,有关电视机搬运码垛机器人的运动规划问题
100020,"彭刚,黄心汉,蒋毅","华中科技大学控制科学与工程系,华中科技大学控制科学与工程系 武汉430074",team,网络延时和负荷变化对基于网络的遥操作机器人系统的影响和解决方法
100021,"高志军,颜国正,丁国清,颜德田","上海交通大学电子信息学院820研究所,上海交通大学电子信息学院820研究所 上海200030",team,多Agent通讯在多移动机器人中的实现方法
100022,"张伟,杜继宏","清华大学自动化系,清华大学自动化系 北京100084",team,双足步行机器人的步态规划
100023,"兰丽,赵清杰,孙增圻","清华大学智能技术与系统国家重点实验室,清华大学智能技术与系统国家重点实验室 北京100084",team,视觉引导的机器人曲线跟踪系统
100024,"蒋金鹏,颜国正,丁国清,王宏杰,王于,王志武","上海交通大学电子信息学院820所,上海交通大学电子信息学院820所 上海200030",team,基于DCOM技术的在线、实时分布式机器人控制系统研究
100025,"吴文清,刘嘉焜,崔世钢","天津大学理学院,天津职业技术师范学院自动化系 天津300072,天津300222",team,机器人避开多随机障碍物的路径规划方法
100026,"范红,蒋静坪","上海海运学院,浙江大学电气工程学院 上海200135,浙江大学电气工程学院,杭州310027,杭州310027",team,一种基于GA的移动机器人模糊规划方法
100027,"宋宜斌,王培进,李凯里","烟台大学计算机学院,烟台大学计算机学院 山东烟台264005",team,一种基于多层感知器的机器人快速推理学习方法
100028,"沈进棋,诸静","浙江大学电气工程学院,浙江大学电气工程学院 杭州310027",team,基于C/S模型机器人控制器的LabVIEW实现
100029,"王世军,黄玉美","西安理工大学机械与精密仪器学院,西安理工大学机械与精密仪器学院 西安710048",team,机器人结构的智能化设计方法
100030,"李桂芝,陈细军,杨国胜,谭民,涂序彦","北京科技大学信息学院,中国科学院自动化研究所复杂系统与智能科学开放实验室,北京科技大学信息学院 北京100083,北京100080",team,基于CAN总线的自主移动机器人通信系统研究
100031,"乔凤斌,杨汝清","上海交通大学机器人研究所,上海交通大学机器人研究所 上海200030",team,基于IPC-PLC的排爆机器人控制系统设计
100032,"甘贤海,丁国清","上海交通大学电子信息与电气工程学院,上海交通大学电子信息与电气工程学院 上海200030",team,精度船用型材机器人自动划线切割系统的软件设计
100033,"汤琼,杨东勇","浙江工业大学信息工程学院,浙江工业大学信息工程学院 杭州310014",team,基于协作协进化的多智能体机器人协作研究
100034,"刘佳新,王玉琨,王新生","燕山大学网络中心,河北省工程咨询研究院,燕山大学计算机系 河北秦皇岛066004,石家庄050051",team,扩充KQML以实现仿真机器人足球比赛中多Agent通讯
100035,"吴山东,陈一民,何永义","上海大学计算机工程与科学学院,上海机器人研究所 上海200072",team,一个基于移动Agent的机器人远程控制系统
100036,"陈宁,王永骥,程磊","华中科技大学控制科学与工程系复杂与非线性系统中心,华中科技大学控制科学与工程系复杂与非线性系统中心 武汉430074",team,基于多智能体通讯机制的多机器人编队系统
100037,"史胜利,孟庆鑫,阮双琛,郭小勤","哈尔滨工程大学,深圳大学,深圳大学 哈尔滨150001,深圳518060",team,投影方法用于网络机器人图像帧内编码
100038,"王东署,张志佳,史泽林","东北大学人工智能与机器人研究所,中国科学院沈阳自动化研究所,中国科学院沈阳自动化研究所 沈阳110004,沈阳110016",team,基于视觉定位的脑外科机器人坐标变换问题研究
100039,"谢云,杨宜民","广东工业大学自动化学院,广东工业大学自动化学院 广州510090",team,全自主足球机器人通信子系统的设计与实现
100040,"张永谦,王挺,安成万,谭民","中国科学院自动化研究所,中国科学院沈阳自动化研究所,中国科学院自动化研究所 北京100080装甲兵工程学院控制工程系,北京100072,沈阳110016,北京100080",team,复合机构移动机器人红外和超声阵列信息处理方法
100041,"刘海波,顾国昌,沈晶","哈尔滨工程大学计算机科学与技术学院,哈尔滨工程大学计算机科学与技术学院 哈尔滨150001",team,脑基本机能联合区理论在智能机器人体系结构中的应用
100042,"熊震宇,陈焕明,葛杨","南昌航空工业学院材料科学与工程系,南昌航空工业学院材料科学与工程系 南昌330034",team,基于ADAMS的弧焊机器人运动仿真
100043,"王东署,迟健男,徐心和","东北大学人工智能与机器人研究所,东北大学人工智能与机器人研究所 沈阳110004",team,机器人误差补偿优化方法研究
100044,"周庆瑞,原魁,刘俊承","中国科学院自动化研究所高技术创新中心,中国科学院自动化研究所高技术创新中心 北京100080",team,移动机器人视觉导航控制研究
100045,"王璐,崔益安,苏虹,蔡自兴","中南大学信息科学与工程学院智能所,中南大学信息科学与工程学院智能所 长沙410083,中原工学院计算机系,郑州450007,长沙410083",team,移动机器人的运动目标实时检测与跟踪
100046,"唐琎,白涛,蔡自兴","中南大学信息科学与工程学院,Department of Electrical & Computer Engineering,Dalhousie University,Halifax,Canada,中南大学信息科学与工程学院 长沙410083,国防科技大学信息与通信工程博士后流动站湘计算机工作站,长沙410007",team,移动机器人的一种室内自然路标定位法
100047,"汤志彦,冯哲","复旦大学计算机科学与工程系,复旦大学计算机科学与工程系 上海200433",team,适用于机器人视觉的手势识别系统
100048,"王卫,陈继荣,徐璟业,蒋治华","中国科学技术大学电子工程于信息科学系,中国科学技术大学电子工程于信息科学系 合肥230027",team,RoboCup小型足球机器人无线通讯中的编解码实现和性能分析
100049,"李晓丽,谢敬,傅卫平,杨静","西安理工大学机械与精密仪器学院,西安理工大学机械与精密仪器学院 西安710048",team,一种改进势场法在多移动机器人避碰规划中的应用
100050,"王卫,陈继荣,徐璟业","中国科学技术大学电子工程与信息科学系,中国科学技术大学电子工程与信息科学系 合肥230027",team,足球机器人彩色视觉图像的分割与识别
100051,"史豪斌,李伟华,王涤飞,严建峰","西北工业大学计算机学院,西北工业大学计算机学院 西安710072",team,基于运动学原理的仿真机器人运动预测模型研究
100052,"李枚毅,蔡自兴","中南大学信息科学与工程学院,中南大学信息科学与工程学院 长沙410083",team,结合示例学习的移动机器人免疫进化规划研究
100053,"王仲民,岳宏,刘继岩","河北工业大学机械工程学院,天津职业技术师范学院机械工程系 天津300130天津职业技术师范学院机械工程系,天津300222,天津300130",team,基于改进模拟退火算法的移动机器人路径规划
100054,"唐琎,朱皖,陈玥,张闻捷","中南大学信息科学与工程学院,中南大学信息科学与工程学院 长沙410083国防科大信息与通信工程博士后流动站湘计算机工作站,长沙410007,长沙410083",team,一个映射变换及其在机器人定位中的应用
100055,"任燚,陈宗海","中国科学技术大学自动化系,中国科学技术大学自动化系 合肥230026",team,环境因素对多自主移动机器人系统的影响研究
100056,"张祺,杨宜民,陈红英","广东工业大学自动化学院,华南师范大学计算机学院 广州510090,广州510630",team,机器人足球比赛决策程序的图形化编程
100057,"彭金柱,王耀南,孙炜","湖南大学电气与信息工程学院,湖南大学电气与信息工程学院 长沙410082",team,一种基于模糊神经网络的机器人控制
100058,"张美玉,黄翰,郝志峰,杨晓伟","华南理工大学数学科学院,华南理工大学计算机与科学工程学院,华南理工大学数学科学院 广州510640",team,基于蚁群算法的机器人路径规划
100059,"王辉,邹伟,郑睿","中国科学院自动化研究所,中国科学院自动化研究所 北京100080",team,基于视觉的移动机器人实时障碍检测研究
100060,"屈彦呈,黄亨俊,王常虹","哈尔滨工业大学空间控制与惯性技术研究中心,哈尔滨工业大学空间控制与惯性技术研究中心 哈尔滨150001",team,移动机器人编队视觉定位方法研究
100061,"周浦城,洪炳镕,郭耸","哈尔滨工业大学计算机科学与工程系,哈尔滨工程大学计算机与技术学院 哈尔滨150001",team,基于强化学习的多机器人协作
100062,"廖明,刘安心,张金林,芮挺,方虎生","解放军理工大学工程兵学院,解放军理工大学工程兵学院 南京210007",team,新型欠秩并联机器人机构3RRC仿真
100063,"王海峰,陆文娟,冯川","清华大学电机系电工新技术研究所,清华大学计算机科学与技术系 北京100084",team,机器人施釉系统主控软件
100064,"冯延蓬,陈小平","中国科学技术大学计算机系,中国科学技术大学计算机系 合肥230027",team,一种持续规划系统在四足机器人足球中的应用
100065,"邢笑笑,钟宜生,石宗英","清华大学自动化系,清华大学自动化系 北京100084",team,机器人鲁棒控制器参数演化设计
100066,"熊举峰,谭冠政,盘辉","湖南师范大学物理与信息科学学院,中南大学信息科学与工程学院,湖南师范大学物理与信息科学学院 长沙410081中南大学信息科学与工程学院长沙410083",team,多机器人系统的研究现状
100067,"孔凡天,陈幼平,谢经明,张冈,周祖德","华中科技大学国家数控系统工程技术研究中心,华中科技大学国家数控系统工程技术研究中心 武汉430074",team,基于多传感器信息融合的移动机器人导航系统
100068,"段清娟,王润孝,冯华山,王立刚","西北工业大学,西北工业大学 西安710072",team,自主移动机器人系统的新研究方法:AIS
100069,"潘炼东,黄心汉","华中科技大学控制科学与工程系,华中科技大学控制科学与工程系 武汉430074",team,开放式机器人控制器中仿真组件的实现
100070,"彭一准,原魁,王辉","中国科学院自动化研究所,中国科学院自动化研究所 北京100080",team,具有友好人机界面遥操作移动机器人的合作控制
100071,"谢雅,彭军,吴敏","中南大学信息科学与工程学院,中南大学信息科学与工程学院 长沙410075",team,足球机器人路径规划的改进型人工势场算法研究
100072,"肖海荣,周风余,宋洪军,刘文江","山东交通学院信息工程系,山东大学控制学院,山东交通学院信息工程系 济南250023,济南250061",team,110kV架空输电线路巡检机器人视频图像传输
100073,"高健,黄心汉,彭刚","华中科技大学控制科学与工程系,华中科技大学控制科学与工程系 武汉430074",team,基于DSP的集控式足球机器人控制系统设计
100074,"王云刚,陈继荣,陈保林","中国科学技术大学电子工程与信息科学系,中国科学技术大学电子工程与信息科学系 合肥230027",team,网络控制机器人无线通信系统的设计
100075,"符秀辉,化建宁,郑伟,王越超","中国科学院沈阳自动化研究所,中国科学院沈阳自动化研究所 沈阳110015 沈阳化工学院,沈阳110142 中国科学院研究生院,北京100081,沈阳110015 中国科学院研究生院",team,基于Agent的网络遥操作机器人系统控制研究
100076,"胡庭波,吴涛,贺汉根","国防科技大学机电工程与自动化学院,国防科技大学机电工程与自动化学院 长沙410073",team,一种面向移动机器人的光流场计算方法
100077,"慕延华,尹怡欣,涂序彦,孙铁强","北京科技大学信息工程学院,北京科技大学信息工程学院 北京100083山东工商学院信息与电子工程学院,烟台264005",team,一种室内环境下移动机器人的路径规划新算法
100078,"周郭许,唐西林","华南理工大学数学科学学院,华南理工大学数学科学学院 广州510640",team,基于栅格模型的机器人路径规划快速算法
100079,"王俭,赵鹤鸣,肖金球","苏州科技学院电子与信息工程系,苏州大学电子信息学院,苏州科技学院电子与信息工程系 苏州215011,苏州215008",team,基于区域优化分割的机器人全覆盖路径规划
100080,"罗沛,裴海龙","华南理工大学自动化科学与工程学院,华南理工大学自动化科学与工程学院 广州510641",team,基于AVR单片机的空中机器人伺服系统
100081,"黄炳强,曹广益","上海交通大学自动化系,上海交通大学自动化系 上海200030",team,基于人工势场法的移动机器人路径规划研究
100082,"芮素波,曾庆军","江苏科技大学电子信息学院,江苏科技大学电子信息学院 江苏镇江212003",team,基于网络的遥操作机器人系统传输时延研究
100083,"江美青,李孝安,谭然","西北工业大学计算机学院,西北工业大学计算机学院 西安710072",team,足球机器人对彩球的鲁棒跟踪识别
100084,"肖乐,殷晨波,杨敏","南京工业大学机械与动力工程学院,南京工业大学机械与动力工程学院 南京210009",team,拟人机器人在外力干扰下的步态规划
100085,"张伯泉,杨宜民","广东工业大学自动化学院,广东工业大学自动化学院 广州510090",team,青少年机器人足球比赛死锁解除的模糊数学法
100086,"于莲芝,颜国正","上海交通大学电子信息学院820所,上海交通大学电子信息学院820所 上海200240 上海理工大学光学与电子信息学院,上海200093",team,微小气动机器人系统的模糊自适应PID控制
100087,"王东署,张志佳","郑州大学电气工程学院,沈阳工业大学信息工程学院 郑州450001,沈阳110023",team,基于Solis&Wets算法的机器人最优测量构形研究
100088,"袁杨,陈雄","复旦大学电子工程系智能控制实验室,复旦大学电子工程系智能控制实验室 上海200433",team,基于群集智能算法的移动机器人路径规划研究
100089,"熊举峰,谭冠政,窦宏全","湖南师范大学物理与信息科学学院,中南大学信息科学与工程学院,中南大学信息科学与工程学院 长沙410081 中南大学信息科学与工程学院,长沙410083",team,基于虚拟力的群机器人队形控制
100090,魏佩敏,绍兴文理学院工学院 浙江绍兴312000,team,机器人的模拟复合正交神经网络学习控制
100091,"周景雷,张维海","山东科技大学信息与电气工程学院,山东科技大学信息与电气工程学院 山东青岛266510",team,机器人机械臂的鲁棒最优控制
100092,"赵杰,姜健,臧希喆","哈尔滨工业大学机器人研究所,哈尔滨工业大学机器人研究所 哈尔滨150001",team,基于强化学习的未知环境多机器人协作搜集
100093,"唐国新,陈雄,袁杨","复旦大学信息学院,复旦大学信息学院 上海200433",team,微粒群算法在机器人路径规划中的应用
100094,"焦立男,唐振民","南京理工大学计算机科学与技术学院模式识别与机器智能研究所,南京理工大学计算机科学与技术学院模式识别与机器智能研究所 南京210094",team,基于局部传感和通讯的多机器人运动规划框架
100095,"彭日亮,杨宜民,王赟","广东工业大学自动化学院,广东工业大学自动化学院 广州510090",team,基于PTR4000的足球机器人无线通信子系统的设计
100096,"成伟明,唐振民,赵春霞","南京理工大学计算机科学与技术系,南京理工大学计算机科学与技术系 南京210094",team,微小型履带式机器人路径跟踪控制器设计
100097,"张晓晖,刘丁","西安理工大学自动化与信息工程学院,西安理工大学自动化与信息工程学院 西安710048",team,仿人视觉过程的机器人视觉伺服系统研究
100098,"秦政,丁福光,边信黔","哈尔滨工程大学自动化学院,哈尔滨工程大学自动化学院 哈尔滨150001",team,强化学习在移动机器人自主导航中的应用
100099,"李全民,张运楚,李俊策","山东建筑大学信息与电气工程学院,山东建筑大学热能工程学院 济南250101",team,架空输电线路巡线机器人的视觉导航
100100,"姜健,赵杰,闫继宏,臧希喆","哈尔滨工业大学机器人研究所,哈尔滨工业大学机器人研究所 哈尔滨150001",team,基于排斥信息素的多机器人协作研究
100101,"孙亮,常青,阮晓钢","北京工业大学人工智能与机器人研究所,北京工业大学人工智能与机器人研究所 北京100022",team,嵌入式移动机器人控制器设计
100102,"王润孝,段清娟,丁良宏","西北工业大学,西安电子科技大学,西北工业大学 西安710072,西安710071",team,移动机器人的免疫非时间参考路径跟踪控制
100103,"孔令富,赵飞,赵逢达","燕山大学信息科学与工程学院,燕山大学信息科学与工程学院 河北秦皇岛066004",team,腐蚀/膨胀算法在足球机器人视觉系统中的应用
100104,"金雷泽,杜振军,贾凯","中国科学院沈阳自动化研究所,中国科学院沈阳自动化研究所 沈阳110016,中国科学院研究生院,北京100039",team,基于势场法的移动机器人路径规划仿真研究
100105,"范红,黄洪琼","上海海事大学物流工程学院电气自动化系,上海海事大学信息工程学院 上海200135",team,基于自组织LMBPNN的移动机器人路径规划器
100106,"宋洪军,周风余,李贻斌,贾磊","山东大学控制学院,山东大学控制学院 济南250061",team,基于CORBA的工业机器人软件框架的研究和应用
100107,"周彤,洪炳镕,朴松昊,周洪玉","哈尔滨工业大学计算机科学与技术学院,哈尔滨理工大学机械动力学院 哈尔滨150001,哈尔滨150080",team,基于蒙特卡罗学习的多机器人自组织协作
100108,"郭利进,王化祥,孟庆浩,邱亚男","天津大学电气与自动化工程学院,天津大学电气与自动化工程学院 天津300072",team,基于粒子滤波的移动机器人SLAM改进算法
100109,"肖本贤,余炎峰,余雷,陈昊","合肥工业大学自动化研究所,合肥工业大学自动化研究所 合肥230009",team,基于免疫遗传算法的移动机器人全局路径规划
100110,"熊举峰,谭冠政,皮剑","湖南师范大学物理与信息科学学院,中南大学信息科学与工程学院,湖南师范大学物理与信息科学学院 长沙410081中南大学信息科学与工程学院,长沙410083",team,群机器人仿真系统设计与实现
100111,"国海涛,朱庆保,司应涛","南京师范大学数学与计算机科学学院,南京师范大学数学与计算机科学学院 南京210097",team,一种蚂蚁粒子群融合的机器人路径规划新算法
100112,"张彦,关胜晓","中国科学技术大学自动化系,中国科学技术大学自动化系 合肥230027",team,完全未知环境下机器人路径规划的RPC算法
100113,"郭剑辉,赵春霞,石杏喜","南京理工大学计算机学院,南京理工大学计算机学院 南京210094,南京210094南京理工大学理学院",team,基于联邦UKF算法的移动机器人自主组合导航
100114,"吴笛飞,丁永生,郝矿荣,张淑平","东华大学信息科学与技术学院,东华大学信息科学与技术学院 上海201620,上海201620 东华大学数字化纺织服装技术教育部工程研究中心",team,一种新型的并联机器人位姿立体视觉检测系统
100115,"杨世强,傅卫平,王红涛","西安理工大学机械与精密仪器工程学院,西安理工大学机械与精密仪器工程学院 西安710048",team,机器人手眼立体视觉标定研究
100116,"李响,王越超","中国科学院沈阳自动化研究所机器人学重点实验室,中国科学院沈阳自动化研究所机器人学重点实验室 沈阳100016 中国科学院研究生院,北京100049",team,基于评价选择策略的Internet多机器人协作控制研究
100117,陈世明,华东交通大学电气与电子工程学院 南昌330013,team,动态环境中基于改进粒子群的机器人路径规划
100118,"司应涛,朱庆保,国海涛","南京师范大学计算机系,南京师范大学计算机系 南京210097",team,基于正反馈遗传算法的机器人全局路径规划
100119,"姜健,闫继宏,臧希喆,赵杰","哈尔滨工业大学机器人研究所,哈尔滨工业大学机器人研究所 哈尔滨150001",team,基于信息素的多机器人协作任务分配
100120,"绳涛,王剑,马宏绪","国防科技大学机器人实验室,国防科技大学机器人实验室 长沙410073",team,欠驱动两足步行机器人侧向稳定控制方法研究
100121,"任志斌,阮毅","江西理工大学机电工程学院,上海大学机电工程与自动化学院 江西赣州341000,上海200072",team,基于知识库的输电线路巡检机器人的越障控制
100122,"宗晓萍,石圣羽,田华","河北大学电子信息工程学院,河北大学电子信息工程学院 河北保定071002",team,基于BP神经网络的足球机器人摄像机标定
100123,"蔡广宇,崔士林,吴昌林","华中科技大学机械学院,南阳理工学院,华中科技大学机械学院 武汉430074 南阳理工学院,河南南阳473006",team,弧焊机器人焊缝图像分割方法研究
100124,"刘金科,郭希娟,刘爽","燕山大学信息科学与工程学院,燕山大学信息科学与工程学院 河北秦皇岛066004",team,FANUC M420iA机器人动力学性能分析与仿真
100125,"史国振,孙汉旭,贾庆轩,张延恒","北京邮电大学计算机科学与技术学院,北京邮电大学自动化学院,北京邮电大学自动化学院 北京100876北京电子科技学院电子信息工程系,北京100070",team,空间机器人控制系统硬件仿真平台的研究
100126,"黎萍,杨宜民","广东工业大学自动化学院,广东工业大学自动化学院 广州510090",team,多机器人系统任务分配的研究进展
100127,"张立勋,卜迟武","哈尔滨工程大学机电工程学院,哈尔滨工程大学机电工程学院 哈尔滨150001,哈尔滨150001哈尔滨商业大学轻工学院,哈尔滨150028",team,基于视觉的服务机器人轨迹跟踪控制
100128,"杨放琼,谭青,彭高明","中南大学机电工程学院,中南大学机电工程学院 长沙410083",team,基于信息融合地图的水下机器人位置估计
100129,"赵逢达,孔令富","燕山大学信息科学与工程学院,燕山大学信息科学与工程学院 河北秦皇岛066004",team,一种基于图像匹配的移动机器人定位方法
100130,"邵桂芳,李祖枢,于芳","厦门大学模式识别与智能系统研究所,重庆工学院人工智能系统研究所,重庆工学院人工智能系统研究所 福建厦门361005重庆工学院人工智能系统研究所,重庆400050",team,多模态控制在机器人路径规划中的应用
100131,"杨唐文,韩建达,KUHNERT K D","北京交通大学计算机与信息技术学院,中国科学院沈阳自动化研究所机器人学国家重点实验室,德国锡根大学电气与计算机科学系",team,室外自主移动机器人AMOR的导航技术
100132,"刘俊承,王淼鑫",华北电力大学自动化系,team,一种机器人导航中自然路标的匹配与跟踪方法
100133,"张捍东,吴玉秀,岑豫皖",安徽工业大学电气信息学院,team,多机器人合作与协调研究进展
100134,"李荣华,褚金奎,李庆瀛,王洪青","大连理工大学精密与特种加工教育部重点实验室,辽宁省微纳米技术及系统重点实验室",team,一种移动机器人机构的建模和仿真研究
100135,"熊举峰,谭冠政","湖南师范大学物理与信息科学学院,中南大学信息科学与工程学院",team,复杂环境中群机器人网格分布与移动
100136,熊举峰,湖南师范大学物理与信息科学学院,team,群机器人学
100137,"聂黎明,周永权",广西民族大学数学与计算机科学学院,team,基于人工鱼群算法的机器人路径规划
100138,"张学习,杨宜民,何启承",广东工业大学自动化学院,team,多机器人系统的一种快速会话建立方法
100139,"傅卫平,张鹏飞,杨世强",西安理工大学机械与精密仪器工程学院,team,利用机器人行为动力学与滚动窗口路径规划
100140,"李东洁,尤波,王宝刚","哈尔滨理工大学自动化学院,黑龙江农业工程职业学院自动化系",team,增强感知遥机器人控制系统研究
100141,"王俭,赵鹤鸣","苏州科技大学电子与信息工程学院,苏州大学电子信息学院",team,面向气味跟踪与定位的机器人变步长搜索算法
100142,"许波,李智勇,王永",湖南大学计算机与通信学院,team,改进型量子遗传算法求解机器人联盟问题
100143,"朱从民,黄玉美,上官望义","西安理工大学机械与精密仪器工程学院,总后建筑工程研究所",team,移动机器人Java Agent控制系统设计
100144,"石杏喜,赵春霞,郭剑辉",南京理工大学,team,多机器人导航中VRS的构建及定位算法研究
100145,"绳涛,程思微,王剑,马宏绪",国防科技大学机器人实验室,team,欠驱动双足机器人动态步态规划方法研究
100146,"梁明,徐守江",江苏食品职业技术学院,team,微粒群与蚂蚁融合的机器人路径规划新算法
100147,"叶晔,岑豫皖,谢能刚",安徽工业大学机械工程学院,team,基于博弈论的多移动机器人聚集任务路径规划
100148,万树平,江西财经大学信息管理学院,team,机器人非视觉多传感器信息融合的TOPSIS法
100149,"刘毅华,褚如元","浙江大学宁波理工学院,镇海炼油化工股份有限公司下属检修安装公司",team,多机器人系统中的机器人运动控制
100150,"晏鹏宇,车阿大,杨乃定,钟娜",西北工业大学管理学院,team,多工件类型的无等待机器人制造单元调度研究
100151,张兆印,黑龙江大学计算机科学技术学院,team,6-DOF并联机器人位置正解的实用解法
100152,"包芳,潘永惠,须文波","江南大学信息工程学院,江阴职业技术学院",team,基于神经-模糊控制系统的移动机器人动态路径规划
100153,"陈志国,须文波",江南大学信息工程学院,team,机器视觉智能机器人无损检测系统
100154,"陈建荣,聂黎明,周永权",广西民族大学数学与计算机科学学院,team,人工鱼群算法在机器人加工路径规划中的应用
100155,"石守东,徐德民",西北工业大学航海学院,team,图形相似性匹配在多机器人地图中的应用
100156,"赵立兴,王双霞,王洪瑞",燕山大学西校区电院工业计算机控制工程河北省重点实验室,team,机器人的低通滤波滑模控制
100157,李华忠,深圳信息职业技术学院软件工程系,team,冗余空间机器人最小姿态干扰运动控制
100158,"游维,李枚毅,吴琼,胡剑",湘潭大学信息工程学院,team,一种动态未知环境下的机器人路径搜索方法
100159,"王杰,周永年,刘金锋",郑州大学电气工程学院,team,提高移动机器人路径规划效率的方法
100160,"陈建平,杨宜民","广东工业大学自动化学院,肇庆学院计算机科学与软件学院",team,多移动机器人系统运动协调研究综述
100161,"陈应松,肖世德,王文玺,林静,张卫华","成都电子机械高等专科学校机电系,西南交通大学智能机电技术研究所,西南交通大学牵引动力国家重点实验室",team,自主导航移动机器人视觉系统的一种标定方法
100162,"罗三定,刘薇",中南大学信息科学与工程学院,team,四轮移动机器人智能预瞄轨迹跟踪控制
100163,"袁铸,阎保定",河南科技大学电子信息工程学院,team,交互式多模型算法在机器人目标跟踪中的应用
100164,"杨世强,梁丁宏,傅卫平",西安理工大学机械与精密仪器工程学院,team,智能机器人语音远程控制系统的设计
100165,"张彤,肖南峰","华南理工大学计算机科学与工程学院,广东警官学院计算机系",team,仿人机器人实时路径规划方法研究
100166,"段爱玲,邓高峰,张雪萍,刘彦萍,王家耀","河南工业大学信息科学与工程学院,解放军信息工程大学测绘学院",team,新的融合算法在机器人路径规划中的应用
100167,"张磊,万磊,李晔,姚志广","哈尔滨工程大学船舶工程学院,中国石油集团工程技术研究院",team,免疫微粒群算法优化的水下机器人运动控制器
100168,"付浩,张辉,安向京",国防科技大学机电工程与自动化学院,team,Robocon2007移动机器人视觉系统
100169,"陈卫东,李宝霞,朱奇光",燕山大学信息学院,team,模糊控制在移动机器人路径规划中的应用
100170,"傅瑶,张崇巍,鲍伟,徐玉华,汪木兰","合肥工业大学电气学院自动化系,南京工程学院先进数控技术江苏省高校重点实验室",team,基于广义预测控制的移动机器人视觉导航
100171,"刘松,李志蜀,李奇","四川大学计算机学院,四川师范大学软件重点实验室",team,机器人全覆盖最优路径规划的改进遗传算法
100172,"杨惠,李峰",长沙理工大学计算机与通信工程学院,team,粒子群和蚁群融合算法的自主清洁机器人路径
100173,"刘成军,李祖枢,薛方正","重庆大学智能自动化研究所,重庆工学院人工智能系统研究所",team,仿人机器人动态步行控制综述
100174,徐守江,江苏食品职业技术学院,team,未知环境下机器人路径规划的粒子群优化
100175,"王作为,张汝波",哈尔滨工程大学计算机科学与技术学院,team,基于意会知识的机器人仿生体系结构研究
100176,"蔡广宇,崔士林",南阳理工学院,team,弧焊机器人直线轨迹精度测试研究
100177,"芮挺,朱经纬,蒋新胜,廖明",解放军理工大学工程兵工程学院,team,PUMA机器人逆运动模拟退火粒子群求解方法
100178,"肖乐,李明杰",常熟理工学院计算机科学与工程学院,team,仿人机器人上楼梯行走稳定性研究
100179,"潘欣裕,公维理,王俭,赵鹤鸣","苏州科技学院电子与信息工程学院,苏州大学电子信息学院",team,移动机器人步长调整算法的S函数应用研究
100180,"朱群峰,宋亚男,杨宜民,徐荣华","邵阳学院电气工程系,广东工业大学自动化学院",team,机器人足球比赛最优拦截问题建模与求解
100181,"曹有辉,王良曦",装甲兵工程学院机械工程系,team,基于智能优化的移动机器人轨迹跟踪控制
100182,"姜永成,周正干,任福君,王殿君,倪鹏","北京航空航天大学机械工程与自动化学院,佳木斯大学机械工程学院,哈尔滨理工大学机械动力工程学院,北京石油化工学院机械工程学院",team,图像尺寸对机器人视觉定位实时性的影响研究
100183,"王洪瑞,冯玉东,刘秀玲,冯展芳","燕山大学西校区电院工业计算机控制工程河北省重点实验室,河北大学",team,基于反演设计的机器人自适应动态滑模控制
100184,"郝晓弘,刘晓鹏,岳和平,张帆","兰州理工大学电气工程与信息工程学院,甘肃省电力科学研究院",team,基于FNN的覆冰机器人越障机械臂轨迹跟踪控制
100185,"刘振宇,姜楠,张令涛","沈阳工业大学信息科学与工程学院,中国科学院沈阳自动化研究所",team,基于人工路标和立体视觉的移动机器人自定位
100186,"张万绪,张建斌,张远",西北大学信息科学与技术学院,team,两栖机器人结构设计及运动学建模
100187,"张海霞,孙炜,缪思怡",湖南大学电气与信息工程学院,team,高压输电线除冰机器人的建模及运动控制
100188,"雷艳敏,朱齐丹,冯志彬","哈尔滨工程大学自动化学院,长春大学电子信息工程学院,空军航空大学航空救生系",team,基于混合式控制结构的多机器人编队控制研究
100189,"罗钧,李锐,樊鹏程",重庆大学光电技术及系统教育部重点实验室,team,移动机器人寻迹算法研究
100190,"钱厚亮,梅雪,林锦国",南京工业大学自动化学院,team,多目移动机器人全景视觉子系统标定研究
100191,"宋银灏,安刚,张建勋,张娜,袁丰华",南开大学信息技术科学学院,team,脊柱微创手术机器人运动控制系统的设计
100192,"蔡剑怀,李茂青,吴顺祥","厦门大学信息科学与技术学院,厦门大学生命科学学院",team,RoboCupSoccer中多机器人协作截球策略
100193,"夏桂华,王博,朱齐丹",哈尔滨工程大学自动化学院,team,改进SIFT用于全景视觉移动机器人定位
100194,"刘心,印桂生,张磊","哈尔滨工程大学水下智能机器人技术国防科技重点实验室,哈尔滨工程大学计算机科学与技术学院,哈尔滨工程大学信息与通信工程学院",team,基于FRPN的水下机器人故障诊断
100195,"姜丽梅,张汝波,王超伦",哈尔滨工程大学计算机科学与技术学院,team,生物交哺行为启发的群体机器人搜集行为研究
100196,"冯洪奎,鲍劲松,金烨","上海交通大学计算机集成制造研究所,上海市网络化制造与企业信息化重点实验室",team,广义Voronoi图求解多机器人运动规划
100197,"彭辉,曾碧","广西工业职业技术学院,广东工业大学",team,Hermite三次样条插值的车型机器人路径规划研究
100198,"敬成林,李祖枢,薛方正",重庆大学智能自动化研究所,team,双足机器人稳定行走的仿人预测控制研究
100199,"王冠林,史海庆,谭洪胜,朱纪洪",清华大学计算机科学与技术系,team,旋翼空中机器人系统架构及设计
100200,"隋玲玲,陈雄",复旦大学电子工程系,team,机器人在线路径规划改进算法
100201,"马文涛,闫维新,付庄,赵言正",上海交通大学机械与动力工程学院机器人研究所,team,示教再现型烹饪机器人菜肴评定方法的研究
100202,"李艳东,王宗义,朱玲,张浩鹏","哈尔滨工程大学自动化学院,齐齐哈尔大学计算机与控制工程学院",team,非完整移动机器人的神经网络鲁棒自适应控制
100203,"向阳琴,孙炜,王聪",湖南大学电气与信息工程学院,team,除冰机器人的多传感器融合障碍测距方法研究
100204,"蔡文彬,朱庆保","南京师范大学计算机科学与技术学院,江苏省信息安全保密技术工程研究中心",team,具有感觉适应功能蚁群算法的机器人路径规划
100205,"刘伟,王建平,张崇巍","合肥工业大学电气与自动化工程学院,合肥学院智能控制与机器视觉实验室",team,智能移动机器人跟踪系统应用研究与设计
100206,"国海涛,李梅,杨文潮,苏庆堂,朱庆保","鲁东大学现代教育技术部,南京师范大学数学与计算机科学学院",team,基于蚂蚁自动分流的机器人路径规划新算法
100207,"刘山,梁文君",浙江大学工业控制技术国家重点实验室,team,多机器人协作搬运路径规划研究
100208,"张淑平,丁永生,郝矿荣","东华大学信息科学与技术学院,数字化纺织服装技术教育部工程研究中心",team,基于免疫进化的并联机器人的位姿估计
100209,"金英连,王斌锐,吴善强",中国计量学院机电工程学院,team,机器人二维环境下仿人虚拟力场避障研究
100210,"谢岚,孙炜,赵国瑞",湖南大学电气与信息工程学院,team,除冰机器人关节控制PID参数优化
100211,"王晓娟,王宣银",浙江大学流体传动及控制国家重点实验室,team,基于模糊卡尔曼滤波的移动机器人定位研究
100212,"毕盛,闵华清,陈强","华南理工大学计算机科学与工程学院,华南理工大学软件学院",team,仿人机器人步态规划反馈控制研究综述
100213,"李宗玮,孙雷","南开大学信息技术科学学院,南开大学机器人所",team,基于智能手机的网络机器人人机交互系统
100214,高雷,临沂大学信息学院,team,异类种群蚂蚁机器人滚动规划算法
100215,"丘柳东,王牛,李祖枢",重庆大学自动化学院,team,一种中型自主足球机器人自定位方法
100216,"税海涛,杨庆,李迅,马宏绪","国防科技大学机电工程与自动化学院,装备指挥技术学院航天装备系",team,空间机器人目标捕获的自适应规划
100217,"沈春生,王耀南",湖南大学电气与信息工程学院,team,移动机器人目标分割及测距方法研究
100218,侯艳丽,商丘师范学院计算机科学系,team,基于支持向量机和Q学习的移动机器人导航
100219,"刘成军,李祖枢,厚之成","重庆大学智能自动化研究所,重庆理工大学计算机科学与工程学院",team,双足机器人动态步行实时步态生成
100220,"罗荣贵,屠大维",上海大学机电工程与自动化学院,team,栅格法视觉传感集成及机器人实时避障
100221,"胡金东,刘国栋",江南大学通信与控制工程学院,team,基于全身协调的仿人机器人步行稳定控制
100222,"马千知,雷秀娟",陕西师范大学计算机科学学院,team,改进粒子群算法在机器人路径规划中的应用
100223,"崔靖,朱庆保,王娟","南京师范大学计算机科学与技术学院,江苏省信息安全保密技术工程研究中心",team,二次划分和改进遗传算法的机器人路径规划
100224,"黎波,李磊民","西南科技大学信息工程学院,西南科技大学国防科技学院",team,博弈论的足球机器人进攻策略研究
100225,刘英卓,南京财经大学电子商务实验室,team,拟人机器人关节空间自适应H_∞位置跟踪控制
100226,"李夏,张云洲,徐开勇,范冠廷","郑州大学信息工程学院,东北大学信息科学与工程学院",team,基于无线传感器网络的机器人定位跟踪研究
100227,"赵学萍,汪剑鸣,刘海亭,魏志莲",天津工业大学信息与通信工程学院,team,室内机器人动态手势指令识别系统研究
100228,"李国栋,田国会,周风余,薛英花",山东大学控制科学与工程学院,team,利用平面单应分解实现服务机器人视觉伺服
100229,"厉虹,张甜",北京信息科技大学电气工程系,team,改进PSO在欠驱动机器人运动规划中的应用研究
100230,"安雷,张国良,汤文俊",第二炮兵工程学院301教研室,team,基于RSSI的机器人室内卡尔曼滤波定位算法研究
100231,"裴九芳,王海,许德章","安徽工程大学机械与汽车工程学院,先进数控和伺服驱动技术安徽省重点实验室",team,基于迭代学习控制的移动机器人轨迹跟踪控制
100232,"蔡建羡,奥顿","防灾科技学院防灾仪器系,北京工业大学电子信息与控制工程学院",team,模糊自适应在机器人行走平衡控制中的应用
100233,"王娟,吴宪祥,郭宝龙","空军工程大学电讯工程学院,西安电子科技大学机电工程学院智能控制与图像工程研究所",team,基于改进粒子群优化算法的移动机器人路径规划
100234,"何少佳,刘子扬",桂林电子科技大学机电工程学院,team,基于惯性蚁群算法的机器人路径规划
100235,"吴俊君,胡国生,朱克武","广东食品药品职业学院,华南理工大学机械与汽车工程学院",team,仿生机器人视觉导航研究分析
100236,"陈光明,曾碧,吕凌",广东工业大学计算机学院,team,一种动态窗口下改进的机器人路径规划
100237,"黄永龙,仲训昱",厦门大学信息科学与技术学院,team,基于改进速度障碍法的多机器人避碰规划算法
100238,"陈树斌,陈玮,李剑平",广东工业大学自动化学院,team,基于文化算法的家庭服务机器人任务规划
100239,"黄麟,奚茂龙,孙俊","无锡职业技术学院,江南大学物联网工程学院",team,改进QPSO算法的移动机器人轨迹跟踪控制方法
100240,"洪鹰,王乐",天津大学机械工程学院,team,基于嵌入式计算机的机器人示教器研究
100241,"姜香菊,刘二林","兰州交通大学自动化与电气工程学院,兰州交通大学机电工程学院",team,两轮自平衡机器人角度检测数据融合算法
100242,"曹洁,朱宁宁",兰州理工大学计算机与通信学院,team,动作预测在多机器人强化学习协作中的应用
100243,"李树荣,马慧超,矫德余","中国石油大学(华东)信息与控制工程学院,中国北车股份有限公司大连电力牵引研发中心",team,基于反步法的移动机器人鲁棒跟踪控制
100244,"董本志,任惠娟,任洪娥",东北林业大学信息与计算机工程学院,team,机器人视觉中障碍物刚柔性的判别方法
100245,"孙涛,师五喜",天津工业大学电气工程与自动化学院,team,加入临时路径的移动机器人路径跟踪模糊控制
100246,"杜中栋,田国会,周风余,刘志勇",山东大学控制科学与工程学院,team,服务机器人智能空间软件平台设计与实现——基于UPnP中间件技术
100247,曾现峰,"中国矿业大学 信息与电气工程学院,江苏联合职业技术学院 徐州机电工程分院",team,基于双层微粒群优化的机器人全局路径规划
100248,"张扬名,刘国荣","湘潭大学信息工程学院,湖南工程学院",team,一种新型的移动机器人轨迹跟踪控制方法
100249,"卢恩超,张万绪",西北大学信息科学与技术学院,team,复杂环境下改进APF的机器人路径规划
100250,"陈友辉,王耀南,肖赞,董潇健",湖南大学电气与信息工程学院,team,高压线路除冰机器人越障识别定位算法研究
100251,"李艳东,朱玲,孙明",齐齐哈尔大学计算机与控制工程学院,team,含驱动器动力学的移动机器人编队自适应控制
100252,"陈磊,张国良,张维平,敬斌",第二炮兵工程大学,team,双足机器人动态步态规划
100253,"王全,王维,李焱,刘大学",国防科学技术大学自动化研究所,team,基于混合策略的轮式机器人路径规划方法
100254,"胡启祥,瞿心昱",浙江交通职业技术学院机电学院,team,内部动机驱动的机器人未知环境在线自主学习
100255,"何志,谭建豪",湖南大学电气与信息工程学院控制科学与工程系,team,学习人类控制策略的双足机器人步态控制研究
100256,"郑小丽,杨唐胜,靳海洋,王立盛","湖南大学电气与信息工程学院,中国科学院深圳先进技术研究院",team,脊柱手术机器人
100257,"刘康克,熊亚洲,李刚,王建华","上海海事大学航运技术与控制工程交通行业重点实验室,上海电机学院",team,基于视觉图像的水面机器人波浪检测方法
100258,"吕战永,曹江涛",辽宁石油化工大学信息与控制工程学院,team,自反馈生物激励神经网络机器人路径规划
100259,"万晓凤,胡伟,方武义,郑博嘉",南昌大学信息工程学院,team,基于改进蚁群算法的机器人路径规划研究
100260,"李春光,刘国栋","江南大学物联网工程学院,常州工学院计算机信息工程学院",team,双足机器人自然ZMP轨迹生成方法研究
100261,"郭新年,白瑞林,王秀平,刘子腾",江南大学轻工过程先进控制教育部重点实验室,team,结构光视觉引导的焊接机器人系统自标定技术
100262,"李文波,王耀南",湖南大学电气与信息工程学院,team,基于神经网络补偿的机器人滑模变结构控制
100263,"金娟,王耀南",湖南大学电气与信息工程学院,team,基于模糊CMAC的移动机器人轨迹跟踪控制
100264,"贠今天,许立磊,桑宏强","天津市现代机电装备技术重点实验室,天津工业大学机械工程学院",team,遥操作机器人自适应模糊控制及跟踪性能研究
100265,"罗俊芝,杨万利,李红燕,刘艳霞",装甲兵工程学院基础部,team,两轮自平衡机器人的无源控制器设计
100266,"闫文才,白瑞林,刘子腾,李新,郭新年","江南大学轻工过程先进控制教育部重点实验室,信息与控制实验教学中心,无锡信捷电气有限公司",team,焊接机器人曲线焊缝的自动跟踪控制
100267,"李龙澍,方园",安徽大学计算智能与信号处理教育部重点实验室,team,Robocup3D仿真机器人球队决策系统模型研究
100268,"闫文才,李新,白瑞林","江南大学轻工过程先进控制教育部重点实验室,信息与控制实验教学中心,无锡信捷电气有限公司",team,串联机器人的双模糊自适应滑模控制
100269,"陆娜,路飞,张伟",山东大学控制科学与工程学院,team,用改进的JSHOP2规划器实现机器人多任务优化研究
100270,"王汐,周少武,曾照福,陈微,周游",湖南科技大学信息与电气工程学院,team,微小型群机器人室外组合定位系统与方法
100271,"王洪泉,师五喜,常绍平,修春波",天津工业大学电气工程及自动化学院,team,基于终端滑模机器人模糊自适应路径跟踪控制
100272,"贠今天,孟宪全,桑宏强,杨向红","天津市现代机电装备技术重点实验室,天津工业大学机械工程学院",team,实时上肢参数辨识的康复机器人力控制研究
100273,"曾明如,徐小勇,刘亮,罗浩,徐志敏",南昌大学信息工程学院,team,改进的势场蚁群算法的移动机器人路径规划
100274,"许凡,白瑞林,过志强,闫文才","江南大学轻工过程先进控制教育部重点实验室,信息与控制实验教学中心,无锡信捷电气有限公司",team,SCARA机器人模糊自适应滑模控制
100275,"苏学满,孙丽丽","安徽工程大学机械与汽车工程学院,安徽工程大学机器人产业技术研究院",team,矿井搜救探测机器人驱动系统最小能耗建模与影响因素分析
100276,"陈世明,丁贤达,化俞新",华东交通大学电气与电子工程学院,team,基于社团和多级拓扑的机器人群体编队算法
100277,"张杰,姬长英,顾宝兴,沈子尧,董芒",南京农业大学工学院,team,三自由度苹果采摘机器人本体设计
100278,"赵登步,白瑞林,李新","江南大学轻工过程先进控制教育部重点实验室,信息与控制实验教学中心,无锡信捷电气有限公司",team,SCARA机器人内模控制方法
100279,"雷霆,张国良,汤文俊,孙一杰",第二炮兵工程大学,team,不确定性自由漂浮空间机器人神经自适应控制
100280,"郑来芳,孙炜,欧阳明华,李飞",湖南大学电气与信息工程学院,team,结合光流和人工势场的风管机器人避障方法
100281,"王铭,王瑞,李晓娟,关永,张杰,魏洪兴","高可靠嵌入式系统技术北京市工程研究中心电子系统可靠性技术北京市重点实验室,首都师范大学信息工程学院,北京化工大学信息科学与技术学院,北京航空航天大学机械工程及自动化学院",team,非确定性环境中移动机器人避障策略的验证——基于形式化建模和概率分析
100282,"吕金秋,游晓明,刘升","上海工程技术大学电子电气工程学院,上海工程技术大学管理学院",team,机器人全局路径规划的混合蚁群系统算法
100283,"刘锴,游晓明,刘升","上海工程技术大学电子电气工程学院,上海工程技术大学管理工程学院",team,复杂环境移动机器人路径规划的改进蚁群算法
100284,"李连中,翟敬梅,何海洋",华南理工大学机械与汽车工程学院,team,机器人虚拟仿真及远程控制系统的研究及实现
100285,"何元烈,徐扣",广东工业大学计算机学院,team,欠驱动平面机器人逆运动学求解研究——粒子群优化神经网络算法求解
100286,"韩奉林,江晓磊,严宏志","中南大学高性能复杂制造国家重点实验室,中南大学机电工程学院",team,基于可测距平板工具的机器人TCP标定方法
100287,"高赢,张莹,闫璠,涂勇涛,张东波",湘潭大学信息工程学院机器人视觉感知与控制技术国家工程实验室,team,发动机瓦盖上料机器人研究
100288,"李庆香,赵晓飞","重庆文理学院软件工程学院,重庆文理学院经济管理学院",team,变邻域搜索算法求解机器人制造单元调度问题——排序依赖转换时间
100289,"王军华,李丁,刘盛鹏","上海大学通信与信息工程学院,公安部上海消防研究所",team,基于改进RANSAC的消防机器人双目障碍检测
100290,"应文杰,徐开,徐少平",南昌大学信息工程学院,team,羽毛球机器人机械臂运动轨迹多目标规划
100291,"桑宏强,陈发,刘芬,杨铖浩,许丽萍","天津工业大学机械工程学院,天津市现代机电装备技术重点实验室",team,钢丝绳传动机器人运动学的支路分析方法
100292,"李庆,郑力新,潘书万,张裕坤,谢一首",华侨大学工业智能化技术与系统福建省高校工程研究中心,team,使用单目视觉的移动机器人导航方法
100293,"熊志恒,闵华松",武汉科技大学冶金自动化与检测技术教育部工程研究中心,team,基于自然语言的分拣机器人解析器技术研究
100294,"谢宏,向启均,陈海滨,张小刚,杨鹏,张爱林,李云峰",湖南大学电气与信息工程学院自动化系,team,机器人逆运动学差分自适应混沌粒子群求解
100295,"田勇,王欢,张云峰","廊坊市人民防空办公室,北华航天工业学院科学技术处,北华航天工业学院计算机与遥感信息技术学院",team,一种优化的机器人室内场景定量分割识别方法
100296,"康代轲,陈明","同济大学机械与能源工程学院,同济大学中德工程学院",team,基于改进混沌搜索算法的机器人轨迹规划
100297,"郭文县,高晨曦,张智,张磊","哈尔滨工程大学自动化学院,哈尔滨工程大学经济管理学院",team,基于特征稀疏策略的室内机器人SLAM研究
100298,"李珣,刘丽,洪良,王晓华","西安工程大学电子信息学院,西安工程大学管理学院",team,移动机器人室内无源RFID定位方法及实现
100299,"李波,薛端,黄鑫",云南大学信息学院,team,云机器人系统研究综述
100300,"杨铖浩,桑宏强,刘芬,贠今天,陈发","天津工业大学机械工程学院,天津市现代机电装备技术重点实验室",team,具有震颤抑制的微创机器人主从控制系统设计
100301,"郑争光,任小洪,程亚军,常政威","四川理工学院自动化与信息工程学院,人工智能四川省重点实验室,四川电力科学研究院",team,未知环境下单目视觉移动机器人路径规划
100302,"李黎,尚俊云,冯艳丽,淮亚文",航天科技集团九院16所,team,关节型工业机器人轨迹规划研究综述
100303,"刘鹏飞,韩九强,段延礼,姚俊","西安交通大学电子与信息工程学院,西北工业学校,西北工业学校 陕西西安710049,陕西兴平713100",team,基于开放式控制器的机器人视觉伺服系统研究
100304,"孔令富,王月明,赵立强","燕山大学信息科学与工程学院,燕山大学信息科学与工程学院 河北秦皇岛066004,内蒙古科技大学理学院,内蒙古包头014010,河北职业技术师范学院数理系",team,并联机器人双目主动视觉目标定位的研究
100305,"陈修龙,赵永生,邓昱","山东科技大学机电学院,燕山大学机械工程学院,山东科技大学图书馆 山东青岛266510,河北秦皇岛066004",team,新型并联机器人坐标测量机误差建模与仿真
100306,"车阿大,王远","西北工业大学管理学院,西北工业大学管理学院 陕西西安710072",team,无等待多机器人制造单元调度模型和算法研究
100307,"史国振,孙汉旭,贾庆轩,郑一力,程时端","北京邮电大学计算机科学与技术学院,北京邮电大学自动化学院",team,空间机器人专用控制计算机体系结构研究
100308,"张均富,王杰,徐礼钜","四川大学制造科学与工程学院,西华大学机械工程与自动化学院",team,基于人工生命算法的并联机器人最优轨迹规划
100309,"王文玺,肖世德,孟祥印,陈应松,张卫华","西南交通大学机械工程学院,西南交通大学牵引动力国家重点实验室",team,基于递阶强化学习的自主机器人路径规划智能体
100310,"晏鹏宇,车阿大,李鹏,杨乃定",西北工业大学管理学院,team,具有柔性加工时间的机器人制造单元调度问题改进遗传算法
100311,"尹湘云,殷鹰,胡晓兵,殷国富",四川大学制造科学与工程学院,team,基于共面4点的机器人位姿求解及其不确定性分析
100312,"段艳宾,梁顺攀,李聪,赵永生",燕山大学机械工程学院,team,6-PUS/UPU并联机器人冗余驱动力控制仿真
100313,"梁捷,陈力,梁频","福州大学机械工程及自动化学院,福建省制造业数字化设计工程研究中心,中国空气动力研究与发展中心低速空气动力研究所",team,柔性臂空间机器人的神经网络自适应控制及振动模态分级模糊控制
100314,"单以才,何宁,李亮","南京信息职业技术学院机电学院,南京航空航天大学机电学院",team,机器人化螺旋铣孔运动的矢量建模与仿真
100315,"杨煜俊,龙传泽,陶宇",广东工业大学广东省计算机集成制造重点实验室,team,作业车间类型多机器人制造单元调度算法
100316,"韩金,陈国华,张爱军",北京化工大学机电工程学院,team,基于3D模型并行处理的机器人半实物仿真平台
100317,"周卫华,王班,郭吉丰","台州职业技术学院自动化研究所,浙江大学电气工程学院",team,四轮移动机器人直线运动下的力矩优化控制
100318,"郑坤明,张秋菊","江南大学机械工程学院,江苏省食品先进制造装备技术重点实验室",team,基于弹性动力学模型与遗传算法的Delta机器人模糊PID控制
100319,"徐立云,蔡炳杰,杨连生,李爱平","同济大学现代制造技术研究所,上海外高桥造船有限公司",team,复杂机器人工位布局与运动时间的协同优化
100320,"许勇,程浩,王鑫","上海工程技术大学机械工程学院,伟巴斯特车顶供暖系统(上海)有限公司研发部",team,阀体密封面变位焊接机器人系统运动学建模
100321,"陈友东,郭佳鑫,刘嘉蕾,陶永",北京航空航天大学机械工程及自动化学院,team,基于双高斯过程的协作机器人自适应策略
100322,"王万良,朱炎亮,王铮,屠海龙",浙江工业大学计算机科学与技术学院,team,基于空间金字塔和特征集成的智能机器人目标检测算法
100323,"张丹露,孙小勇,傅顺,郑彬","中国科学院大学计算机控制学院,中国科学院重庆绿色智能技术研究所,重庆德领科技有限公司",team,智能仓库中的多机器人协同路径规划方法
100324,"郑华栋,丛明,刘毅,董航,刘冬",大连理工大学机械工程学院,team,面向增材制造的机器人轨迹自动生成技术
100325,"王鸿鹏,洪炳熔,李华忠",哈尔滨工业大学计算机系!哈尔滨　150001,team,空间机器人的虚拟环境建模及其仿真
100326,"唐好选,洪炳熔",哈尔滨工业大学计算机系!黑龙江哈尔滨　150006,team,基于VR的空间机器人遥控操作仿真的研究
100327,"褚海涛,洪炳熔,高全胜,王月海",哈尔滨工业大学计算机科学与工程系!黑龙江 哈尔滨 150001,team,基于网络通讯的机器人足球比赛仿真系统
100328,"汤双清,Michel DUPAS","武汉水利电力大学 机械学院!湖北 宜昌 443002,Valenciennes University!France",team,串行通信在工业机器人控制中的应用
100329,"刘永红,杨毅,李庆云",石油大学机电系!山东东营257061,team,曲线孔电火花加工机器人实时动画仿真
100330,"刘传才,杨静宇","福州大学计算机科学与技术系,南京理工大学计算机科学与工程系 福建福州350002,江苏南京210094",team,智能机器人的自适应自主Agents的建模
100331,"孟伟,洪炳熔,韩学东","哈尔滨工业大学计算机系智能机器人研究室,哈尔滨工业大学计算机系智能机器人研究室 黑龙江哈尔滨150001",team,强化学习在机器人足球比赛中的应用
100332,"汤双清,付建科,施仲光,廖道训","华中科技大学机械学院,三峡大学机械学院,华中科技大学机械学院 湖北武汉430074,湖北宜昌443002",team,基于Internet的工业机器人的远程控制
100333,"屈彦呈,王常虹,庄显义","哈尔滨工业大学控制科学与工程系,哈尔滨工业大学控制科学与工程系 黑龙江哈尔滨150001",team,一种通用的视觉机器人体系结构
100334,"金飞虎,洪炳熔,柳长安,高庆吉","哈尔滨工业大学计算机学院,哈尔滨工业大学计算机学院 黑龙江哈尔滨150001",team,自由飞行空间机器人地面实验平台网络系统
100335,"马力波,黄席樾,陈东义,何传江","重庆大学自动化学院,重庆大学自动化学院 重庆400044贵州广播电视大学理工教学部,贵州贵阳550004,重庆400044",team,基于网络远程机器人学的人-机接口界面分析研究
100336,"吴宏途,严闪","福建师范大学,福建师范大学 福建福州350007",team,网络机器人远程控制系统的设计与实现
100337,"谷学静,石志国,王志良","北京科技大学信息工程学院,北京科技大学信息工程学院 北京100083",team,基于BDI Agent技术的情感机器人语音识别技术研究
100338,"梁冰,洪炳熔","哈尔滨工业大学计算机信息科学系,哈尔滨工业大学计算机信息科学系 黑龙江哈尔滨150001",team,FIRA’2001全自主式机器人竞赛系统
100339,"林晋,柳长安,吴克河,徐燕,刘克勤","华北电力大学计算机科学与技术系,华北电力大学计算机科学与技术系 北京102206",team,机器人仿真通用试验平台的设计与实现
100340,"贺继林,王春香,杨汝清,田华阁","上海交通大学机器人研究所,中国石油华北石化分公司 上海200030,河北任丘062552",team,基于信息融合的娱乐机器人目标识别
100341,"凌凤琪,柳长安,鲍国超","华北电力大学计算机科学与技术系,华北电力大学计算机科学与技术系 北京102206",team,机器人足球仿真比赛中碰撞后行为的研究
100342,"李淑琴,唐振民,赵春霞,杨静宇","南京理工大学计算机系,南京理工大学计算机系 江苏南京210094",team,一种基于多智能体系统的机器人群组织形式
100343,"宋道金,李宏涛,李彩虹,肖爱梅","山东理工大学计算机学院,山东省科学院,山东理工大学计算机学院 山东淄博255091,山东济南250014",team,基于混沌控制的移动机器人的路径规划
100344,"顿文力,孟庆春,庄晓东","中国海洋大学计算机科学系,中国海洋大学计算机科学系 山东青岛266071,山东青岛266071清华大学智能技术与系统国家重点实验室北京100084",team,对抗性多机器人系统对手建模的研究
100345,"马雪英,何臻峰,林兰芬","浙江财经学院信息管理系,浙江大学计算机科学系,浙江大学计算机科学系 浙江 杭州 310012,浙江 杭州 310027",team,人工智能技术在机器人运动规划中的应用
100346,"曹自洋,郝矿荣","郑州工程学院机电工程系,东华大学信息学院 河南 郑州 450052,上海 201103",team,OpenGL在机器人三维动态仿真系统中的应用
100347,"刘永,王克鸿,杨静宇","南京理工大学材料系,南京理工大学计算机系 江苏南京210094南京理工大学计算机系江苏南京210094,江苏南京210094",team,IGM弧焊机器人工作站三维造型与仿真
100348,"赵丽媛,柳长安","华北电力大学计算机科学与技术系,华北电力大学计算机科学与技术系 北京102206",team,自由飞行空间机器人仿真试验平台的设计与实现
100349,"张友,栾楠,刘宝生","上海交通大学机器人研究所,上海交通大学机器人研究所 上海200030",team,XML在机器人远程控制中的应用
100350,"李彩虹,李贻斌","山东大学控制科学与工程学院,山东大学控制科学与工程学院 山东济南250061 山东理工大学计算机科学与技术学院,山东淄博255049",team,移动机器人运动路径的搜索策略
100351,"曹成才,姚进,王强","四川大学制造科学与工程学院,四川大学制造科学与工程学院 四川成都610065",team,基于几何法的移动机器人路径规划
100352,"刘玲,王耀南,况菲,张辉","湖南大学智能自动化重点实验室,湖南大学智能自动化重点实验室 湖南长沙410082",team,基于神经网络和遗传算法的移动机器人路径规划
100353,"赵先章,常红星,曾隽芳,高一波","中国科学院自动化研究所,中国科学院自动化研究所 北京100080",team,一种基于粒子群算法的移动机器人路径规划方法
100354,"王东署,迟健男","郑州大学 电气工程学院,北京科技大学 信息工程学院 郑州450001,北京100083",team,机器人运动学标定综述
100355,"张平,杨时杰,梁斌","华南理工大学 计算机科学与工程学院,哈尔滨工业大学 深圳研究院 广州 510640,广东 深圳 518057",team,基于Java 3D的空间机器人运动仿真系统
100356,"郝宗波,洪炳镕,黄庆成","哈尔滨工业大学计算机科学与技术学院,哈尔滨工业大学计算机科学与技术学院 哈尔滨150001",team,基于栅格地图的机器人覆盖路径规划研究
100357,"朱法强,尹怡欣","北京科技大学信息工程学院,北京科技大学信息工程学院 北京100083",team,一种引入通信的多移动机器人编队方法
100358,"于金霞,蔡自兴,段琢华","河南理工大学计算机科学与技术学院,中南大学信息科学与工程学院,中南大学信息科学与工程学院 河南焦作454003,长沙410083,韶关学院计算机科学系,广东韶关512003",team,基于粒子滤波的移动机器人定位关键技术研究综述
100359,"张幼明,尹怡欣","北京科技大学信息工程学院,北京科技大学信息工程学院 北京100083",team,基于非线性函数的移动机器人模糊避障算法
100360,"谭冠政,刘关俊","中南大学信息科学与工程学院,中南大学信息科学与工程学院 长沙410083",team,基于粒子群算法的移动机器人全局最优路径规划
100361,"王东署,张文丙","郑州大学电气工程学院,郑州大学电气工程学院 郑州450001",team,机器人计算力矩不确定性的神经网络补偿控制
100362,"宋洪军,马昕,李贻斌,贾磊","山东大学控制科学与工程学院机器人中心,山东大学控制科学与工程学院机器人中心 济南250061",team,基于OpenGL的教育机器人软件系统设计与实现
100363,"张捍东,张永强","安徽工业大学电气信息学院,安徽工业大学计算机学院 安徽马鞍山243002,安徽马鞍山243002河北科技大学信息科学与工程学院,石家庄050018",team,多移动机器人路径规划仿真平台研究
100364,"宋洪军,李贻斌,周风余,贾磊","山东大学控制科学与工程学院机器人中心,山东大学控制科学与工程学院机器人中心 济南250061",team,基于中间件的工业机器人软件框架的研究和应用
100365,"慕延华,尹怡欣","北京科技大学信息工程学院,北京科技大学信息工程学院 北京100083,山东工商学院信息与电子工程学院,山东烟台264005",team,任务导向的仿人机器人体系结构设计
100366,"薛晗,陶溢,马宏绪","国防科学技术大学机电工程与自动化学院,国防科学技术大学机电工程与自动化学院 长沙410073,解放军武汉军械士官学校,武汉430075",team,基于无线传感器网络的未知环境下移动机器人实时路径规划
100367,"李雪,贺昱曜,闫茂德","长安大学电子与控制工程学院,长安大学电子与控制工程学院 西安710064",team,基于核方法的移动机器人远程控制时延预测与分析
100368,"张亚鸣,雷小宇,杨胜跃,樊晓平,瞿志华,贾占朝",中南大学信息科学与工程学院,team,多机器人路径规划研究方法
100369,"庞永杰,唐旭东",哈尔滨工程大学船舶工程学院,team,改进人工免疫算法在水下机器人运动控制中的应用研究
100370,"刘庆波,余跃庆,苏丽颖",北京工业大学机电学院,team,一种基于遗传算法的欠驱动机器人避障运动规划新方法
100371,"张恒,刘艳丽,樊晓平,瞿志华","华东交通大学信息工程学院,中南大学信息科学与工程学院",team,基于固定滞后Gibbs采样粒子滤波的移动机器人SLAM
100372,"李华忠,梁永生,洪炳熔","深圳信息职业技术学院软件工程系,哈尔滨工业大学计算机科学与工程系",team,基于虚拟现实的无时延感空间机器人遥控操作研究
100373,"阮晓钢,任红格",北京工业大学电子信息与控制工程学院,team,两轮自平衡机器人动力学建模及其平衡控制
100374,"黎萍,杨宜民,练家乐",广东工业大学自动化学院,team,基于效用函数的多机器人系统任务分配
100375,"潘薇,蔡自兴,陈白帆",中南大学信息科学与工程学院,team,基于遗传算法的多机器人协作建图方法
100376,"余伶俐,蔡自兴",中南大学信息科学与工程学院,team,基于当代学习离散粒子群算法的多机器人任务分配
100377,"任孝平,蔡自兴,卢薇薇",中南大学信息科学与工程学院,team,网络可重构的多机器人仿真系统
100378,"张洪宇,徐昕,张鹏程,刘春明,宋金泽",国防科学技术大学机电工程与自动化学院自动化所,team,双轮驱动移动机器人的学习控制器设计方法
100379,"房芳,马旭东,戴先中",东南大学自动化学院复杂工程系统测量与控制教育部重点实验室,team,基于声纳传感器的移动机器人地图创建方法研究
100380,"袁湘鹏,蔡自兴,刘利枚",中南大学信息科学与工程学院,team,基于声纳的移动机器人环境建图的设计与实现
100381,"徐海伟,殷波,徐涛","中国海洋大学信息学院电子系,中国海洋大学信息学院计算机系",team,基于模糊自适应卡尔曼滤波的移动机器人定位方法
100382,"邹磊,蔡自兴,任孝平",中南大学信息科学与工程学院,team,基于簇的多移动机器人通信系统
100383,"刘玉芹,符秀辉,曹景兴","沈阳化工学院信息工程学院,中国科学院沈阳自动化研究所,沈阳新松机器人有限公司",team,基于证据理论的虚拟力机器人网络控制
100384,"杨晶东,杨敬辉,洪炳镕","上海理工大学光电信息与计算机工程学院,哈尔滨工业大学计算机科学与工程学院,上海第二工业大学经济管理学院",team,移动机器人视觉图像特征提取与匹配算法
100385,"陈涛,张明路,付灵丽","河北工业大学机械工程学院,河北工业大学计算机科学与软件学院",team,移动机器人空间声源目标定位
100386,"张恒,刘艳丽,孙晋",华东交通大学信息工程学院,team,不完整地图中移动机器人蒙特卡罗定位研究
100387,"严乔,金连文",华南理工大学电子与信息学院,team,一种基于WiFi无线网络具有认字功能的家庭教育机器人
100388,"吴培良,孔令富,赵逢达",燕山大学信息科学与工程学院,team,一种服务机器人家庭全息地图构建方法研究
100389,"柯文德,蔡则苏,李家兰","茂名学院计算机科学与技术系,哈尔滨工业大学计算机科学与技术学院",team,机器人同时定位与地图构建技术研究
100390,"陈建平,苑召国,杨宜民","广东工业大学自动化学院,肇庆学院计算机学院",team,基于机器人效用函数的多机器人系统任务分配
100391,"胡喜玲,国海涛",鲁东大学信息科学与工程学院,team,基于正反馈自适应遗传算法的机器人路径滚动规划
100392,"蒲兴成,张军,张毅","重庆邮电大学数理学院,重庆邮电大学自动化学院",team,基于时变适应度函数的改进粒子群算法及其在移动机器人路径规划中的应用
100393,"王浩,年士瑞,方宝富,王国庆,韩无盐",合肥工业大学计算机与信息学院,team,基于约束满足的多目标双足机器人动态步态参数优化
100394,"党培,谭云福,申利民",燕山大学信息科学与工程学院,team,基于多关节机器人的能量最小消耗控制策略
100395,"柯文德,蔡则苏,彭志平,钟秋波,朴松昊","广东石油化工学院计算机科学与技术系,哈尔滨工业大学计算机科学与技术学院",team,一种混合路径规划方法在轮式机器人中的应用
100396,"张毅,赵黎明,罗元",重庆邮电大学智能系统及机器人研究所,team,基于MIEKF的移动机器人同时定位与地图构建研究
100397,"钟珊,常晋义,刘一松,殷旭东","常熟理工学院计算机科学与工程学院,江苏大学计算机科学与通信工程学院",team,FCRP网:机器人规划的赋时有色网实现
100398,"侯敬巍,赵丁选,巩明德,崔玉鑫",吉林大学机械科学与工程学院,team,遥操作机器人的新型力反馈算法
100399,"曾健平,王保同,谢海情",湖南大学物理与微电子科学学院,team,自主移动机器人定位系统中Kalman滤波算法改进
100400,"姜莹,白保东,王硕玉,郭金玉","沈阳工业大学电气工程学院,沈阳化工大学信息工程学院,高知工科大学智能机械研究室",team,一种全方位移动型下肢康复机器人鲁棒跟踪控制研究
100401,"朱效洲,李宇波,卢惠民,张辉",国防科学技术大学机电工程与自动化学院,team,基于视觉的移动机器人可通行区域识别研究综述
100402,"李彩虹,李贻斌,王凤英,赵磊","山东理工大学计算机科学与技术学院,山东大学控制科学与工程学院",team,移动机器人自适应行为选择的混沌特性分析
100403,"韩震峰,刘刚峰,赵杰",哈尔滨工业大学机器人技术与系统国家重点实验室,team,面向光流分析的机器人红外视觉图像对预处理
100404,"王梅,王叶婷,屠大维,江济良,张国栋",上海大学机电工程与自动化学院,team,基于混合势场法的移动机器人路径规划
100405,"樊帅权,周波,孟正大,戴先中","东南大学复杂工程系统测量与控制教育部重点实验室,东南大学自动化学院",team,基于分布估计算法的喷涂机器人路径组合优化
100406,"张扬名,刘国荣,兰永红","湘潭大学信息工程学院,湖南工程学院",team,一种改进的移动机器人轨迹跟踪迭代学习方法
100407,"阎静,曾建潮,张国有",太原科技大学计算机科学与技术学院复杂系统与计算智能实验室,team,基于劳动分工的群机器人地图创建探索策略研究
100408,"王军红,江虹,黄玉清,伍晓利","西南科技大学信息工程学院,中国工程物理研究院核物理与化学研究所",team,基于RPkNN-Sarsa(λ)强化学习的机器人路径规划方法
100409,"闵伟伟,刘国栋,莫栋成",江南大学物联网工程学院教育部重点实验室,team,基于环境分层方法的双足机器人路径规划研究
100410,"高扬,胡大伟,王来军,杨京帅",长安大学汽车学院,team,一种基于假设检验的机器人所处区域类型识别方法
100411,"李宪华,郭永存,张军,郭帅","安徽理工大学机械工程学院,上海大学CIMS&机器人中心",team,基于MATLAB的模块化机器人手臂运动学算法验证及运动仿真
100412,"尹俊明,李宏凯,戴振东","南京航空航天大学仿生结构与材料防护研究所,南京航空航天大学自动化学院",team,基于RBF-Q学习的四足机器人运动协调控制
100413,"柯文德,彭志平,蔡则苏,陈珂","广东石油化工学院计算机科学与技术系,哈尔滨工业大学计算机科学与技术学院",team,仿人机器人相似性运动研究进展
100414,"王开宇,夏桂华,朱齐丹,夏国清,吴迪",哈尔滨工程大学自动化学院,team,基于EKF的全景视觉机器人SLAM算法
100415,"邓文红,李龙,蔡洪斌","西南交通大学智能控制开发中心,电子科技大学计算机科学与工程学院",team,三维虚拟机器人运动仿真系统设计
100416,"柏继云,李士勇","哈尔滨工业大学控制科学与工程系,东北农业大学理学院",team,基于agent的蚁群觅食行为建模及在机器人路径规划问题中的应用
100417,"张瑞海,王淑营","西南交通大学CADI工程中心,四川成焊宝玛焊接装备工程有限公司",team,基于机器人三维模拟仿真的焊接生产线柔性主拼技术研究
100418,"应再恩,李正洋,平雪良,蒋毅,刘开明",江南大学机械工程学院,team,基于双目视觉动态跟踪的机器人标定
100419,"弋英民,黄莹",西安理工大学自动化与信息工程学院,team,交互式多模型算法的MT-R机器人视觉跟踪
100420,"黄诚,刘华平,沈昱明","上海理工大学光电信息与计算机工程学院,清华大学,清华大学计算机科学与技术系",team,基于主动视觉的空间机器人遥操作系统
100421,"张恒,刘艳丽,刘大勇",华东交通大学信息工程学院,team,云机器人的研究进展
100422,"朱霞,陈仁文,夏桦康,章飘艳","南京航空航天大学机械结构力学及控制国家重点实验室,淮阴工学院电子与电气工程学院",team,智能机器人水果采摘识别系统设计
100423,"李华忠,梁永生,但唐仁",深圳信息职业技术学院软件学院,team,仿人机器人手臂抓取运动规划广义逆RRT算法
100424,"潘桂彬,刘国栋,张世龙",江南大学物联网工程学院教育部重点实验室,team,改进的混合蛙跳移动机器人路径规划算法
100425,"蒋科辉,杨慧民,樊小平","湖南女子学院应用数学与智能信息处理研究所,湖南工程学院工程训练中心,中南大学信息工程学院",team,基于通用即插即用的服务监控机器人在智能家居中的应用
100426,"黄亮,段渭军,王福豹,严国强,马超","中国电子科技集团公司第28研究所,西北工业大学电子信息学院",team,战场地面多任务移动机器人网络系统研究
100427,"张毅,程铁凤,罗元,傅有力",重庆邮电大学信息无障碍研发中心,team,鲁棒的机器人粒子滤波即时定位与地图构建的实现
100428,"王科俊,杜同春",哈尔滨工程大学自动化学院,team,基于改进的主动逻辑与元认知环的机器人常识推理的研究
100429,"董永峰,王安娜,周艳聪,顾军华","河北工业大学计算机科学与软件学院,河北工业大学河北省大数据计算重点实验室,天津商业大学信息工程学院",team,一种新的基于RFID的室内移动机器人自定位方法研究
100430,"邓先瑞,聂雪媛,刘国平","唐山师范学院计算机科学系,中国科学院力学研究所,哈尔滨工业大学航空学院",team,WSNs下移动机器人HuberM-CKF离散滤波定位
100431,"孔庆艳,袁杰,郭俊辉","新疆大学电气工程学院,上海送变电工程公司",team,自主式追踪机器人终端行为的Petri网建模
100432,"梁娟,赵开新,陈伟","河南工学院计算机科学与技术系,武汉理工大学自动化学院",team,自适应神经模糊推理结合PID控制的并联机器人控制方法
100433,"祝毅鸣,张波,刘莹","郑州大学西亚斯国际学院,兰州大学信息工程学院",team,自适应缓冲控制的移动机器人分布式多跳路由算法
100434,"王颖,张波","郑州大学西亚斯国际学院,厦门大学软件学院",team,传感器网络中利用反演集合估计的机器人定位方法
100435,"盛进源,刘宜成,张欢庆,张涛","四川大学电气信息学院,清华大学自动化系",team,双臂空间机器人的避自碰轨迹规划研究
100436,"王权,胡越黎,张贺","上海大学机电工程与自动化学院,上海市电站自动化技术重点实验室,上海大学微电子研究与开发中心",team,基于ROS与Kinect的移动机器人同时定位与地图构建
100437,"周亚丽,张奇志",北京信息科技大学自动化学院,team,基于脉冲推力的半被动双足机器人无模型神经网络控制
100438,"陈果,刘金根,韩世鹏","武汉理工大学光纤传感技术与信息处理教育部重点实验室,中国科学院深圳先进技术研究院中科院健康信息学重点实验室",team,基于导管机器人的变论域模糊PID控制研究
100439,"刘军梅,龚朝晖,侯运锋",上海理工大学光电信息与计算机工程学院,team,一种适用于多机器人搜索动态目标的改进粒子群算法
100440,"马飞,贾瑞清,宋涛,牛世琛",中国矿业大学(北京)机电与信息工程学院,team,基于Qt和Ogre3D的机器人学坐标变换虚拟实验室
100441,"曾俊宝,李硕,刘鑫宇,李一平,王晓辉","中国科学院沈阳自动化研究所机器人学国家重点实验室,中国科学院大学",team,便携式自主水下机器人动力学建模方法研究
100442,"徐风尧,王恒升","中南大学机电工程学院,高性能复杂制造国家重点实验室",team,移动机器人导航中的楼道场景语义分割
100443,"王寻羽,朱淼良",浙江大学计算机科学系!杭州310027,team,智能机器人的分布式虚拟环境研究
100444,"王洪燕,杨敬安,蒋培",合肥工业大学人工智能研究所!合肥230009,team,基于神经网络的进化机器人组合行为方法研究
100445,"王月海,洪炳镕","哈尔滨工业大学计算机科学与技术系,哈尔滨工业大学计算机科学与技术系 哈尔滨150001",team,快速收敛的机器人部队任意队形分布式控制算法
100446,"郭琦,洪炳熔","哈尔滨工业大学计算机科学与工程学院,哈尔滨工业大学计算机科学与工程学院 哈尔滨150001",team,用小波插值方法实现移动机器人的轨迹追踪控制
100447,"施华,陈一民,李超","上海大学计算机工程与科学学院,上海大学计算机工程与科学学院 上海200072",team,机器人控制器核心设备的实时性研究
100448,"王醒策,张汝波,顾国昌","哈尔滨工程大学计算机科学与技术学院,哈尔滨工程大学计算机科学与技术学院 哈尔滨150001,中国科学院沈阳自动化研究所机器人学重点实验室沈阳110015",team,多机器人动态编队的强化学习算法研究
100449,"吴庆祥,严闪,黄晞,陈振荣","福建师范大学实验中心,福建师范大学实验中心 福州350007",team,可移动机器人在中心对称环境中的自定位算法
100450,"胡凌云,孙增圻","清华大学计算机科学与技术系智能技术与系统国家重点实验室,清华大学计算机科学与技术系智能技术与系统国家重点实验室 北京100084",team,双足机器人步态控制研究方法综述
100451,"孟伟,黄庆成,韩学东,洪炳镕","哈尔滨工业大学计算机科学与技术学院,哈尔滨工业大学计算机科学与技术学院 哈尔滨150001",team,一种动态未知环境中自主机器人的导航方法
100452,"黄庆成,洪炳熔,厉茂海,罗荣华","哈尔滨工业大学计算机科学与技术学院,华南理工大学计算机科学与工程学院 哈尔滨150001,广州510640",team,基于主动环形闭合约束的移动机器人分层同时定位和地图创建
100453,"张世辉,孔令富,冯亮","燕山大学信息科学与工程学院,燕山大学信息科学与工程学院 秦皇岛066004",team,改进的Hestenes SVD方法及其并行计算和在并联机器人中的应用
100454,"李鹏,黄心汉,王敏",华中科技大学控制科学与工程系,team,基于混合DSm模型的多机器人地图构建
100455,"邵杰,杨静宇,万鸣华,黄传波",南京理工大学计算机学院,team,基于学习分类器的多机器人路径规划收敛性研究
100456,"王险峰,洪炳镕,朴松昊,钟秋波",哈尔滨工业大学计算机科学与技术学院,team,一种仿人机器人跑步状态分析模型
100457,"蔡云飞,唐振民,赵春霞",南京理工大学计算机科学与技术学院,team,一种改进的多机器人协作实时FastSLAM算法
100458,"王险峰,李建平,王辉",东北石油大学计算机与信息技术学院,team,基于ZMP的仿人机器人跑步运动模式
100459,"冯翔,马美怡,施尹,虞慧群",华东理工大学信息科学与工程学院,team,基于社会群体搜索算法的机器人路径规划
100460,"朱淼良,张新晖,王寻羽,唐文彬",浙江大学人工智能研究所!杭州310027,team,基于自组织结构的自主智能机器人集成系统
100461,"褚海涛,洪炳熔","哈尔滨工业大学计算机科学与工程系,哈尔滨工业大学计算机科学与工程系 黑龙江哈尔滨150001",team,基于动作选择级的多机器人协作(英文)
100462,"刘涛,王淑灵,詹乃军",计算机科学国家重点实验室(中国科学院软件研究所),team,多机器人路径规划的安全性验证
100463,"梁冰,洪炳镕,曙光","哈尔滨工业大学计算机科学与技术学院,哈尔滨工业大学计算机科学与技术学院 黑龙江哈尔滨150001,黑龙江哈尔滨150001哈尔滨理工大学计算机学院",team,基于视觉与行为模型的机器人目标跟踪
100464,"李莹莹,刘云辉,樊玮虹,蔡宣平,李波","国防科学技术大学电子科学与工程学院,香港中文大学自动化与辅助工程系,空军工程大学电讯工程学院 湖南长沙410073,陕西西安710077",team,基于移动通信网络的机器人遥操作
100465,"余杨,闵富红,倪晓武,张宏超","南京理工大学信息物理与工程系,南京师范大学电气与自动化工程学院",team,猎人机器人通信跟瞄理论和系统研究
100466,"张泽明,罗文坚,王煦法","中国科学技术大学计算机科学技术系,中国科学技术大学计算机科学技术系 合肥230027",team,基于免疫进化非选择机制的移动机器人路径规划算法研究
100467,"方斌,丑武胜,董明杰,马鑫,郭晓旗",北京航空航天大学机器人研究所,team,基于概率迭代匹配的水下机器人定位算法
100468,"吴耀,王田苗,王晓刚,刘淼",北京航空航天大学机械工程及自动化学院,team,基于自适应卡尔曼滤波的侧滑移动机器人运动模型估计
100469,"王肖锋,张明路,刘军","河北工业大学机械工程学院,天津市先进机电系统设计与智能控制重点实验室",team,基于增量式双向主成分分析的机器人感知学习方法研究
100470,"郭琦,洪炳镕,吴葳","哈尔滨工业大学计算机科学与工程学院,智能机器人研究室,智能机器人研究室 黑龙江哈尔滨150001",team,双臂六自由度空间机器人广义雅可比矩阵的推导
100471,"钱徽,吴春明,朱淼良","浙江大学计算机学院,浙江大学计算机学院 浙江杭州310027",team,基于可重构体系的多机器人共享模块剩余能力估计
100472,"厉茂海,洪炳熔,蔡则苏","哈尔滨工业大学计算机科学与技术学院,哈尔滨工业大学计算机科学与技术学院 黑龙江哈尔滨150001",team,一种新的移动机器人全局定位算法
100473,"周兰凤,洪炳熔","哈尔滨工业大学计算机科学与技术学院,哈尔滨工业大学计算机科学与技术学院 山东威海264209",team,用基于知识的遗传算法实现移动机器人路径规划
100474,"郝宗波,洪炳熔","哈尔滨工业大学计算机科学与技术学院,哈尔滨工业大学计算机科学与技术学院 黑龙江哈尔滨150001",team,未知环境下基于传感器的移动机器人路径规划
100475,"王玲,邵金鑫,万建伟,刘云辉","国防科技大学电子科学与工程学院,国防科技大学电子科学与工程学院 湖南长沙410073,香港中文大学自动化与计算机辅助工程系,中国香港",team,多机器人定位中基于熵的分布式观测量选择方法
100476,"高庆吉,雷亚莉,胡丹丹,于咏生","中国民航大学机器人研究所,中国民航大学机器人研究所 天津 300300 天津市智能信号与图象处理重点实验室,天津 300300 西北电力设计院,陕西西安 710032",team,基于自适应感知复位算法的移动机器人定位
100477,"刘贞,丁明理,王祁",哈尔滨工业大学自动化测试与控制系,team,WSN多节点决策信息融合在机器人自主导航中的应用
100478,"陈凤东,洪炳镕","哈尔滨工业大学电气工程与自动化学院,哈尔滨工业大学计算机科学与技术学院",team,基于特征地图的移动机器人全局定位与自主泊位方法
100479,"弋英民,刘丁",西安理工大学自动化与信息工程学院,team,有色过程噪声下的轮式机器人同步定位与地图构建
100480,"刘春阳,谭应清,柳长安,马莹巍","华北电力大学控制与计算机工程学院,北京科技大学信息工程学院",team,多智能体强化学习在足球机器人中的研究与应用
100481,"曹政才,温金涛,吴启迪","北京化工大学信息科学与技术学院,同济大学嵌入式系统与服务计算教育部重点实验室",team,未知环境下一种移动机器人实时最优路径规划方法研究
100482,"黄庆成,罗荣华","哈尔滨工业大学计算机科学与技术学院,华南理工大学计算机科学与工程学院",team,一种多移动机器人主动协同定位方法的研究
100483,"李珺,潘启树,周浦城,洪炳镕","东北林业大学机电工程学院,哈尔滨工业大学计算机科学与技术学院,解放军炮兵学院信息工程系",team,未知环境下多机器人协作追捕算法
100484,"曹政才,赵应涛,吴启迪","北京化工大学信息科学与技术学院,同济大学嵌入式系统与服务计算教育部重点实验室",team,基于Backstepping和神经动力学的非完整移动机器人点镇定
100485,"陈卫东,朱奇光",燕山大学信息学院,team,基于模糊算法的移动机器人路径规划
100486,"柳长安,鄢小虎,刘春阳,吴华",华北电力大学控制与计算机工程学院,team,基于改进蚁群算法的移动机器人动态路径规划方法
100487,"胡俊,朱庆保","南京师范大学数学科学学院,江苏省信息安全保密技术工程研究中心,南京师范大学计算机科学学院",team,基于动态预测目标轨迹和围捕点的多机器人围捕算法
100488,"曹政才,赵应涛,付宜利","北京化工大学信息科学与技术学院,哈尔滨工业大学机器人技术与系统国家重点实验室",team,车式移动机器人轨迹跟踪控制方法
100489,"钟秋波,朴松昊,杨滨","宁波工程学院电子与信息工程学院,哈尔滨工业大学计算机科学与技术学院,中国船舶重工集团公司第703研究所",team,基于参数优化的类机器人运动规划研究
100490,"徐晓晴,朱庆保","南京师范大学计算机科学与技术学院,江苏省信息安全保密技术工程研究中心",team,动态环境下基于多人工鱼群算法和避碰规则库的机器人路径规划
100491,"江济良,屠大维,许烁,赵其杰","上海大学机电工程与自动化学院,上海市机械自动化及机器人重点实验室",team,基于生物触角的仿生条件反射机器人导航算法
100492,"刘国荣,张扬名","湘潭大学信息工程学院,湖南工程学院",team,移动机器人轨迹跟踪的模糊PID-P型迭代学习控制
100493,"巩敦卫,戚成亮,张勇,胡滢",中国矿业大学信息与电气工程学院,team,基于多微粒群优化的机器人气味源定位
100494,"张勇,巩敦卫,胡滢,张建化",中国矿业大学信息与电气工程学院,team,室内噪声环境下气味源的多机器人微粒群搜索方法
100495,"张红强,章兢,周少武,曾照福,吴亮红","湖南大学电气与信息工程学院,湖南科技大学信息与电气工程学院",team,基于简化虚拟受力模型的未知复杂环境下群机器人围捕
100496,"钱夔,宋爱国",东南大学仪器科学与工程学院,team,一种改进型机器人仿生认知神经网络
100497,"许烁,王阳,孙成恺","上海大学机电工程与自动化学院,上海市智能制造及机器人重点实验室",team,模块化可重构服务机器人群的任务规划
100498,"曹少中,赵伟",北京印刷学院高端印刷装备信号与信息处理北京市重点实验室,team,球型机器人状态方程直接积分解法
100499,"王保防,张瑞雷,郭健,陈庆伟",南京理工大学自动化学院,team,纵向打滑状态下的轮式移动机器人编队控制
100500,"龚道雄,何睿,左国玉,于建均","北京工业大学信息学部自动化学院,计算智能与智能系统北京市重点实验室",team,轮椅机器人异构主从臂关节空间中的运动映射研究
100501,"李壮举,梅杰,曹少中,赵伟","北京建筑大学电信学院,北京印刷学院高端印刷装备信号与信息处理北京市重点实验室",team,多信息融合精密装配机器人建模与控制方法研究
100502,"杨农林,吴刚","华中理工大学交通学院智能机械与控制研究所!武汉,430074",team,机器人遥控作业系统视景数据库的面向对象设计
100503,"王常武,韩佩富,孔令富,黄真,赵立强","燕山大学信息科学与工程学院!秦皇岛066004,河北农业技术师院基础部!昌黎066600",team,6-DOF并联机器人逆运动模型高效算法及其并行处理
100504,"姜成志,叶明凤,顾泽元","黑龙江科技学院计算机与信息工程系,黑龙江科技学院计算机与信息工程系 鸡西 158105",team,基于决策树学习的智能机器人控制方法
100505,"于波,刘荣,张厚祥,宗光华","北京航空航天大学机器人研究所,北京航空航天大学机器人研究所 北京 100083",team,超高层吊篮式幕墙清洗机器人控制系统的开发
100506,"黄薇,陈一民,陆斌华,郭坚","上海大学计算机工程与科学学院,上海大学计算机工程与科学学院 上海200072",team,机器人远程控制视频传输的实时性问题解决策略
100507,"马志强,陈一民,汪地","上海大学计算机工程与科学学院,上海大学计算机工程与科学学院 上海 200072",team,面向对象的机器人仿真与监控系统
100508,"林雄,郑千里,黄槐仁,刘煜","琼州大学,琼州大学 海南五指山572200",team,基于FPGAs的智能机器人导航系统
100509,"符海东,王中伟","武汉科技大学计算机科学与技术学院,武汉科技大学计算机科学与技术学院 湖北武汉430081",team,实用的机器人足球角色分配算法设计
100510,"邱寄帆,王海春,唐斌,王灼","成都航空职业技术学院计算机系,电子科技大学电子工程学院,成都航空职业技术学院计算机系 四川成都610021,四川成都610054",team,轮式机器人立体视觉平台的设计与实现
100511,"潘峥嵘,杜宝强,王树东,徐猛","兰州理工大学电气与信息工程学院,兰州理工大学电气与信息工程学院 甘肃兰州730050",team,基于CPLD的彩色视觉移动机器人路径跟踪系统
100512,"陈琦,张世辉,孔令富","燕山大学信息科学与工程学院,燕山大学信息科学与工程学院 河北秦皇岛066004",team,并联机器人曲面汉字雕刻刀路规划算法研究
100513,"曾理智,王珏,孙增圻","清华大学智能控制与技术国家实验室,清华大学智能控制与技术国家实验室 北京100085",team,基于视觉反馈和预测仿真的Internet机器人遥操作
100514,"张秋余,迟宁,刘晔","兰州理工大学计算机与通信学院,兰州理工大学计算机与通信学院 甘肃兰州730050",team,基于MVC的移动机器人网络控制系统
100515,"杨东鹤,刘喜昂","浙江理工大学信息电子学院,浙江科技学院信息与电子工程学院 浙江杭州310018,浙江杭州310023",team,智能移动机器人的超声避障研究
100516,"魏兰,李文锋,陈维克","武汉理工大学物流工程学院,武汉理工大学物流工程学院 湖北武汉430063",team,机器人控制软件的图形化编程系统设计
100517,"蔡京平,邓宏彬,贾云得","北京理工大学计算机科学技术学院计算机科学工程系,北京理工大学计算机科学技术学院计算机科学工程系 北京100081",team,基于星球机器人分布计算系统的原子组播协议
100518,"冯建周,王晓寰,孔令富","燕山大学信息科学与工程学院,燕山大学信息科学与工程学院 河北秦皇岛066004",team,机器人视觉三维重建网格门户的研究与开发
100519,柯文德,茂名学院计算机系 广东茂名525000,team,足球机器人混合分层控制体系结构
100520,"柯文德,李家兰","茂名学院计算机系,茂名学院计算机系 广东茂名525000",team,未知环境下多机器人搜捕策略研究
100521,"姜健,赵杰,臧希喆","哈尔滨工业大学机器人研究所,哈尔滨工业大学机器人研究所 黑龙江哈尔滨150001",team,基于并列选择遗传算法的多机器人协作探测
100522,"王萌,王晓荣,李春贵,张增芳","广西工学院计算机工程系,广西工学院计算机工程系 广西柳州545006",team,改进人工势场法的移动机器人路径规划研究
100523,"王清阳,王征","华南理工大学自动化学院自动化与网络工程系,中国科学院沈阳自动化研究所 广州广东510640,沈阳辽宁110016",team,使用补偿策略的机器人遥操作系统的控制研究
100524,"邬大为,阮毅,任志斌","上海大学机电工程与自动化学院,上海大学机电工程与自动化学院 上海200072",team,基于产生式系统和轨迹优化的巡线机器人控制
100525,"吴伟华,刘一松","江苏大学计算机科学与通信工程学院,江苏大学计算机科学与通信工程学院 江苏镇江212013",team,基于流演算和FLUX的办公室机器人控制
100526,"张巧荣,李淑红","河南财经学院信息学院,河南财经学院信息学院 河南郑州450002",team,基于改进粒子群算法的机器人路径规划方法
100527,"杨佳,黄玉清,陈小宁","西南科技大学信息工程学院,西南科技大学信息工程学院 四川绵阳621010",team,基于区域生长的机器人路标识别方法研究
100528,"周军,邵世煌,陈盛","东华大学信息科学与技术学院,河海大学机电工程学院",team,基于对方信息的足球机器人攻防策略研究与设计
100529,"柯文德,彭志平",茂名学院计算机系,team,基于时间最短的足球机器人进攻路径规划
100530,"张学习,杨宜民,李怀俊,曹志广,梅雪竹","广东工业大学自动化学院,广东交通职业技术学院",team,基于DSPs的足球机器人控制系统的设计
100531,"师黎,邵国",郑州大学电气工程学院,team,改进遗传算法用于移动机器人路径规划
100532,"刘国海,朱珠",江苏大学电气信息工程学院,team,图像处理技术在超高压巡检机器人视觉系统中的应用研究
100533,"阮力,李小坚",北方工业大学机电工程学院,team,自主移动机器人踢球机构设计与射门策略研究
100534,"肖乐,殷晨波,郑冬华","常熟理工学院计算机科学与工程学院,南京工业大学机械与动力工程学院",team,仿人机器人上下楼梯稳定行走控制策略
100535,"冯元华,王思华,柳宁,王高",暨南大学电子工程系,team,机器视觉技术在博弈智能机器人设计中的应用
100536,"陈花,张远平,林强",兰州理工大学计算机与通信学院,team,受限移动机器人构建地图的最优探测法
100537,"宁建华,俞辉,赵英凯",南京工业大学自动化学院,team,多智能体足球机器人策略研究
100538,"朱俊宏,孙泽昌",同济大学中德学院,team,基于建模和仿真的提高机器人加工精度的方法
100539,"李玮燕,张赟,陈进军,能昌信,董路","贵州大学电工学院,中国环境科学研究院,中国矿业大学(北京)机电学院",team,渗滤液导排管道检测机器人的研究
100540,"赵静,陈一民",上海大学计算机工程与科学学院,team,基于双目视觉移动机器人的路径规划和避障研究
100541,郭小勤,深圳大学机电与控制工程学院,team,未知环境下移动机器人遍历路径规划
100542,"李广丽,张红斌,刘觉夫","华东交通大学软件学院,华东交通大学信息工程学院",team,分布式网络机器人的设计与实现
100543,"黄志辉,武秀媛,吴向葵,李刚卿","中南大学,南车集团四方机车车辆股份公司",team,大型点焊机器人特种作业程序镜像修正技术研究
100544,"孟蕊,苏维均,连晓峰",北京工商大学计算机与信息工程学院,team,基于动态模糊人工势场法的移动机器人路径规划
100545,"陈杜勇,肖南峰",华南理工大学计算机科学与工程学院,team,仿人机器人两步步态规划算法研究
100546,"刘洋,肖南峰",华南理工大学计算机科学与工程学院,team,基于视频反馈和实时仿真的机器人远程控制系统
100547,"赵颖,孙群,张民","聊城大学汽车与交通工程学院,聊城大学计算机学院",team,农业自主行走机器人视觉导航技术研究
100548,"杨少平,陈雄,孔庆生",复旦大学电子工程系,team,采用全景相机的移动机器人视觉伺服
100549,"徐英欣,黄斌",桂林空军学院雷达火控教研室,team,情感语音识别技术在军用智能机器人中的应用
100550,"陈伟,陈一民,汪地,陈明","上海大学计算机工程与科学学院,上海大学机械与自动化学院",team,机器人虚拟仿真及控制技术研究
100551,"魏武,朱红山",华南理工大学自动化科学与工程学院,team,蛇形机器人在缆索检测中螺旋滚动步态的研究
100552,"陈开,阳诚海,许华虎,何永义","上海大学计算机工程与科学学院,上海上大海润信息系统有限公司,上海大学机电工程与自动化学院",team,沪语语音识别研究及在家居机器人中的应用
100553,"罗乾又,张华,王姮,解兴哲",西南科技大学机器人技术及应用四川省重点实验室,team,改进人工势场法在机器人路径规划中的应用
100554,"钟珊,刘一松,常晋义","常熟理工学院计算机科学与工程学院,江苏大学计算机科学与通信工程学院",team,BSCRP网:机器人规划的赋时有色网实现方法
100555,"刘钰,周川,张燕,徐云龙","金陵科技学院信息技术学院,南京理工大学自动化学院",team,基于RBF神经网络的轮式移动机器人轨迹跟踪控制
100556,"魏武,张占",华南理工大学自动化科学与工程学院,team,桥梁缆索检测蛇形机器人攀爬运动分析与实现
100557,"蒋湘军,魏武",华南理工大学自动化科学与工程学院,team,基于形态学的蛇形机器人运动步态算法研究
100558,"谢丽君,文翰,肖南峰","华南理工大学计算机科学与工程学院,佛山大学理学院",team,家庭服务机器人情感计算模型的研究
100559,刘付民,河南理工大学计算机科学与技术学院,team,基于路径预测的机器人足球路径规划
100560,"武善玉,张平,李方",华南理工大学计算机科学与工程学院,team,基于SOA的机器人物流系统架构研究
100561,"汤文俊,张国良,敬斌",第二炮兵工程学院三系,team,移动机器人FastSLAM算法的对比研究
100562,"余阳,林明,林永才","江苏科技大学电子与信息学院,江苏合丰机械有限公司",team,基于混合遗传算法的工业机器人最优轨迹规划
100563,梁家海,钦州学院数学与计算机科学学院,team,机器人在已知三维自然环境中的路径规划算法
100564,"刘振宇,朱海波,邹凤山,赵彬","沈阳工业大学信息科学与工程学院,新松机器人自动化股份有限公司",team,基于OpenGL的工业机器人分拣系统仿真
100565,"薛白,段锁林,邹凌",常州大学机器人研究所,team,考虑径向畸变的机器人视觉系统的参数标定
100566,"魏武,戴伟力",华南理工大学自动化科学与工程学院,team,基于Adams的六足爬壁机器人的步态规划与仿真
100567,"刘冬,闵华松,杨杰",武汉科技大学 冶金自动化及检测技术教育部工程研究中心,team,基于EtherCAT的机器人控制总线方案研究
100568,"叶锦华,郑炳坤,李迪,叶峰",华南理工大学机械与汽车工程学院,team,移动机器人动力学控制半物理仿真研究
100569,"李剑平,陈玮,陈树斌",广东工业大学自动化学院,team,改进的进化算法于服务机器人仿真赛中的应用
100570,"彭聿松,佃松宜,刘涛,吴璋,宋俊霖",四川大学电气信息学院,team,电缆管道巡检机器人嵌入式系统的设计与实现
100571,"邹腾跃,唐小琦,宋宝,陈吉红",华中科技大学国家数控系统工程技术研究中心,team,基于显著性检测的自适应机器人拣选系统
100572,"姚冬冬,闵华松","武汉科技大学冶金自动化与检测技术教育部工程研究中心,武汉科技大学计算机科学与技术学院",team,三轮全向移动机器人的研究与设计
100573,"周霞,何建忠,王宝磊",上海理工大学光电信息与计算机工程学院,team,多传感器信息融合伺服的移动机器人快速跟随
100574,"王晟,闵华松,陈友东","武汉科技大学计算机科学与技术学院,北京航空航天大学机械工程及自动化学院",team,使用QT构建的码垛机器人离线编程仿真系统
100575,"吴俊君,胡国生","广东食品药品职业学院基础部,华南理工大学机械与汽车工程学院",team,室外环境下移动机器人视觉SLAM算法改进
100576,"黎萍,朱军燕,杨宜民","电子科技大学中山学院,中山出入境检验检疫局技术中心,广东工业大学自动化学院",team,多机器人系统任务分配效用评价算法
100577,"艾菲,宋晖",西南科技大学计算机学院,team,基于动态AVL树的巡检机器人事件响应算法
100578,"李波,赵怀慈,孙士洁,花海洋","中国科学院沈阳自动化研究所,中国科学院大学,中国科学院光电信息处理重点实验室,辽宁省图像理解与视觉计算重点实验室",team,空间机器人遥操作预测仿真系统研究
100579,"韩家新,刘彦伯,张旭华,杨盛",西安石油大学计算机学院,team,改进的足球机器人直冲射门算法
100580,"李瑞峰,冀龙涛",哈尔滨工业大学机器人技术与系统国家重点实验室,team,基于Android手机的家用机器人控制技术研究
100581,"罗洋,李奇敏,温皓宇","重庆大学机械工程学院,北京汽车动力总成有限公司",team,轮腿式机器人控制系统及姿态算法设计与实验
100582,"邵雪松,黄奇峰,蔡奇新,刘建,王伟","江苏省电力公司电力科学研究院,中国科学院自动化研究所",team,四足机器人节律柔顺行走控制
100583,"张琴丽,吴怀宇,陈洋",武汉科技大学信息科学与工程学院,team,未知环境下基于椭圆约束的机器人路径规划
100584,"王琨,骆敏舟,曹毅,李可,张秋菊","江南大学江苏省食品先进制造装备技术重点实验室,江南大学机械工程学院,中国科学技术大学信息科学技术学院",team,基于执行时间约束的机器人关节空间轨迹优化
100585,"连晓峰,郭卫平,廉小亲,苏中,赵旭","北京工商大学计算机与信息工程学院,北京信息科技大学高动态导航技术北京市重点实验室",team,基于遗传算法的蛇形机器人CPG模型参数优化
100586,"石琪琦,庄杰,黄炜,张佳东,左轩尘","电子科技大学通信与信息工程学院,国网成都供电公司",team,基于姿态识别的机器人人机交互系统设计
100587,"王超杰,苏中,连晓峰,赵旭","北京信息科技大学高动态导航技术北京市重点实验室,北京工商大学计算机与信息工程学院,北京理工大学自动化学院",team,搜救环境中的仿生蛇形机器人SLAM方法
100588,"闫林林,徐方,贾凯,邹风山","中国科学院沈阳自动化研究所机器人学国家重点实验室,中国科学院大学,沈阳新松机器人自动化有限公司",team,Delta机器人运动控制及图形轨迹的动态仿真
100589,"温素芳,郭光耀","内蒙古工业大学电力学院,鄂尔多斯市源盛光电有限责任公司",team,基于改进人工势场法的移动机器人路径规划
100590,"李月,高峻峣,赵靖超,刘轶",北京理工大学机电学院,team,基于有限资源的微小型多机器人协同避障策略
100591,"左轩尘,韩亮亮,庄杰,石琪琦,黄炜","电子科技大学通信与信息工程学院,上海宇航系统工程研究所",team,基于ROS的空间机器人人机交互系统设计
100592,"王佳佳,马磊,韩晓霞,徐智豪","西南交通大学电气工程学院,维尔茨堡大学计算机科学学院",team,基于输入输出反馈线性化的移动机器人混合编队控制
100593,"左韬,闵华松,张雄希",武汉科技大学信息科学与工程学院,team,基于实时以太网的机器人通信总线控制系统
100594,吴俊君,"广东食品药品职业学院软件学院,华南理工大学机械与汽车工程学院",team,移动机器人视觉候选闭环召回方法设计
100595,"杨丹,刘小平,胡凌燕",南昌大学信息工程学院,team,基于多传感器信息融合的机器人姿态测量系统
100596,"黄海卫,孔令成,谭治英","常州大学信息科学与工程学院,中国科学院合肥物质科学研究院,常州先进制造研究所",team,室内服务机器人实时目标识别与定位系统设计
100597,"王雪瑞,周岩",河南工程学院计算机学院,team,基于时变密度函数的多机器人覆盖控制
100598,"毛丽民,朱培逸,卢振利,彭伟伟","常熟理工学院电气与自动化工程学院,阿威罗大学电子和信息通信工程研究所",team,基于LabVIEW的五子棋机器人棋盘识别
100599,"郑伟勇,李艳玮",河南工程学院计算机学院,team,基于前馈-反馈的移动机器人轨迹跟踪控制
100600,"王旭辉,周岩",河南工程学院计算机学院,team,欠驱动柔性关节机器人的趋同控制策略
100601,"梁付新,刘洪彬,张福雷,常发亮",山东大学控制科学与工程学院,team,基于NAO机器人的目标识别方法
100602,"于振中,蔡楷倜",江南大学物联网工程学院,team,六轴工业机器人三维仿真系统
100603,"常天莉,黄浩晖,陈玮",广东工业大学自动化学院,team,基于粒子滤波的机器人主动定位算法
